id,first_name,last_name,email,gender,ip_address
1,Lindon,Letten,lletten0@nih.gov,Male,92.67.17.161
2,Carlotta,Dorward,cdorward1@umich.edu,Female,116.78.32.230
3,Dani,Anderson,danderson2@mail.ru,Male,97.79.189.143
4,Link,Moughtin,lmoughtin3@rakuten.co.jp,Male,160.30.12.103
5,Greg,Dericot,gdericot4@apple.com,Male,99.198.58.67
6,Shina,Pummell,spummell5@gov.uk,Female,175.210.195.117
7,Ashien,Herkess,aherkess6@wired.com,Agender,175.236.57.179
8,Garrik,Grelka,ggrelka7@google.it,Male,108.62.249.33
9,Vickie,Ary,vary8@utexas.edu,Female,13.88.85.82
10,Lenore,Formby,lformby9@yahoo.com,Female,247.201.236.163
11,Alexia,McAsgill,amcasgilla@trellian.com,Female,159.127.146.200
12,Lynne,Pallasch,lpallaschb@google.es,Polygender,22.67.41.25
13,Catharine,Fromant,cfromantc@miitbeian.gov.cn,Female,93.172.103.166
14,Hayyim,Idale,hidaled@ox.ac.uk,Male,244.74.1.16
15,Anthiathia,Jordan,ajordane@theglobeandmail.com,Female,49.35.175.60
16,Karney,Merwe,kmerwef@digg.com,Male,119.198.133.94
17,Ingmar,Dunbar,idunbarg@4shared.com,Polygender,122.80.162.170
18,Alexio,Yoselevitch,ayoselevitchh@accuweather.com,Male,142.141.131.215
19,Tommie,Blunden,tblundeni@twitter.com,Male,149.247.88.109
20,Trista,Casewell,tcasewellj@spotify.com,Female,37.240.2.144
21,Aube,Mayne,amaynek@senate.gov,Male,208.243.52.84
22,Jerry,Arundell,jarundelll@dagondesign.com,Female,249.238.136.123
23,Meggy,McGray,mmcgraym@deviantart.com,Female,109.193.184.136
24,Ruddie,Abarough,rabaroughn@cargocollective.com,Male,151.26.231.61
25,Tera,Aronovitz,taronovitzo@apache.org,Genderfluid,216.42.65.95
26,Garrot,Vaissiere,gvaissierep@auda.org.au,Non-binary,60.8.134.50
27,Newton,Botterill,nbotterillq@odnoklassniki.ru,Male,89.119.69.29
28,Trent,Yatman,tyatmanr@zdnet.com,Male,47.69.132.107
29,Kerrill,Gauch,kgauchs@arizona.edu,Female,19.65.3.29
30,Viv,Wanless,vwanlesst@reference.com,Female,8.75.48.122
31,Sukey,Jouanot,sjouanotu@aol.com,Female,75.111.240.14
32,Ruggiero,Yankishin,ryankishinv@pen.io,Male,154.99.41.236
33,Nicko,Brambley,nbrambleyw@lycos.com,Male,85.190.11.34
34,Alexandre,Castro,acastrox@mozilla.com,Male,101.126.17.89
35,Benn,Trodd,btroddy@google.com.hk,Male,197.37.60.214
36,Elwyn,Emnoney,eemnoneyz@acquirethisname.com,Male,58.208.85.10
37,Carmelita,Marquis,cmarquis10@webnode.com,Female,145.219.139.81
38,Giorgi,Jewer,gjewer11@mapy.cz,Male,122.5.6.217
39,Stanleigh,Bellham,sbellham12@forbes.com,Male,144.180.83.82
40,Charlean,Dockrell,cdockrell13@skype.com,Female,255.171.38.96
41,Chariot,Durham,cdurham14@hexun.com,Male,169.230.155.146
42,Skelly,Lascelles,slascelles15@wiley.com,Male,241.66.78.1
43,Laney,Ainscow,lainscow16@google.de,Bigender,155.44.225.108
44,Bartel,O'Canavan,bocanavan17@istockphoto.com,Male,49.110.59.212
45,Laurie,Lodevick,llodevick18@networkadvertising.org,Female,39.109.243.191
46,Ramonda,Kelston,rkelston19@people.com.cn,Non-binary,128.5.122.56
47,Chelsy,Adrienne,cadrienne1a@icq.com,Female,17.0.58.33
48,Catlaina,Walsom,cwalsom1b@hostgator.com,Female,88.207.17.86
49,Celestyn,Hegdonne,chegdonne1c@bbb.org,Female,142.91.110.8
50,Elana,Sample,esample1d@walmart.com,Female,133.247.105.100
51,Leyla,Bandey,lbandey1e@stanford.edu,Female,42.90.26.156
52,Mercy,Thuillier,mthuillier1f@nps.gov,Female,1.107.117.160
53,Taylor,Whayman,twhayman1g@springer.com,Male,252.215.248.159
54,Kirsti,Borrow,kborrow1h@harvard.edu,Female,219.130.106.28
55,Tannie,Cosins,tcosins1i@google.com.au,Male,211.248.230.10
56,Maximilien,Climar,mclimar1j@ebay.co.uk,Male,81.221.114.211
57,Judah,Kilrow,jkilrow1k@ibm.com,Male,184.252.109.5
58,Ole,Blankley,oblankley1l@is.gd,Male,80.35.52.70
59,Norton,Popworth,npopworth1m@instagram.com,Male,131.231.170.146
60,Raul,Vyel,rvyel1n@redcross.org,Male,163.29.34.8
61,Drusi,Arrault,darrault1o@myspace.com,Female,32.155.245.150
62,Trueman,Hackleton,thackleton1p@digg.com,Male,136.29.252.126
63,Arther,Choules,achoules1q@redcross.org,Non-binary,175.158.68.123
64,Tamera,Pury,tpury1r@livejournal.com,Female,135.138.228.255
65,Carolynn,Sowte,csowte1s@ehow.com,Female,211.232.27.19
66,Sophia,Elderidge,selderidge1t@desdev.cn,Female,49.146.20.62
67,Burr,Spottiswoode,bspottiswoode1u@tripod.com,Polygender,114.37.143.205
68,Pearl,Tebbett,ptebbett1v@reference.com,Polygender,25.211.225.148
69,Rikki,Mulberry,rmulberry1w@dailymotion.com,Male,81.180.16.102
70,Forster,Kasman,fkasman1x@wikispaces.com,Male,29.101.212.120
71,Dolf,Glaisner,dglaisner1y@dropbox.com,Male,111.73.222.207
72,Maris,Flanner,mflanner1z@jalbum.net,Female,131.213.254.181
73,Dori,Naulls,dnaulls20@newyorker.com,Female,3.254.120.86
74,Cynthia,Pincott,cpincott21@disqus.com,Female,213.139.173.88
75,Miller,Doni,mdoni22@reverbnation.com,Male,89.225.218.233
76,Martin,Benda,mbenda23@google.it,Genderqueer,31.146.82.7
77,Gustave,Brunn,gbrunn24@yandex.ru,Bigender,46.113.149.166
78,Antony,Banstead,abanstead25@ebay.co.uk,Male,108.61.86.75
79,Carol,de Broke,cdebroke26@w3.org,Female,37.60.127.117
80,Gaylord,Colebeck,gcolebeck27@gmpg.org,Male,206.28.168.205
81,Raymond,Aery,raery28@ycombinator.com,Male,151.234.236.166
82,Giana,Aaron,gaaron29@blinklist.com,Female,46.200.130.41
83,Dacia,Deville,ddeville2a@last.fm,Female,145.99.128.148
84,Robbert,Jacqueme,rjacqueme2b@google.it,Male,115.210.56.214
85,Mycah,Cromly,mcromly2c@devhub.com,Non-binary,123.43.114.179
86,Annissa,Wellstood,awellstood2d@reference.com,Female,30.83.33.114
87,Jasper,Boyne,jboyne2e@freewebs.com,Male,173.170.112.228
88,Dukey,Cessford,dcessford2f@angelfire.com,Male,211.143.125.176
89,Carlie,Baton,cbaton2g@businessweek.com,Male,123.173.210.86
90,Nancie,Cunio,ncunio2h@bloglines.com,Female,121.255.113.84
91,Peyter,Moggie,pmoggie2i@weather.com,Male,49.236.121.105
92,Westley,Jacquest,wjacquest2j@unicef.org,Male,64.124.178.127
93,Udell,Brack,ubrack2k@shinystat.com,Male,88.135.97.174
94,Aldin,Spaldin,aspaldin2l@dagondesign.com,Male,23.18.227.104
95,Frankie,Dei,fdei2m@domainmarket.com,Polygender,30.137.115.234
96,Muffin,Whittington,mwhittington2n@163.com,Male,240.216.130.127
97,Ailyn,Hatter,ahatter2o@sphinn.com,Female,235.249.209.113
98,Cody,Boss,cboss2p@ezinearticles.com,Male,49.208.251.28
99,Chas,O'Curneen,cocurneen2q@furl.net,Genderqueer,43.214.54.0
100,Kurtis,Petrov,kpetrov2r@tinyurl.com,Male,148.137.163.23
101,Muhammad,Maidlow,mmaidlow2s@tripod.com,Polygender,113.84.40.140
102,Joete,Pethybridge,jpethybridge2t@wsj.com,Female,89.157.8.103
103,Farlay,Quennell,fquennell2u@cam.ac.uk,Male,14.121.103.59
104,Hedy,Trood,htrood2v@xing.com,Female,188.123.95.67
105,Garvin,Simak,gsimak2w@alibaba.com,Non-binary,245.151.166.55
106,Germayne,Powling,gpowling2x@skype.com,Male,91.105.49.115
107,Rodrigo,Jacobs,rjacobs2y@spotify.com,Male,23.122.157.61
108,Olivie,Skepper,oskepper2z@elegantthemes.com,Genderqueer,218.35.168.144
109,Gerianne,Windrus,gwindrus30@histats.com,Female,181.129.168.63
110,Friederike,Fothergill,ffothergill31@baidu.com,Female,179.82.22.15
111,Myrna,O'Crevan,mocrevan32@bandcamp.com,Female,34.7.137.67
112,Craggy,Grimston,cgrimston33@addthis.com,Male,251.7.66.239
113,Sindee,Gauntley,sgauntley34@google.co.uk,Female,110.123.124.5
114,Vite,Readett,vreadett35@squarespace.com,Male,52.54.1.207
115,Jephthah,Sturt,jsturt36@google.ca,Male,172.178.183.63
116,Dwain,Deary,ddeary37@japanpost.jp,Male,1.37.55.135
117,Seumas,Redgate,sredgate38@reuters.com,Male,3.250.52.115
118,Vyky,Fryatt,vfryatt39@desdev.cn,Genderfluid,206.93.167.85
119,Rosetta,Goves,rgoves3a@hp.com,Female,175.39.89.168
120,Tobie,Goldup,tgoldup3b@google.de,Male,64.181.143.174
121,Rick,Hains,rhains3c@google.com,Male,133.21.142.198
122,Nye,Gallahue,ngallahue3d@g.co,Male,50.174.113.10
123,Kahaleel,Loosemore,kloosemore3e@bigcartel.com,Non-binary,78.38.244.180
124,Anders,Napolione,anapolione3f@sbwire.com,Male,117.247.98.122
125,Susette,Halliday,shalliday3g@craigslist.org,Female,110.2.70.25
126,Tersina,Blader,tblader3h@123-reg.co.uk,Female,56.8.219.65
127,Briney,Gorvin,bgorvin3i@indiegogo.com,Female,247.237.221.39
128,Addy,Deegin,adeegin3j@about.com,Male,41.148.26.27
129,Ragnar,Machel,rmachel3k@webs.com,Male,74.251.134.225
130,Brantley,Milroy,bmilroy3l@netscape.com,Male,228.197.187.255
131,Callida,Horsburgh,chorsburgh3m@acquirethisname.com,Female,185.249.219.110
132,Madalyn,Undrell,mundrell3n@biblegateway.com,Female,238.205.111.216
133,Coreen,McKendo,cmckendo3o@usgs.gov,Female,88.14.30.101
134,Angel,Pakes,apakes3p@google.fr,Male,93.16.214.132
135,Jazmin,Beyn,jbeyn3q@constantcontact.com,Female,142.117.237.202
136,Amber,Slyde,aslyde3r@shop-pro.jp,Female,198.18.93.159
137,Kora,Raiston,kraiston3s@cnbc.com,Female,108.54.104.192
138,Erena,Kraut,ekraut3t@china.com.cn,Female,171.227.210.191
139,Sheffie,Dorkin,sdorkin3u@telegraph.co.uk,Male,167.15.76.46
140,Livvyy,Watting,lwatting3v@360.cn,Female,232.163.184.105
141,Lynde,Vettore,lvettore3w@sitemeter.com,Female,219.145.217.202
142,Marquita,Mayell,mmayell3x@canalblog.com,Female,214.152.97.204
143,Hazel,Paton,hpaton3y@stumbleupon.com,Female,12.108.231.116
144,Elvina,Northcott,enorthcott3z@guardian.co.uk,Female,17.215.223.178
145,Marty,Tace,mtace40@imgur.com,Male,177.169.23.173
146,Rozalie,Thoday,rthoday41@yale.edu,Female,181.140.11.177
147,Mart,Grigoryov,mgrigoryov42@desdev.cn,Bigender,239.233.243.238
148,Dory,Fawbert,dfawbert43@weather.com,Genderfluid,99.160.232.135
149,Mitchael,Stothard,mstothard44@un.org,Male,90.249.8.253
150,Moise,Schole,mschole45@va.gov,Male,150.202.251.68
151,Conrade,Buller,cbuller46@unblog.fr,Male,130.48.114.166
152,Terry,McCaig,tmccaig47@google.co.jp,Male,55.147.142.108
153,Gabey,Fickling,gfickling48@tripadvisor.com,Female,42.244.212.154
154,Linet,Kayser,lkayser49@scribd.com,Female,32.136.66.51
155,Durand,Stapforth,dstapforth4a@exblog.jp,Male,85.47.93.63
156,Karoly,Sarginson,ksarginson4b@spotify.com,Male,181.191.226.233
157,Johna,Sandercock,jsandercock4c@w3.org,Female,113.208.127.95
158,Dukie,Hinckley,dhinckley4d@si.edu,Male,101.72.159.235
159,Freemon,McShane,fmcshane4e@cornell.edu,Male,130.73.221.233
160,Jamesy,Freak,jfreak4f@youku.com,Male,102.243.89.59
161,Reynold,Strettle,rstrettle4g@amazonaws.com,Male,178.56.31.153
162,Fiorenze,Puttick,fputtick4h@marriott.com,Female,74.98.144.238
163,Adeline,Hickin,ahickin4i@ucsd.edu,Genderfluid,163.11.135.125
164,Oneida,Wadeson,owadeson4j@tmall.com,Female,192.82.231.219
165,Boony,Dollar,bdollar4k@free.fr,Male,119.104.199.67
166,Marv,Jakoviljevic,mjakoviljevic4l@cisco.com,Male,95.68.5.160
167,Josepha,Hutchason,jhutchason4m@sogou.com,Genderfluid,131.222.207.100
168,Garrek,Attlee,gattlee4n@shinystat.com,Male,166.13.95.171
169,Goldi,Cortes,gcortes4o@miibeian.gov.cn,Genderqueer,7.102.48.209
170,Arch,Grassot,agrassot4p@google.it,Male,94.68.75.86
171,Ad,Wolfendell,awolfendell4q@networksolutions.com,Male,109.226.126.250
172,Brendin,McLay,bmclay4r@alexa.com,Bigender,172.47.63.213
173,Aldo,Championnet,achampionnet4s@g.co,Genderqueer,18.168.81.10
174,Antonella,Percival,apercival4t@usatoday.com,Female,35.170.64.36
175,Allan,Cavill,acavill4u@last.fm,Male,12.206.88.97
176,Doreen,Garza,dgarza4v@home.pl,Female,205.24.206.63
177,Nissy,Florio,nflorio4w@is.gd,Female,134.227.28.151
178,Hurley,Finneran,hfinneran4x@exblog.jp,Male,181.115.33.9
179,Micheal,Volkers,mvolkers4y@nymag.com,Polygender,92.224.157.11
180,Johna,Brownsword,jbrownsword4z@globo.com,Female,166.110.183.24
181,Margaretta,Addey,maddey50@printfriendly.com,Female,26.142.135.94
182,Eveline,Mcasparan,emcasparan51@skyrock.com,Female,229.116.29.149
183,Larina,Sporle,lsporle52@nytimes.com,Female,186.48.205.57
184,Ab,Pervoe,apervoe53@youtu.be,Male,24.86.92.138
185,Brewer,Brayshay,bbrayshay54@indiatimes.com,Male,185.195.144.62
186,Davy,Skilling,dskilling55@ustream.tv,Male,130.151.102.81
187,Olenolin,Stockford,ostockford56@t-online.de,Male,158.31.240.192
188,Cassie,Boyett,cboyett57@xrea.com,Male,179.173.169.175
189,Cordelia,Surridge,csurridge58@prweb.com,Female,99.109.207.32
190,Kristos,Tax,ktax59@huffingtonpost.com,Male,225.8.158.12
191,Cassy,Croxton,ccroxton5a@privacy.gov.au,Female,80.157.51.205
192,Aprilette,Switland,aswitland5b@desdev.cn,Female,42.35.177.1
193,Marjy,MacGinlay,mmacginlay5c@shutterfly.com,Female,40.94.197.242
194,Charlot,Girardot,cgirardot5d@msn.com,Female,193.160.176.35
195,Wright,Dovidian,wdovidian5e@un.org,Male,65.55.141.112
196,Madelyn,Pitt,mpitt5f@webnode.com,Female,186.163.69.104
197,Levon,Gronav,lgronav5g@dion.ne.jp,Male,171.161.8.3
198,Maisey,Hurndall,mhurndall5h@theglobeandmail.com,Female,82.141.221.210
199,Margy,Shemmans,mshemmans5i@google.es,Female,252.150.20.28
200,Venita,Kilminster,vkilminster5j@bloglovin.com,Female,227.3.191.158
201,Constantine,Durtnel,cdurtnel5k@networkadvertising.org,Female,5.101.62.147
202,Annabella,McQuaide,amcquaide5l@deliciousdays.com,Female,166.45.64.80
203,Mordecai,Phillcock,mphillcock5m@sohu.com,Male,31.145.44.159
204,Gayler,Duchant,gduchant5n@tuttocitta.it,Male,199.250.78.86
205,Pasquale,Ginnane,pginnane5o@live.com,Male,209.49.78.78
206,Wallache,Feare,wfeare5p@wikia.com,Male,74.240.198.182
207,Howard,Pontain,hpontain5q@shutterfly.com,Male,162.220.87.19
208,Allegra,Gormally,agormally5r@posterous.com,Female,73.53.133.95
209,Noelle,Sedgemond,nsedgemond5s@google.com.au,Female,40.43.241.152
210,Janella,Measham,jmeasham5t@cam.ac.uk,Genderfluid,75.11.173.65
211,Christean,MacIlwrick,cmacilwrick5u@who.int,Female,143.216.235.87
212,Demetris,Stukings,dstukings5v@salon.com,Female,235.184.118.176
213,Barclay,Currom,bcurrom5w@nhs.uk,Male,58.183.88.25
214,Davey,Atty,datty5x@mtv.com,Male,168.107.219.214
215,Zuzana,Wooffinden,zwooffinden5y@auda.org.au,Female,70.120.95.144
216,Gallagher,Flute,gflute5z@biblegateway.com,Male,187.186.197.107
217,Parke,Ioannidis,pioannidis60@themeforest.net,Male,8.240.40.16
218,Leticia,Manz,lmanz61@ucsd.edu,Female,203.136.178.182
219,Nathanil,Cecere,ncecere62@so-net.ne.jp,Male,189.63.137.172
220,Nedda,Medgewick,nmedgewick63@barnesandnoble.com,Female,162.101.226.165
221,L;urette,January 1st,ljanuaryst64@lycos.com,Female,56.59.75.160
222,Gloriane,Hulatt,ghulatt65@virginia.edu,Female,135.119.176.160
223,Halsy,Treble,htreble66@walmart.com,Male,176.210.221.22
224,Bobina,Mold,bmold67@phpbb.com,Female,232.103.53.75
225,Wylie,Brumpton,wbrumpton68@angelfire.com,Non-binary,131.255.235.67
226,Drud,O'Deoran,dodeoran69@shutterfly.com,Male,105.170.58.228
227,Hillery,Featherstonhaugh,hfeatherstonhaugh6a@arizona.edu,Male,3.226.218.91
228,Kori,Challis,kchallis6b@pcworld.com,Female,180.229.38.138
229,Evyn,Instock,einstock6c@joomla.org,Male,209.6.132.37
230,Hillary,Stokes,hstokes6d@squarespace.com,Male,116.223.219.19
231,Tommy,Godden,tgodden6e@moonfruit.com,Male,155.72.217.19
232,Quill,Sebastian,qsebastian6f@google.ca,Male,45.81.187.121
233,Anette,Jedrzejewski,ajedrzejewski6g@cbc.ca,Female,240.81.34.107
234,Derry,Efford,defford6h@w3.org,Male,63.155.229.246
235,Dori,Alben,dalben6i@flavors.me,Non-binary,130.197.66.49
236,Miltie,Franzonello,mfranzonello6j@berkeley.edu,Male,127.151.180.214
237,Shurlocke,Sacchetti,ssacchetti6k@goo.gl,Male,35.108.93.136
238,Carissa,Waldron,cwaldron6l@cargocollective.com,Female,3.140.72.27
239,Horatia,Paolini,hpaolini6m@cnbc.com,Genderqueer,197.6.221.196
240,Garrett,Wein,gwein6n@desdev.cn,Male,20.63.13.166
241,Nat,Cope,ncope6o@friendfeed.com,Male,174.110.11.241
242,Nelson,Sandells,nsandells6p@comcast.net,Male,75.83.18.115
243,Consuela,Bayless,cbayless6q@tmall.com,Polygender,51.124.249.47
244,Mada,Outlaw,moutlaw6r@rakuten.co.jp,Female,238.24.228.72
245,Karlie,Rispen,krispen6s@mysql.com,Female,95.118.89.61
246,Tab,Grog,tgrog6t@elegantthemes.com,Male,242.34.11.189
247,Marylee,Applewhite,mapplewhite6u@blogspot.com,Female,161.156.48.189
248,Keir,Klasen,kklasen6v@vkontakte.ru,Agender,138.142.30.119
249,Clarey,Gibb,cgibb6w@irs.gov,Female,240.4.227.126
250,Melisenda,Dowgill,mdowgill6x@google.com.au,Female,95.23.111.84
251,Emmalee,Stapels,estapels6y@ameblo.jp,Female,206.223.30.216
252,Bay,Tembey,btembey6z@ycombinator.com,Male,203.119.119.149
253,Sacha,Kordt,skordt70@google.com.br,Female,133.138.208.77
254,Cristabel,Leiden,cleiden71@cbslocal.com,Female,230.163.32.162
255,Brit,Kilalea,bkilalea72@list-manage.com,Female,181.238.100.171
256,Park,Mercik,pmercik73@nyu.edu,Male,208.128.11.161
257,Krystle,Hardi,khardi74@nationalgeographic.com,Female,103.9.240.117
258,Nathanael,Booeln,nbooeln75@msu.edu,Male,143.202.166.179
259,Pascale,Abbis,pabbis76@umn.edu,Male,30.165.29.39
260,Marlo,Reasce,mreasce77@w3.org,Male,221.218.88.26
261,Doralyn,Ladell,dladell78@blinklist.com,Female,67.4.238.214
262,Hieronymus,Jado,hjado79@over-blog.com,Male,44.56.157.139
263,Yettie,Bartley,ybartley7a@rediff.com,Female,147.152.216.22
264,Gerrie,Thow,gthow7b@pinterest.com,Female,104.100.12.225
265,Ardenia,Hargate,ahargate7c@usa.gov,Female,181.253.212.70
266,Kirby,Keiley,kkeiley7d@jalbum.net,Male,103.55.99.62
267,Gonzales,Drews,gdrews7e@google.de,Male,43.167.180.21
268,Shaun,Kiendl,skiendl7f@yahoo.co.jp,Male,236.226.157.52
269,Ardelis,Goggen,agoggen7g@irs.gov,Female,16.142.18.240
270,Rickard,Biddlestone,rbiddlestone7h@over-blog.com,Male,101.0.249.109
271,Edd,Smalcombe,esmalcombe7i@wordpress.com,Male,24.162.122.236
272,Saundra,Kitchingman,skitchingman7j@i2i.jp,Male,128.3.168.123
273,Allyn,Hargreaves,ahargreaves7k@squidoo.com,Male,100.170.175.215
274,Redd,Hrishchenko,rhrishchenko7l@elegantthemes.com,Male,205.38.88.140
275,Tate,Gueinn,tgueinn7m@pen.io,Female,106.201.50.95
276,Guthry,Cadlock,gcadlock7n@sciencedirect.com,Bigender,179.115.151.5
277,Gratia,Kruger,gkruger7o@uol.com.br,Female,76.102.91.60
278,Job,Erasmus,jerasmus7p@fotki.com,Male,8.161.132.157
279,Chic,Emmot,cemmot7q@discovery.com,Male,96.60.119.101
280,Nate,Atlay,natlay7r@unc.edu,Male,223.34.31.176
281,Lind,Nossent,lnossent7s@arstechnica.com,Female,115.219.154.180
282,Coleen,Cheves,ccheves7t@hc360.com,Female,44.9.67.116
283,Richie,Flanders,rflanders7u@drupal.org,Male,27.24.118.173
284,Ulrikaumeko,Cobbold,ucobbold7v@nps.gov,Genderfluid,121.196.236.226
285,Cchaddie,Collopy,ccollopy7w@yandex.ru,Male,141.231.88.55
286,Karel,Pendry,kpendry7x@youtu.be,Male,6.213.17.19
287,Valli,Atwel,vatwel7y@dion.ne.jp,Female,197.183.152.177
288,Oona,Biasini,obiasini7z@scientificamerican.com,Bigender,39.157.144.164
289,Mercedes,Pretty,mpretty80@va.gov,Genderfluid,162.167.159.161
290,Corny,Boneham,cboneham81@i2i.jp,Male,34.31.90.190
291,Blaine,Dukes,bdukes82@zimbio.com,Male,208.203.176.104
292,Jared,Naile,jnaile83@loc.gov,Male,179.45.61.195
293,Jojo,Harness,jharness84@1und1.de,Female,134.212.104.12
294,Marten,Westmoreland,mwestmoreland85@over-blog.com,Genderfluid,82.47.2.7
295,Phyllida,Gyurko,pgyurko86@e-recht24.de,Female,104.124.213.98
296,Ninette,Miko,nmiko87@salon.com,Female,88.23.15.107
297,Aurie,McCann,amccann88@skype.com,Female,176.208.108.168
298,Zandra,Jennery,zjennery89@rakuten.co.jp,Female,220.47.49.65
299,Udall,Pfeifer,upfeifer8a@t-online.de,Male,64.109.201.17
300,Donia,Brunicke,dbrunicke8b@disqus.com,Female,84.141.65.248
301,Kingsley,Newiss,knewiss8c@wix.com,Male,154.77.223.174
302,Red,Dedham,rdedham8d@foxnews.com,Male,7.166.83.249
303,Marjory,Tricker,mtricker8e@stanford.edu,Female,90.171.116.198
304,Clerkclaude,Gamwell,cgamwell8f@wunderground.com,Bigender,93.225.154.249
305,Philbert,Ollis,pollis8g@google.com.hk,Male,178.77.163.248
306,Miran,Disman,mdisman8h@upenn.edu,Female,176.16.137.195
307,Benedicto,McCreath,bmccreath8i@hatena.ne.jp,Genderqueer,169.92.222.164
308,Jeannine,Chominski,jchominski8j@surveymonkey.com,Female,189.172.185.165
309,Gay,Will,gwill8k@imdb.com,Male,165.149.137.49
310,Artair,Mattingly,amattingly8l@elpais.com,Male,120.219.91.104
311,Twila,Spinnace,tspinnace8m@eepurl.com,Female,5.65.166.119
312,Francklyn,Mahmood,fmahmood8n@ca.gov,Male,252.72.201.55
313,Lorie,Mossop,lmossop8o@opera.com,Female,98.28.122.209
314,Karol,Stonhard,kstonhard8p@studiopress.com,Female,223.30.142.109
315,Kira,Galgey,kgalgey8q@nasa.gov,Female,4.138.241.103
316,Bernelle,Aberkirder,baberkirder8r@noaa.gov,Female,143.172.225.50
317,Nicolais,Miguet,nmiguet8s@tmall.com,Male,68.219.247.183
318,Gav,Burkinshaw,gburkinshaw8t@blinklist.com,Male,152.126.102.80
319,Creighton,Donnachie,cdonnachie8u@feedburner.com,Male,243.217.10.24
320,Roderick,Madine,rmadine8v@vimeo.com,Genderqueer,62.159.113.233
321,Raynor,Evison,revison8w@elegantthemes.com,Male,83.128.18.30
322,Allistir,Pashler,apashler8x@samsung.com,Male,196.20.180.45
323,Gasper,Hadwin,ghadwin8y@ihg.com,Male,82.118.109.180
324,Koenraad,Fullstone,kfullstone8z@irs.gov,Male,19.213.248.218
325,Oralla,Fain,ofain90@lulu.com,Female,170.190.193.168
326,Veronica,Bertolaccini,vbertolaccini91@go.com,Agender,253.211.21.65
327,Rutledge,Bane,rbane92@baidu.com,Male,16.134.47.103
328,Idalina,Holsey,iholsey93@mapquest.com,Female,18.144.99.137
329,Benny,Garrique,bgarrique94@sakura.ne.jp,Female,186.214.102.82
330,Fields,Bestall,fbestall95@csmonitor.com,Male,5.155.87.106
331,Palm,Udie,pudie96@nydailynews.com,Male,114.169.253.125
332,Terrijo,Wyche,twyche97@behance.net,Non-binary,166.234.156.10
333,Melvyn,Berendsen,mberendsen98@xrea.com,Male,64.195.80.95
334,Guinevere,Limb,glimb99@seattletimes.com,Female,109.99.22.136
335,Toiboid,Sibbering,tsibbering9a@amazonaws.com,Male,7.156.56.140
336,Giovanni,Eefting,geefting9b@wisc.edu,Male,1.151.11.202
337,Saul,Blay,sblay9c@cbc.ca,Male,116.226.51.144
338,Lazaro,Medlen,lmedlen9d@skyrock.com,Male,159.118.48.82
339,Electra,Bulfoot,ebulfoot9e@imdb.com,Female,155.107.119.126
340,Tally,Pehrsson,tpehrsson9f@netvibes.com,Male,65.167.51.42
341,Teirtza,Glauber,tglauber9g@dailymotion.com,Female,211.63.106.243
342,Evita,Haliday,ehaliday9h@drupal.org,Bigender,154.22.125.28
343,Katerine,Pool,kpool9i@shop-pro.jp,Female,38.66.215.19
344,Humbert,Coller,hcoller9j@1und1.de,Male,143.104.19.0
345,Arlen,Kent,akent9k@pagesperso-orange.fr,Bigender,45.18.7.220
346,Lyndsey,Haggie,lhaggie9l@nature.com,Female,174.34.172.52
347,Laryssa,Sidwell,lsidwell9m@jimdo.com,Female,5.199.22.128
348,Jermaine,MacCaughen,jmaccaughen9n@symantec.com,Female,221.190.239.156
349,Amelia,Vickerstaff,avickerstaff9o@amazon.co.uk,Female,240.191.207.61
350,Orland,McGougan,omcgougan9p@tuttocitta.it,Male,145.189.197.179
351,Darrin,Hampton,dhampton9q@omniture.com,Male,171.186.207.155
352,Myrtie,Swannie,mswannie9r@pcworld.com,Female,38.34.94.50
353,Tabatha,Zeale,tzeale9s@360.cn,Female,28.42.38.202
354,Angelico,Coode,acoode9t@cafepress.com,Male,144.186.127.105
355,Rosco,Legion,rlegion9u@arizona.edu,Male,69.64.228.102
356,Orrin,Hawton,ohawton9v@tinyurl.com,Male,39.39.65.64
357,Reube,Jorge,rjorge9w@nsw.gov.au,Male,222.209.110.249
358,Blanch,Kunath,bkunath9x@gnu.org,Female,63.205.168.177
359,Janenna,Ivimey,jivimey9y@prlog.org,Female,37.23.33.90
360,Avictor,Westmerland,awestmerland9z@deliciousdays.com,Male,163.134.250.6
361,Zebadiah,Maidlow,zmaidlowa0@theglobeandmail.com,Male,208.65.6.234
362,Tandie,Rentz,trentza1@tripod.com,Female,13.182.90.164
363,Emmanuel,Sulley,esulleya2@multiply.com,Bigender,6.216.221.106
364,Harley,Bernardoux,hbernardouxa3@princeton.edu,Female,47.244.233.75
365,Ted,Linthead,tlintheada4@jugem.jp,Male,194.158.60.43
366,Marguerite,Iacobini,miacobinia5@stumbleupon.com,Female,242.44.1.198
367,Libbi,Kynoch,lkynocha6@china.com.cn,Female,146.206.51.141
368,Kylynn,Itzchaky,kitzchakya7@omniture.com,Female,235.111.34.103
369,Cello,Clewlow,cclewlowa8@stumbleupon.com,Male,124.181.170.192
370,Ida,Stilldale,istilldalea9@samsung.com,Female,39.130.175.12
371,Gerry,Erratt,gerrattaa@so-net.ne.jp,Male,111.230.19.26
372,Reamonn,Woodus,rwoodusab@dell.com,Male,147.105.197.83
373,Georges,Stutt,gstuttac@tuttocitta.it,Male,107.209.255.215
374,Benton,Teers,bteersad@utexas.edu,Male,187.115.13.58
375,Foster,Twyning,ftwyningae@hp.com,Male,78.96.24.144
376,Dougy,Kaplan,dkaplanaf@gnu.org,Male,119.146.11.174
377,Sander,Ten Broek,stenbroekag@google.co.uk,Male,76.136.22.218
378,Winn,Sharper,wsharperah@phpbb.com,Male,32.230.120.72
379,Violet,Vouls,vvoulsai@china.com.cn,Female,141.246.196.248
380,Karim,Lockier,klockieraj@nba.com,Male,190.228.59.48
381,Della,McCart,dmccartak@yelp.com,Polygender,25.124.57.223
382,Fifi,Yurygyn,fyurygynal@foxnews.com,Female,27.89.138.98
383,Eustace,Wasmuth,ewasmutham@buzzfeed.com,Male,236.2.86.197
384,Ashli,Archdeacon,aarchdeaconan@ocn.ne.jp,Female,83.60.155.159
385,Milicent,Arnoud,marnoudao@nsw.gov.au,Genderfluid,160.12.88.22
386,Trevor,Piola,tpiolaap@gizmodo.com,Male,117.63.111.234
387,Lyell,Jacquemet,ljacquemetaq@dagondesign.com,Male,139.157.3.76
388,Zora,Essame,zessamear@addtoany.com,Female,159.241.250.174
389,Larissa,Pettendrich,lpettendrichas@wikimedia.org,Female,157.227.116.116
390,Misha,Lindenblatt,mlindenblattat@hatena.ne.jp,Female,141.174.136.70
391,Vonni,Bonifazio,vbonifazioau@ed.gov,Polygender,194.145.87.209
392,Abbi,Abramovic,aabramovicav@ox.ac.uk,Female,13.66.131.203
393,Jeffrey,Whibley,jwhibleyaw@umich.edu,Male,112.24.42.192
394,Susette,Breston,sbrestonax@sbwire.com,Female,20.192.143.88
395,Finn,Francomb,ffrancombay@t-online.de,Male,14.77.160.95
396,Phelia,Rycroft,prycroftaz@sitemeter.com,Female,196.60.44.8
397,Mill,Southwick,msouthwickb0@wired.com,Male,148.108.150.165
398,Fergus,Scrooby,fscroobyb1@washingtonpost.com,Male,28.178.47.252
399,Shermy,Jiles,sjilesb2@ustream.tv,Male,99.20.129.147
400,Ned,Burd,nburdb3@altervista.org,Male,133.148.19.224
401,Nicolis,Ketchaside,nketchasideb4@youtu.be,Male,192.132.112.99
402,Ericka,Whorf,ewhorfb5@a8.net,Polygender,232.147.5.212
403,Georgena,Theuff,gtheuffb6@yellowpages.com,Female,185.136.36.249
404,Colin,Stawell,cstawellb7@independent.co.uk,Male,180.4.114.209
405,Wendi,Josefson,wjosefsonb8@furl.net,Female,22.59.61.168
406,Lowe,Hardwell,lhardwellb9@google.co.jp,Male,160.216.53.35
407,Angeline,Turpin,aturpinba@sphinn.com,Female,49.37.85.40
408,Delphine,Chestnut,dchestnutbb@etsy.com,Female,69.198.188.171
409,Zena,Skully,zskullybc@usnews.com,Female,38.31.172.139
410,Lindsey,Luxmoore,lluxmoorebd@pinterest.com,Male,228.61.214.247
411,Gal,Bremond,gbremondbe@nymag.com,Male,40.226.253.19
412,Flint,Snowling,fsnowlingbf@php.net,Male,35.140.166.156
413,Chrissy,Naisby,cnaisbybg@craigslist.org,Female,125.97.143.11
414,Bogey,Crosston,bcrosstonbh@joomla.org,Male,72.1.223.212
415,Randolf,Philipps,rphilippsbi@skype.com,Male,90.164.131.112
416,Luci,Venditti,lvendittibj@sfgate.com,Female,207.98.248.26
417,Lorin,McElane,lmcelanebk@constantcontact.com,Male,116.215.232.232
418,Bennie,Bartolomeu,bbartolomeubl@over-blog.com,Female,61.129.134.136
419,Aryn,Kingswood,akingswoodbm@msn.com,Female,194.49.201.98
420,Florance,Taylor,ftaylorbn@ehow.com,Female,198.106.202.79
421,Binky,Bermingham,bberminghambo@trellian.com,Male,147.11.220.211
422,Jolene,Hocking,jhockingbp@zimbio.com,Female,136.37.146.109
423,Keefe,Persence,kpersencebq@php.net,Male,223.165.186.18
424,Glyn,Dreher,gdreherbr@wunderground.com,Male,124.218.54.102
425,Salvatore,Chattelaine,schattelainebs@weibo.com,Male,216.111.41.18
426,Tuck,Kenan,tkenanbt@guardian.co.uk,Male,55.236.34.92
427,Blinnie,Reicherz,breicherzbu@weather.com,Female,217.227.196.169
428,Kore,Mc Carroll,kmccarrollbv@elegantthemes.com,Female,200.200.113.205
429,Dilan,MacAfee,dmacafeebw@china.com.cn,Male,253.119.93.139
430,Dwight,Jepps,djeppsbx@whitehouse.gov,Male,157.4.250.112
431,Janene,Gaythorpe,jgaythorpeby@statcounter.com,Female,51.178.150.27
432,Bendix,Btham,bbthambz@webeden.co.uk,Genderfluid,91.82.67.44
433,Myer,Pencott,mpencottc0@netscape.com,Male,177.55.10.139
434,Reinaldo,Goodlip,rgoodlipc1@sakura.ne.jp,Agender,151.114.35.125
435,Basia,Hutt,bhuttc2@walmart.com,Female,201.131.86.84
436,Noe,Lancetter,nlancetterc3@yale.edu,Male,3.149.48.63
437,Karlen,Edgar,kedgarc4@army.mil,Female,231.170.66.32
438,Dennis,Veness,dvenessc5@tripod.com,Male,208.168.44.32
439,Lucille,Trace,ltracec6@tumblr.com,Female,80.42.148.146
440,Sansone,Wattam,swattamc7@example.com,Male,252.135.34.178
441,Lawry,Van der Hoeven,lvanderhoevenc8@bloglovin.com,Male,199.217.127.134
442,Letty,Gadd,lgaddc9@homestead.com,Female,243.125.255.25
443,Marlon,Pesak,mpesakca@oaic.gov.au,Male,136.54.213.150
444,Maddie,Thicking,mthickingcb@umich.edu,Male,61.199.153.141
445,Hector,Wisniewski,hwisniewskicc@weebly.com,Male,187.166.226.74
446,Gerrard,McKenna,gmckennacd@altervista.org,Agender,96.30.15.214
447,Dannye,Wisby,dwisbyce@stumbleupon.com,Female,115.149.44.151
448,Kathlin,Buckthorp,kbuckthorpcf@latimes.com,Female,148.226.215.128
449,Jessamine,Conningham,jconninghamcg@sogou.com,Female,145.71.92.179
450,Enrika,Gardner,egardnerch@biglobe.ne.jp,Female,26.103.122.72
451,Tedra,McGray,tmcgrayci@tripod.com,Female,200.49.74.111
452,Aurlie,McPartling,amcpartlingcj@liveinternet.ru,Female,222.150.57.79
453,Rudolfo,Gauthorpp,rgauthorppck@vistaprint.com,Male,201.138.17.247
454,Griswold,Mounfield,gmounfieldcl@princeton.edu,Male,16.210.253.242
455,Blondy,Bosma,bbosmacm@last.fm,Female,126.108.130.49
456,Noak,Waterson,nwatersoncn@cargocollective.com,Male,81.58.120.185
457,Fidel,Fotherby,ffotherbyco@slashdot.org,Male,185.80.239.87
458,Mal,MacAndie,mmacandiecp@posterous.com,Male,159.27.232.144
459,Randy,MacIlurick,rmacilurickcq@creativecommons.org,Male,29.196.19.152
460,Cordie,Kneeland,ckneelandcr@deliciousdays.com,Male,29.60.206.227
461,Tiffy,McPeake,tmcpeakecs@zimbio.com,Female,214.249.31.188
462,Ronnie,Quogan,rquoganct@digg.com,Male,80.255.183.61
463,Yvette,Fishbie,yfishbiecu@uiuc.edu,Female,147.142.97.0
464,Bear,Stallibrass,bstallibrasscv@addthis.com,Male,11.195.203.236
465,Glori,Badam,gbadamcw@upenn.edu,Female,224.220.29.129
466,Dunstan,Whiterod,dwhiterodcx@twitpic.com,Male,84.238.73.247
467,Gloriane,Tonsley,gtonsleycy@simplemachines.org,Female,121.217.2.43
468,Chaddy,Beadham,cbeadhamcz@cpanel.net,Male,40.82.130.172
469,Ashely,Hurdman,ahurdmand0@yellowbook.com,Female,161.134.128.121
470,Leroi,Koschek,lkoschekd1@amazon.de,Male,30.217.165.153
471,Johnathon,Slainey,jslaineyd2@harvard.edu,Male,112.93.152.67
472,Duke,Schrei,dschreid3@csmonitor.com,Male,169.239.215.139
473,Charisse,Dioniso,cdionisod4@telegraph.co.uk,Female,3.53.53.127
474,Nessi,Breddy,nbreddyd5@cmu.edu,Female,173.33.143.138
475,Whitney,Handy,whandyd6@wiley.com,Female,209.162.2.164
476,Sherye,Offiler,soffilerd7@virginia.edu,Female,233.188.114.77
477,Herrick,Mora,hmorad8@va.gov,Male,32.172.12.79
478,Christie,Baldrick,cbaldrickd9@imgur.com,Female,85.136.119.216
479,Kevina,Munkley,kmunkleyda@usatoday.com,Female,201.27.16.66
480,Coop,Flemming,cflemmingdb@mail.ru,Male,131.94.233.170
481,Fayth,Hymans,fhymansdc@acquirethisname.com,Female,204.76.33.212
482,Webster,Behrend,wbehrenddd@elpais.com,Genderfluid,186.144.38.235
483,Joshuah,Thorsby,jthorsbyde@salon.com,Male,105.59.16.235
484,Ronnie,Kettow,rkettowdf@huffingtonpost.com,Male,158.218.7.154
485,Monique,Lymbourne,mlymbournedg@slideshare.net,Female,102.117.121.51
486,Wenonah,Donwell,wdonwelldh@yelp.com,Female,96.118.91.22
487,Julio,Pieroni,jpieronidi@reverbnation.com,Male,65.212.128.141
488,Madelena,Furley,mfurleydj@dmoz.org,Female,184.211.185.234
489,Del,Wilton,dwiltondk@ezinearticles.com,Male,113.111.160.91
490,Tabatha,Beckitt,tbeckittdl@apache.org,Female,59.249.106.144
491,Ryley,Stuffins,rstuffinsdm@indiatimes.com,Male,57.143.173.201
492,Johnathan,Mahedy,jmahedydn@typepad.com,Male,128.119.77.59
493,Joaquin,Konneke,jkonnekedo@ovh.net,Bigender,2.128.70.203
494,Elias,Cucinotta,ecucinottadp@alexa.com,Male,178.100.121.13
495,Graham,MacGilfoyle,gmacgilfoyledq@soundcloud.com,Male,41.5.206.163
496,Selestina,Simeons,ssimeonsdr@cafepress.com,Female,241.29.148.204
497,Annissa,Collyer,acollyerds@sina.com.cn,Non-binary,205.250.170.61
498,Maurie,Trodden,mtroddendt@sohu.com,Male,64.122.110.19
499,Ailbert,Blais,ablaisdu@fema.gov,Male,18.169.34.46
500,Libbey,Ferronier,lferronierdv@mashable.com,Female,246.194.78.145
501,Duke,Hullin,dhullindw@fastcompany.com,Male,27.219.139.200
502,Jacinda,Brattell,jbrattelldx@google.cn,Female,64.212.88.46
503,Sasha,Weetch,sweetchdy@usda.gov,Genderqueer,30.88.147.52
504,Perice,Chatterton,pchattertondz@sakura.ne.jp,Male,144.174.203.96
505,Thain,Giddy,tgiddye0@angelfire.com,Male,135.218.59.184
506,Hedda,Skedge,hskedgee1@wix.com,Female,172.131.196.60
507,Kellen,Woodnutt,kwoodnutte2@github.io,Female,44.253.47.197
508,Philippine,Goldhill,pgoldhille3@arizona.edu,Female,159.86.141.238
509,Lexie,Greguoli,lgreguolie4@amazon.de,Female,92.25.179.160
510,Sandi,Brettoner,sbrettonere5@rakuten.co.jp,Female,96.119.67.2
511,Cos,Oda,codae6@shareasale.com,Male,66.197.142.150
512,Mireille,Sines,msinese7@i2i.jp,Female,106.216.248.57
513,Calley,Jimmison,cjimmisone8@globo.com,Genderfluid,13.82.15.39
514,Wallie,Van T'Hoog,wvanthooge9@howstuffworks.com,Male,236.131.197.78
515,Hayley,Smallwood,hsmallwoodea@nationalgeographic.com,Female,19.147.71.72
516,Norri,Stothard,nstothardeb@businesswire.com,Female,245.174.130.243
517,Cassandre,Lowndesbrough,clowndesbroughec@netlog.com,Female,236.173.209.32
518,Leland,Surgeon,lsurgeoned@instagram.com,Female,135.209.238.129
519,Emelda,Cottell,ecottellee@unblog.fr,Female,253.154.133.147
520,Shamus,Mathes,smathesef@dropbox.com,Male,18.205.165.40
521,Alexina,Flaverty,aflavertyeg@disqus.com,Female,207.35.201.92
522,Lorain,Bowen,lboweneh@thetimes.co.uk,Female,106.147.206.167
523,Cristen,Rouff,crouffei@buzzfeed.com,Female,153.133.158.106
524,Lionel,Tuxsell,ltuxsellej@guardian.co.uk,Male,158.194.229.159
525,Talbot,Povele,tpoveleek@virginia.edu,Male,104.3.209.108
526,Stefanie,Pescott,spescottel@goodreads.com,Female,221.186.147.127
527,Barnabe,Bentson,bbentsonem@oakley.com,Male,196.212.196.198
528,Tades,O'Carran,tocarranen@artisteer.com,Male,184.138.15.92
529,Dory,Bonde,dbondeeo@blogs.com,Female,9.66.99.69
530,Leif,Gass,lgassep@paginegialle.it,Male,96.49.150.136
531,Fay,Keady,fkeadyeq@hc360.com,Female,148.188.229.118
532,Oran,Lindeberg,olindeberger@ustream.tv,Genderfluid,19.92.206.9
533,Candida,Dykins,cdykinses@netlog.com,Female,252.188.122.27
534,Barn,von Grollmann,bvongrollmannet@nhs.uk,Male,84.170.212.202
535,Grange,Gotter,ggottereu@barnesandnoble.com,Male,60.132.243.127
536,Kandy,Samet,ksametev@ebay.co.uk,Female,208.56.186.184
537,Serene,Tschierse,stschierseew@bbc.co.uk,Female,67.118.179.141
538,Kissie,Ballard,kballardex@rediff.com,Female,162.208.14.210
539,Audie,Ardy,aardyey@mashable.com,Female,66.220.135.63
540,Bellanca,Arlett,barlettez@eepurl.com,Female,254.63.157.214
541,Correna,Thornborrow,cthornborrowf0@netvibes.com,Female,202.80.151.216
542,Casar,Itzhak,citzhakf1@berkeley.edu,Male,135.90.76.13
543,Noak,MacKean,nmackeanf2@adobe.com,Male,161.51.33.19
544,Elianore,Levy,elevyf3@twitter.com,Female,140.161.4.31
545,Cathryn,Livingstone,clivingstonef4@cbslocal.com,Female,207.97.165.19
546,Bartolemo,Canning,bcanningf5@booking.com,Male,226.110.233.69
547,Ailey,Parren,aparrenf6@mozilla.com,Female,118.143.29.234
548,Minnaminnie,Duggary,mduggaryf7@instagram.com,Female,237.34.61.189
549,Hally,Baser,hbaserf8@ft.com,Female,216.230.98.15
550,Tedda,Jaquin,tjaquinf9@plala.or.jp,Genderqueer,152.220.189.161
551,Tedi,Smurthwaite,tsmurthwaitefa@blogs.com,Female,14.213.7.182
552,Alexio,Rumbelow,arumbelowfb@admin.ch,Male,147.158.172.0
553,Hodge,Tanguy,htanguyfc@npr.org,Male,124.242.196.246
554,Rafaelia,Saffer,rsafferfd@yahoo.com,Female,234.189.90.10
555,Lek,Rimer,lrimerfe@flickr.com,Male,12.173.60.159
556,Codi,Emmins,cemminsff@theglobeandmail.com,Non-binary,145.88.114.67
557,Olly,Delacourt,odelacourtfg@imgur.com,Female,18.47.9.90
558,Wendye,Tilne,wtilnefh@plala.or.jp,Female,217.21.192.93
559,Myrvyn,Lockton,mlocktonfi@aboutads.info,Male,112.164.153.154
560,Rebekah,Delgaty,rdelgatyfj@illinois.edu,Female,187.221.5.180
561,Jeno,Herrero,jherrerofk@china.com.cn,Male,233.246.193.231
562,Gareth,Bairnsfather,gbairnsfatherfl@theatlantic.com,Bigender,170.165.229.5
563,Dav,Sedgeman,dsedgemanfm@geocities.com,Male,94.132.109.182
564,Kleon,Caldero,kcalderofn@smugmug.com,Male,148.39.19.241
565,Dallas,Hyslop,dhyslopfo@netscape.com,Male,211.32.244.48
566,Kayle,Westwell,kwestwellfp@nps.gov,Non-binary,105.89.231.53
567,Lura,Flescher,lflescherfq@jiathis.com,Female,163.58.157.111
568,Patsy,Macklin,pmacklinfr@wordpress.com,Male,157.160.116.123
569,Candie,Coie,ccoiefs@123-reg.co.uk,Female,92.234.211.23
570,Sandie,Beedon,sbeedonft@bluehost.com,Non-binary,104.129.214.251
571,Kaile,Leijs,kleijsfu@apache.org,Female,237.78.96.80
572,Helen,Paterson,hpatersonfv@xinhuanet.com,Female,52.18.251.255
573,Myrtie,Caush,mcaushfw@over-blog.com,Genderqueer,100.178.202.24
574,Lucina,Carayol,lcarayolfx@webmd.com,Female,156.139.134.67
575,Rosalinda,Haversum,rhaversumfy@craigslist.org,Female,43.242.197.237
576,Else,Oldroyd,eoldroydfz@cafepress.com,Female,120.244.61.162
577,Beret,Dow,bdowg0@disqus.com,Female,233.201.226.235
578,Bastian,Johann,bjohanng1@163.com,Agender,17.193.213.73
579,Murray,Westell,mwestellg2@hibu.com,Male,6.244.37.101
580,Henrik,Mor,hmorg3@chronoengine.com,Male,110.163.80.82
581,Dniren,Neljes,dneljesg4@msu.edu,Female,122.207.15.83
582,Kare,Tschirasche,ktschirascheg5@networksolutions.com,Genderfluid,175.127.149.102
583,Deirdre,Whitta,dwhittag6@samsung.com,Female,20.25.37.179
584,Davis,Chadwick,dchadwickg7@rediff.com,Male,113.147.229.219
585,Noel,Marl,nmarlg8@elpais.com,Female,73.51.162.156
586,Andrea,Fairbrother,afairbrotherg9@cargocollective.com,Male,47.164.174.243
587,Paco,Indruch,pindruchga@ebay.co.uk,Bigender,232.55.113.8
588,Isidore,Eicke,ieickegb@latimes.com,Male,28.194.87.107
589,Issy,Cockrill,icockrillgc@google.ca,Female,132.210.182.234
590,Willdon,Radke,wradkegd@usatoday.com,Male,127.250.11.208
591,Thain,Tether,ttetherge@meetup.com,Polygender,199.164.58.169
592,Carley,Frane,cfranegf@mashable.com,Bigender,107.5.126.48
593,Hercule,Buist,hbuistgg@hubpages.com,Male,140.237.238.91
594,Sunny,Reyburn,sreyburngh@apple.com,Male,9.167.241.190
595,Kain,Nazareth,knazarethgi@wiley.com,Male,142.49.219.175
596,Junie,Manie,jmaniegj@vistaprint.com,Female,163.216.148.131
597,Sharona,Hissie,shissiegk@storify.com,Female,29.207.48.119
598,Inigo,Chadwick,ichadwickgl@dot.gov,Male,146.55.22.123
599,Knox,Lightbowne,klightbownegm@networksolutions.com,Male,191.166.138.61
600,Rog,Broughton,rbroughtongn@a8.net,Male,152.151.210.247
601,Ethelyn,Kearley,ekearleygo@macromedia.com,Female,241.228.218.2
602,Olenka,Jobson,ojobsongp@github.com,Female,44.95.49.31
603,Nathalia,Prout,nproutgq@mail.ru,Female,229.236.49.251
604,Martina,Dwerryhouse,mdwerryhousegr@google.ca,Female,110.50.134.67
605,Say,Abraham,sabrahamgs@typepad.com,Male,77.223.67.14
606,Seward,Elphinstone,selphinstonegt@elpais.com,Male,39.230.21.226
607,Niall,Verick,nverickgu@opensource.org,Male,201.156.85.2
608,Sheela,Donner,sdonnergv@blog.com,Female,141.76.77.82
609,Richmond,Rashleigh,rrashleighgw@discovery.com,Agender,47.45.115.96
610,Doralia,Lammie,dlammiegx@jugem.jp,Female,102.13.154.29
611,Hildagarde,Milazzo,hmilazzogy@wordpress.com,Female,2.175.66.139
612,Micki,Cotman,mcotmangz@tumblr.com,Female,109.234.87.242
613,Charmain,Kalderon,ckalderonh0@nba.com,Female,112.124.216.6
614,Shauna,Lodge,slodgeh1@disqus.com,Female,130.173.80.70
615,Nicolette,Scutching,nscutchingh2@ucla.edu,Female,248.143.49.130
616,Florella,Quarrington,fquarringtonh3@photobucket.com,Female,234.40.222.37
617,Verney,Mucillo,vmucilloh4@gov.uk,Male,113.16.165.113
618,Coletta,Gruszecki,cgruszeckih5@lycos.com,Female,249.242.51.191
619,Maureene,Backs,mbacksh6@independent.co.uk,Female,138.21.94.91
620,Danice,Feveryear,dfeveryearh7@jimdo.com,Female,197.169.254.202
621,Benjie,Sitwell,bsitwellh8@istockphoto.com,Male,242.65.22.133
622,Red,Luxon,rluxonh9@nba.com,Male,16.9.83.6
623,Oliy,Digle,odigleha@topsy.com,Female,16.70.26.232
624,Raimundo,Calton,rcaltonhb@wikimedia.org,Male,21.30.120.251
625,Kingsley,Huison,khuisonhc@odnoklassniki.ru,Male,167.73.128.183
626,Ban,Sedgemore,bsedgemorehd@admin.ch,Male,35.225.60.32
627,Tully,Joreau,tjoreauhe@networkadvertising.org,Male,81.22.44.240
628,Nathanial,Fuster,nfusterhf@addtoany.com,Male,50.210.79.75
629,Maritsa,Caiger,mcaigerhg@ucsd.edu,Female,88.170.156.126
630,Deanne,Haylands,dhaylandshh@163.com,Female,0.12.155.126
631,Mayor,Baudry,mbaudryhi@globo.com,Polygender,71.235.10.248
632,Toni,Wardhough,twardhoughhj@usatoday.com,Female,25.101.127.128
633,Alix,Alastair,aalastairhk@mozilla.org,Female,16.207.100.199
634,Merwyn,Biasini,mbiasinihl@wsj.com,Male,144.212.12.209
635,Vanya,Este,vestehm@google.es,Female,25.157.148.179
636,Tori,Borges,tborgeshn@hao123.com,Female,14.233.159.204
637,Timothy,Clemens,tclemensho@google.fr,Male,82.47.31.119
638,Glenn,Ping,gpinghp@tuttocitta.it,Male,129.248.60.255
639,Christye,Crosgrove,ccrosgrovehq@yelp.com,Female,222.197.245.126
640,Ernie,Leppo,eleppohr@reddit.com,Male,2.104.10.37
641,Astrix,Tillett,atilletths@dailymail.co.uk,Female,178.38.108.8
642,Duffy,Adaway,dadawayht@networkadvertising.org,Male,134.75.6.221
643,Stefa,Yeo,syeohu@cbc.ca,Female,228.186.90.167
644,Horst,Congdon,hcongdonhv@gravatar.com,Male,94.190.215.194
645,Christy,Braunton,cbrauntonhw@weibo.com,Female,166.204.214.86
646,Maris,Critch,mcritchhx@comsenz.com,Female,170.82.55.202
647,Melinde,Minkin,mminkinhy@oakley.com,Female,128.39.81.147
648,Wilmer,Minette,wminettehz@i2i.jp,Male,10.43.21.228
649,Debra,Saville,dsavillei0@jugem.jp,Female,175.233.84.65
650,Boothe,Arundel,barundeli1@google.co.jp,Male,116.100.246.217
651,Cissiee,Scottini,cscottinii2@ucsd.edu,Female,67.213.195.111
652,Jammal,Lowman,jlowmani3@wired.com,Male,81.61.133.211
653,Melvin,Mewton,mmewtoni4@mapquest.com,Male,226.60.210.238
654,Kelvin,Stedmond,kstedmondi5@is.gd,Male,124.71.203.213
655,Roda,Rudram,rrudrami6@aboutads.info,Female,168.156.150.76
656,Lezlie,Holdron,lholdroni7@ezinearticles.com,Female,120.28.168.18
657,Brandais,Taber,btaberi8@nbcnews.com,Female,102.19.116.154
658,Sheridan,Dyhouse,sdyhousei9@google.pl,Male,148.48.216.177
659,Ofella,Dowles,odowlesia@pbs.org,Female,13.106.152.99
660,Edsel,Lathy,elathyib@freewebs.com,Male,74.188.60.163
661,Tammi,Labrom,tlabromic@rambler.ru,Female,194.74.211.82
662,Mace,Dixcee,mdixceeid@ezinearticles.com,Male,115.121.31.21
663,Orelle,Dumberrill,odumberrillie@noaa.gov,Female,24.35.22.148
664,Lacee,Kuhne,lkuhneif@economist.com,Female,121.91.128.117
665,Terrill,Chasles,tchaslesig@utexas.edu,Male,85.129.83.248
666,Alexina,Semper,asemperih@youtube.com,Female,147.173.16.56
667,Nikolaus,Veivers,nveiversii@paginegialle.it,Male,216.202.70.69
668,Walt,Coulbeck,wcoulbeckij@cyberchimps.com,Male,102.116.121.203
669,Libby,Pavelka,lpavelkaik@sphinn.com,Agender,176.202.21.192
670,Barn,Bessant,bbessantil@storify.com,Genderfluid,250.111.103.231
671,Inness,Costard,icostardim@cbc.ca,Male,76.186.188.213
672,Genia,Bolliver,gbolliverin@macromedia.com,Female,66.92.65.198
673,Melodee,Vickerman,mvickermanio@mtv.com,Female,111.42.220.122
674,Bradney,Pawfoot,bpawfootip@springer.com,Male,69.241.228.231
675,Dulcie,Frobisher,dfrobisheriq@google.com.au,Female,242.137.4.161
676,Harlen,Thrussell,hthrussellir@ustream.tv,Male,200.58.192.21
677,Jeremias,Carlett,jcarlettis@pbs.org,Male,180.212.192.51
678,Zebulon,Simner,zsimnerit@washingtonpost.com,Male,59.172.132.254
679,Guntar,Bert,gbertiu@vistaprint.com,Male,191.204.244.9
680,Matthaeus,Blinman,mblinmaniv@cam.ac.uk,Male,186.235.108.198
681,Gerianna,Patrie,gpatrieiw@free.fr,Female,34.228.21.123
682,Pier,MacIan,pmacianix@zimbio.com,Female,182.72.196.243
683,Cyrill,Jolin,cjoliniy@japanpost.jp,Male,179.170.53.71
684,Ettie,Attenborough,eattenboroughiz@tripadvisor.com,Genderfluid,68.27.118.162
685,Maddalena,Imloch,mimlochj0@artisteer.com,Female,38.22.249.106
686,Ondrea,Axelbee,oaxelbeej1@dailymotion.com,Female,164.26.115.162
687,Dominique,Chart,dchartj2@kickstarter.com,Bigender,213.142.89.173
688,Shoshana,Benner,sbennerj3@prnewswire.com,Female,243.16.87.197
689,Yurik,Maruska,ymaruskaj4@amazon.com,Male,21.99.255.127
690,Gaye,Lansdale,glansdalej5@quantcast.com,Female,73.179.234.115
691,Rosetta,Bingell,rbingellj6@irs.gov,Female,192.221.158.203
692,Fedora,Caddick,fcaddickj7@google.co.uk,Female,178.11.156.83
693,Maxi,Madle,mmadlej8@springer.com,Female,53.234.131.131
694,Royal,Easdon,reasdonj9@goodreads.com,Male,104.173.20.148
695,Rustie,Dyshart,rdyshartja@google.de,Male,115.37.45.236
696,Karel,Wehden,kwehdenjb@wikipedia.org,Female,247.43.248.134
697,Tades,Gauntley,tgauntleyjc@google.ru,Male,124.141.160.157
698,Susi,Schule,sschulejd@google.it,Female,121.153.29.213
699,See,Emburey,sembureyje@mediafire.com,Polygender,103.48.71.117
700,Bentlee,Linley,blinleyjf@jigsy.com,Male,204.173.90.125
701,Adams,Antonat,aantonatjg@tinypic.com,Male,172.30.229.240
702,Sargent,Knappe,sknappejh@topsy.com,Male,98.68.144.195
703,Allison,Riall,ariallji@unblog.fr,Female,208.44.108.80
704,Warde,Kienlein,wkienleinjj@last.fm,Male,138.87.9.20
705,Ollie,Roggeman,oroggemanjk@google.com.au,Male,111.138.175.88
706,Rockey,Cusack,rcusackjl@dropbox.com,Male,151.19.143.239
707,Shaughn,Struan,sstruanjm@boston.com,Male,98.42.221.255
708,Hollis,Morin,hmorinjn@sogou.com,Male,197.234.233.76
709,Mallorie,Fausch,mfauschjo@nba.com,Female,73.83.138.83
710,Ingamar,Eburne,ieburnejp@google.com.br,Male,139.179.143.139
711,Sidonnie,Franchyonok,sfranchyonokjq@tamu.edu,Genderqueer,230.237.69.252
712,Em,Thunderman,ethundermanjr@mayoclinic.com,Male,147.35.108.209
713,Calla,Lye,clyejs@utexas.edu,Female,202.190.116.59
714,Natty,Dowtry,ndowtryjt@jiathis.com,Male,161.77.57.168
715,Anson,Kearns,akearnsju@japanpost.jp,Male,248.134.79.16
716,Francois,Gear,fgearjv@washington.edu,Male,81.19.139.72
717,Don,Pavinese,dpavinesejw@hc360.com,Male,17.4.95.116
718,Benjy,Christensen,bchristensenjx@miibeian.gov.cn,Male,215.220.61.181
719,Dacy,McCauley,dmccauleyjy@chronoengine.com,Female,47.17.105.19
720,Lyda,Sommerscales,lsommerscalesjz@timesonline.co.uk,Female,23.76.203.106
721,Florie,Stanyforth,fstanyforthk0@microsoft.com,Female,150.220.37.158
722,Janifer,Epinoy,jepinoyk1@omniture.com,Agender,245.6.199.122
723,Giustina,McCurtain,gmccurtaink2@mtv.com,Female,107.109.219.44
724,Clive,Wordesworth,cwordesworthk3@constantcontact.com,Male,107.125.49.98
725,Omero,Pawlett,opawlettk4@psu.edu,Male,180.62.152.198
726,Debee,Ciccottio,dciccottiok5@google.com.br,Female,158.223.103.168
727,Zarah,Caughan,zcaughank6@ameblo.jp,Female,99.7.48.250
728,Deloris,Brymner,dbrymnerk7@seesaa.net,Female,30.89.99.190
729,Gib,Worrall,gworrallk8@nsw.gov.au,Male,236.25.178.180
730,Bamby,Lovelace,blovelacek9@wikia.com,Female,182.31.203.86
731,Joan,Capeloff,jcapeloffka@amazon.co.jp,Female,90.144.210.26
732,Korrie,Barwood,kbarwoodkb@soundcloud.com,Female,193.69.40.220
733,Byron,Fermin,bferminkc@163.com,Male,240.42.138.53
734,George,Carswell,gcarswellkd@nyu.edu,Male,240.231.166.206
735,Zebedee,Ballister,zballisterke@archive.org,Male,131.91.172.13
736,Herta,Grazier,hgrazierkf@adobe.com,Genderfluid,168.187.39.163
737,Grove,Houlton,ghoultonkg@drupal.org,Male,252.25.214.86
738,Marika,Carnegy,mcarnegykh@army.mil,Non-binary,170.240.151.248
739,Renie,Farrants,rfarrantski@exblog.jp,Female,11.166.27.214
740,Tristan,Rosenzveig,trosenzveigkj@cdc.gov,Male,89.23.129.187
741,Andreana,Tollit,atollitkk@google.com.hk,Female,114.163.117.3
742,Perrine,Klimke,pklimkekl@ca.gov,Female,227.102.96.83
743,Burgess,Lilloe,blilloekm@gizmodo.com,Male,63.108.223.99
744,Brocky,Rove,brovekn@goo.gl,Male,102.176.67.68
745,Dickie,Rampling,dramplingko@skyrock.com,Male,48.99.30.253
746,Hastie,Nolder,hnolderkp@nsw.gov.au,Male,186.166.238.140
747,Kelcy,Dunstall,kdunstallkq@infoseek.co.jp,Female,19.90.174.71
748,Kris,Vigors,kvigorskr@soundcloud.com,Male,71.13.237.118
749,Gary,Wheadon,gwheadonks@angelfire.com,Male,136.20.59.181
750,Deloris,Mapston,dmapstonkt@altervista.org,Female,105.60.49.125
751,Brok,Caddock,bcaddockku@sfgate.com,Male,189.232.170.238
752,Pieter,Addison,paddisonkv@newyorker.com,Male,85.175.193.197
753,Christa,Filchagin,cfilchaginkw@bloglines.com,Female,25.134.208.233
754,Marielle,Mordon,mmordonkx@uol.com.br,Female,32.59.51.23
755,Andee,Gourlay,agourlayky@cafepress.com,Female,12.243.137.202
756,Wendell,Petyakov,wpetyakovkz@blog.com,Male,225.71.131.245
757,Eleni,MacKimmie,emackimmiel0@wix.com,Female,135.63.209.185
758,Cynthea,Burrows,cburrowsl1@bbc.co.uk,Female,56.227.243.249
759,Karim,Aldington,kaldingtonl2@wunderground.com,Male,175.12.140.115
760,Mohammed,Males,mmalesl3@mozilla.org,Male,116.94.181.33
761,Lee,Corneille,lcorneillel4@dailymotion.com,Male,130.71.143.97
762,Tamma,Bennit,tbennitl5@state.tx.us,Female,201.248.124.239
763,Matt,Athowe,mathowel6@businessweek.com,Male,148.161.109.166
764,Avis,Marti,amartil7@canalblog.com,Female,59.35.0.201
765,Muriel,Antognozzii,mantognozziil8@youtu.be,Female,153.80.95.121
766,Arvin,Tourle,atourlel9@unicef.org,Male,106.243.5.140
767,Maxwell,Marval,mmarvalla@mediafire.com,Male,216.45.139.175
768,Danika,Darnody,ddarnodylb@linkedin.com,Female,154.59.2.47
769,Elysha,Biasotti,ebiasottilc@discuz.net,Female,67.28.41.182
770,Silvanus,Condliffe,scondliffeld@flavors.me,Male,23.93.24.69
771,Fania,Taillant,ftaillantle@spiegel.de,Female,210.218.152.108
772,Gwendolin,Sneezem,gsneezemlf@boston.com,Female,121.9.165.61
773,Gladi,Wiffill,gwiffilllg@cornell.edu,Female,139.148.88.239
774,Wendi,Mawby,wmawbylh@usnews.com,Female,95.199.105.176
775,Bob,Whitsun,bwhitsunli@barnesandnoble.com,Male,140.28.18.28
776,Magnum,Kimmince,mkimmincelj@apache.org,Male,102.164.102.109
777,Wynn,Carnie,wcarnielk@msn.com,Male,112.160.59.200
778,Boy,Langcastle,blangcastlell@hao123.com,Male,34.246.192.88
779,Lianne,Guinan,lguinanlm@chronoengine.com,Female,17.88.87.101
780,Madelle,Faltin,mfaltinln@google.nl,Female,246.251.15.47
781,Evie,Lazare,elazarelo@craigslist.org,Female,37.160.191.73
782,Therese,Downham,tdownhamlp@army.mil,Female,2.119.77.214
783,Bailie,MacCambridge,bmaccambridgelq@sphinn.com,Male,170.232.25.76
784,Corina,Scholtz,cscholtzlr@booking.com,Agender,177.170.107.2
785,Stephannie,Sherrett,ssherrettls@xinhuanet.com,Female,33.107.248.227
786,Jeralee,Pettifor,jpettiforlt@bloomberg.com,Female,45.90.122.82
787,Katuscha,Maevela,kmaevelalu@hp.com,Female,112.207.168.227
788,Shermie,Fulcher,sfulcherlv@addtoany.com,Male,213.227.238.18
789,Lindi,Couvet,lcouvetlw@pcworld.com,Female,33.132.202.81
790,Trevar,Alpes,talpeslx@amazonaws.com,Male,160.60.49.117
791,Damaris,Eyles,deylesly@altervista.org,Female,145.223.186.202
792,Maurise,Palay,mpalaylz@uiuc.edu,Male,91.251.230.237
793,Suellen,Whitwood,swhitwoodm0@uol.com.br,Female,126.17.65.32
794,Barnett,Laidler,blaidlerm1@phoca.cz,Male,119.98.58.176
795,Giorgio,Mation,gmationm2@hubpages.com,Genderfluid,150.200.146.127
796,Cecil,McNeilley,cmcneilleym3@jugem.jp,Female,153.73.138.247
797,Briano,Airton,bairtonm4@cloudflare.com,Non-binary,117.152.171.72
798,Alastair,Matterson,amattersonm5@aboutads.info,Male,95.47.185.178
799,Elaina,Kildale,ekildalem6@linkedin.com,Female,133.185.85.150
800,Debby,Brydone,dbrydonem7@washingtonpost.com,Female,221.254.73.162
801,Ronald,Ert,rertm8@shop-pro.jp,Male,70.41.161.246
802,Ferdinand,Tresise,ftresisem9@ow.ly,Male,179.237.228.248
803,Angel,Kayzer,akayzerma@digg.com,Female,188.238.233.5
804,Nappy,Dimic,ndimicmb@scribd.com,Male,203.233.43.46
805,Leanna,Warburton,lwarburtonmc@clickbank.net,Female,5.125.57.43
806,Cornie,Mum,cmummd@e-recht24.de,Male,28.128.78.31
807,Aida,Gerran,agerranme@dailymail.co.uk,Female,165.74.44.216
808,Liam,Thexton,lthextonmf@imgur.com,Male,56.144.131.44
809,Giffie,Fesby,gfesbymg@statcounter.com,Non-binary,103.29.195.133
810,Tatiania,Pendock,tpendockmh@dot.gov,Female,193.65.107.161
811,Schuyler,Cantero,scanteromi@economist.com,Male,17.38.4.221
812,Anett,Sawle,asawlemj@shop-pro.jp,Genderfluid,122.208.234.65
813,Jessie,Metterick,jmetterickmk@ifeng.com,Male,124.103.79.105
814,Washington,Letford,wletfordml@skyrock.com,Male,58.2.108.106
815,Ermanno,Crossgrove,ecrossgrovemm@virginia.edu,Male,25.220.96.126
816,Elsinore,Solland,esollandmn@google.co.uk,Female,134.232.225.57
817,Mort,Hartus,mhartusmo@skype.com,Male,36.84.246.201
818,Engelbert,Horche,ehorchemp@digg.com,Male,28.136.14.229
819,Ryun,Griffithe,rgriffithemq@163.com,Male,125.229.207.134
820,Cort,Ishchenko,cishchenkomr@rambler.ru,Male,165.242.21.45
821,Benedikta,Knowles,bknowlesms@yahoo.co.jp,Female,72.186.220.182
822,Cam,Lotherington,clotheringtonmt@narod.ru,Female,253.168.192.219
823,Ilka,Somerton,isomertonmu@fema.gov,Female,15.103.110.42
824,Leeanne,Gwilt,lgwiltmv@infoseek.co.jp,Female,158.42.47.111
825,Knox,Faithfull,kfaithfullmw@indiatimes.com,Male,137.146.202.83
826,Fleur,Monan,fmonanmx@hhs.gov,Female,3.52.101.63
827,Fidole,Redwood,fredwoodmy@rakuten.co.jp,Male,147.18.172.130
828,Leeanne,Mayers,lmayersmz@diigo.com,Female,183.131.123.93
829,Peria,Bernadzki,pbernadzkin0@gov.uk,Non-binary,199.28.20.150
830,Raphaela,Fickling,rficklingn1@com.com,Female,35.31.207.20
831,Thatch,Trevear,ttrevearn2@newsvine.com,Male,26.13.13.38
832,Brig,Langstrath,blangstrathn3@sfgate.com,Male,106.81.13.84
833,Buffy,Piatto,bpiatton4@comsenz.com,Female,205.223.168.142
834,Rubetta,Espinel,respineln5@google.com,Female,31.216.20.43
835,Fanchon,Vivien,fvivienn6@si.edu,Female,141.44.165.100
836,Timmie,Adicot,tadicotn7@independent.co.uk,Female,82.218.30.26
837,Cleon,Febvre,cfebvren8@dedecms.com,Male,32.207.143.170
838,Jaquelyn,Nuttey,jnutteyn9@spiegel.de,Female,167.216.31.63
839,Sallyann,Petrushka,spetrushkana@joomla.org,Female,104.106.109.75
840,Hayes,Syalvester,hsyalvesternb@netscape.com,Male,31.215.16.156
841,Augustin,Thynn,athynnnc@gizmodo.com,Male,217.167.121.94
842,Gayle,Daughton,gdaughtonnd@umn.edu,Female,37.235.48.216
843,Hamid,Spaight,hspaightne@bloglines.com,Male,230.44.179.75
844,Percival,Scones,psconesnf@sbwire.com,Male,211.119.155.70
845,Kermy,Pountain,kpountainng@newyorker.com,Male,188.248.158.123
846,Merissa,Cottham,mcotthamnh@dedecms.com,Female,192.138.217.110
847,Rebecka,Strapp,rstrappni@miibeian.gov.cn,Female,185.31.114.97
848,Donalt,Songhurst,dsonghurstnj@msu.edu,Male,208.52.8.59
849,Kinny,Carty,kcartynk@mysql.com,Male,62.164.158.220
850,Hamilton,Reeday,hreedaynl@altervista.org,Male,46.45.20.227
851,Lalo,Roskilly,lroskillynm@printfriendly.com,Male,221.162.190.120
852,Lion,Hibling,lhiblingnn@fastcompany.com,Male,176.189.155.124
853,Eileen,Dungay,edungayno@wp.com,Female,122.223.235.231
854,Margret,Zecchinii,mzecchiniinp@comcast.net,Female,240.215.35.199
855,Jobi,Telling,jtellingnq@nih.gov,Female,147.16.231.160
856,Sydney,Lidgertwood,slidgertwoodnr@cdbaby.com,Genderqueer,102.65.216.91
857,Jackelyn,Truckett,jtruckettns@gnu.org,Female,176.219.194.80
858,Arlyne,Egdale,aegdalent@japanpost.jp,Female,211.109.121.146
859,Ronald,Siviter,rsiviternu@dailymotion.com,Male,149.112.99.42
860,Giselle,Wontner,gwontnernv@angelfire.com,Female,196.44.213.249
861,Ely,Livesey,eliveseynw@gnu.org,Bigender,34.2.45.41
862,Berke,Addionisio,baddionisionx@gnu.org,Male,172.221.169.155
863,Amil,Blanchette,ablanchetteny@soup.io,Female,58.69.71.0
864,Onfroi,Mickelwright,omickelwrightnz@usnews.com,Male,242.125.142.121
865,Clarette,Lucian,cluciano0@xrea.com,Polygender,58.85.197.50
866,Alleen,Marquis,amarquiso1@craigslist.org,Bigender,24.19.18.209
867,Auberon,Agnolo,aagnoloo2@so-net.ne.jp,Genderfluid,108.117.19.0
868,Domingo,Boughton,dboughtono3@mayoclinic.com,Male,142.91.49.60
869,Roseline,Garstan,rgarstano4@sciencedirect.com,Female,101.164.94.124
870,Nick,Weins,nweinso5@netlog.com,Male,246.180.38.212
871,Penn,Henriksson,phenrikssono6@trellian.com,Male,46.245.134.198
872,Allene,Sidaway,asidawayo7@flavors.me,Bigender,98.218.58.74
873,Eloise,Lindborg,elindborgo8@sciencedaily.com,Female,156.87.236.187
874,Guendolen,Richel,grichelo9@oakley.com,Female,115.190.152.126
875,Desmund,Caudwell,dcaudwelloa@weebly.com,Male,1.154.254.107
876,Nikolos,Fieldstone,nfieldstoneob@fc2.com,Male,159.202.165.118
877,Caz,Nowakowska,cnowakowskaoc@printfriendly.com,Male,202.132.87.127
878,Milzie,Dabling,mdablingod@ehow.com,Non-binary,78.21.169.162
879,Kordula,Halliday,khallidayoe@washington.edu,Bigender,203.11.136.216
880,Chris,Deschlein,cdeschleinof@google.com.hk,Male,93.41.18.2
881,Althea,Meaden,ameadenog@army.mil,Female,134.76.226.18
882,Jonathan,Lyptrit,jlyptritoh@digg.com,Male,92.233.222.173
883,Dexter,Lenaghen,dlenaghenoi@oakley.com,Male,91.193.100.228
884,Aidan,Huggons,ahuggonsoj@house.gov,Female,211.7.207.79
885,Lou,Vain,lvainok@mail.ru,Female,77.183.169.113
886,Murielle,Latchford,mlatchfordol@google.ru,Female,94.18.99.65
887,Job,Maruszewski,jmaruszewskiom@wired.com,Male,20.43.189.218
888,Junette,Haszard,jhaszardon@xinhuanet.com,Genderfluid,218.44.63.54
889,Darb,felip,dfelipoo@tinypic.com,Female,207.32.33.178
890,Maxie,Twitty,mtwittyop@paypal.com,Male,128.248.165.61
891,Vassily,Islip,vislipoq@altervista.org,Male,132.173.21.64
892,Zed,Bawle,zbawleor@wordpress.org,Male,145.27.128.183
893,Kelby,Rodder,krodderos@uiuc.edu,Male,59.88.170.71
894,Audry,Ciccone,acicconeot@vistaprint.com,Female,249.155.176.102
895,Minor,Rowbrey,mrowbreyou@dmoz.org,Male,65.124.88.101
896,Welsh,Blanden,wblandenov@microsoft.com,Non-binary,212.52.93.85
897,Fannie,Aymer,faymerow@networksolutions.com,Female,141.43.72.137
898,Flint,Paoletti,fpaolettiox@creativecommons.org,Male,224.131.212.227
899,Imogene,Rolley,irolleyoy@sakura.ne.jp,Female,55.132.223.209
900,Crichton,Zincke,czinckeoz@mapquest.com,Male,108.55.16.160
901,Kira,Brandin,kbrandinp0@tripod.com,Female,238.208.215.181
902,Waylen,Kuhnel,wkuhnelp1@smh.com.au,Male,228.81.26.166
903,Waldon,Duval,wduvalp2@utexas.edu,Male,43.88.126.72
904,Bobette,Begent,bbegentp3@etsy.com,Female,64.81.49.98
905,Coral,Thunder,cthunderp4@macromedia.com,Female,194.149.15.154
906,Thatcher,Ashton,tashtonp5@ebay.com,Male,96.108.57.163
907,Sam,O'Hallihane,sohallihanep6@bluehost.com,Male,133.144.116.180
908,Bernelle,Daggett,bdaggettp7@nature.com,Female,90.64.152.253
909,John,Campanelle,jcampanellep8@gnu.org,Male,39.25.72.52
910,Dorthea,Gavini,dgavinip9@feedburner.com,Female,37.111.92.235
911,Hilde,Manuel,hmanuelpa@usa.gov,Female,46.92.2.231
912,Rivkah,Hobble,rhobblepb@columbia.edu,Female,94.64.231.20
913,Ernest,Demangeon,edemangeonpc@fema.gov,Male,209.137.48.255
914,Miller,Houlworth,mhoulworthpd@gnu.org,Male,58.250.144.10
915,Gabi,Bartali,gbartalipe@wunderground.com,Female,150.30.142.237
916,Esteban,Plume,eplumepf@miitbeian.gov.cn,Male,233.86.230.217
917,Cos,Fulkes,cfulkespg@cmu.edu,Male,72.76.190.95
918,Harrie,Gaspero,hgasperoph@spiegel.de,Female,24.77.36.189
919,Billy,Hitscher,bhitscherpi@tuttocitta.it,Male,199.24.39.179
920,Vivi,Iffland,vifflandpj@soup.io,Polygender,30.81.113.244
921,Veronika,Tivolier,vtivolierpk@bandcamp.com,Female,6.6.158.117
922,Peter,Casaccia,pcasacciapl@chronoengine.com,Male,147.151.117.150
923,Claretta,Pyford,cpyfordpm@bing.com,Genderqueer,223.144.218.215
924,Garrard,Stait,gstaitpn@loc.gov,Male,193.196.154.54
925,Clive,Higbin,chigbinpo@hhs.gov,Male,143.110.160.49
926,Tyrus,Stratz,tstratzpp@biblegateway.com,Male,65.219.69.112
927,Kerrill,Verdie,kverdiepq@blog.com,Female,217.28.133.89
928,Karmen,Lethbury,klethburypr@csmonitor.com,Female,170.97.224.211
929,Dynah,Baggallay,dbaggallayps@toplist.cz,Female,117.161.134.86
930,Lodovico,Beckinsale,lbeckinsalept@state.tx.us,Male,215.7.99.33
931,Catherin,Yallowley,cyallowleypu@wikimedia.org,Female,131.216.224.185
932,Baxy,Surfleet,bsurfleetpv@ed.gov,Genderfluid,156.224.201.66
933,Lusa,MacPherson,lmacphersonpw@tinyurl.com,Female,224.9.111.198
934,Dawn,Kenwell,dkenwellpx@shinystat.com,Female,147.180.69.161
935,Clive,Praton,cpratonpy@networkadvertising.org,Male,42.246.155.211
936,Guenevere,Aidler,gaidlerpz@spiegel.de,Female,93.39.4.213
937,Kyle,Tatam,ktatamq0@unicef.org,Female,210.114.14.255
938,Morton,Beresfore,mberesforeq1@google.es,Male,132.244.112.169
939,Rolando,Laing,rlaingq2@drupal.org,Male,164.71.253.138
940,Evin,Keynes,ekeynesq3@hao123.com,Male,188.225.169.232
941,Ingra,Hewkin,ihewkinq4@163.com,Male,210.104.78.135
942,Marget,Olech,molechq5@symantec.com,Female,40.213.140.247
943,Devina,Waring,dwaringq6@springer.com,Female,3.26.30.208
944,Clarinda,Rolstone,crolstoneq7@msn.com,Female,141.170.222.136
945,Foster,Dowyer,fdowyerq8@bluehost.com,Male,45.101.44.244
946,Melody,Illston,millstonq9@miitbeian.gov.cn,Female,71.152.188.77
947,Samuele,Staples,sstaplesqa@salon.com,Male,149.152.101.184
948,Wendell,Hammelberg,whammelbergqb@free.fr,Male,161.204.231.50
949,Colin,Pudge,cpudgeqc@google.fr,Male,199.102.45.207
950,Jacques,Hydes,jhydesqd@imageshack.us,Male,73.22.31.33
951,Lauren,McGill,lmcgillqe@shinystat.com,Female,224.10.21.113
952,Leora,Glendzer,lglendzerqf@miibeian.gov.cn,Female,16.66.124.22
953,Doro,Skipp,dskippqg@miibeian.gov.cn,Female,132.235.197.26
954,Elias,Lessmare,elessmareqh@ebay.com,Male,11.120.249.199
955,Bendick,Raiston,braistonqi@abc.net.au,Male,228.253.230.213
956,Malynda,Sollitt,msollittqj@google.cn,Female,56.176.142.196
957,Eleonore,Lansbury,elansburyqk@time.com,Polygender,92.37.120.169
958,Ferne,Weigh,fweighql@mapy.cz,Female,218.210.79.160
959,Luisa,Paffley,lpaffleyqm@vistaprint.com,Female,167.65.210.53
960,Uta,Dudmesh,ududmeshqn@cdc.gov,Non-binary,70.117.52.162
961,Deanne,MacAne,dmacaneqo@myspace.com,Genderfluid,164.125.168.214
962,Cicely,Boothby,cboothbyqp@webmd.com,Agender,154.187.204.107
963,Kelwin,Hartus,khartusqq@globo.com,Male,71.3.143.99
964,Staford,Pedel,spedelqr@nasa.gov,Male,226.167.248.219
965,Roxi,Charker,rcharkerqs@nih.gov,Female,116.66.164.231
966,Astrid,Rowbury,arowburyqt@google.com.hk,Female,45.164.143.204
967,Armand,Rupprecht,arupprechtqu@samsung.com,Male,241.209.218.37
968,Xenos,Jago,xjagoqv@scientificamerican.com,Male,218.93.75.252
969,Saw,Sircombe,ssircombeqw@narod.ru,Male,118.98.127.146
970,Susann,Simmers,ssimmersqx@yellowpages.com,Female,143.242.41.13
971,Rainer,Fridaye,rfridayeqy@samsung.com,Male,69.12.77.35
972,Mufinella,Payler,mpaylerqz@xing.com,Female,185.145.57.76
973,Dunc,McKyrrelly,dmckyrrellyr0@deviantart.com,Male,178.104.124.1
974,Elaina,Pryce,eprycer1@cargocollective.com,Female,248.150.252.89
975,Christie,Pobjay,cpobjayr2@google.cn,Male,251.182.46.237
976,Vivienne,Banstead,vbansteadr3@twitter.com,Female,31.111.141.201
977,Laney,Cowlas,lcowlasr4@uol.com.br,Male,62.75.180.84
978,Jocko,Miskelly,jmiskellyr5@house.gov,Male,61.68.87.146
979,Harwell,Kaliszewski,hkaliszewskir6@ucla.edu,Male,135.161.136.11
980,Wood,Brailsford,wbrailsfordr7@bravesites.com,Male,187.174.218.15
981,Kermit,Rosenstiel,krosenstielr8@shutterfly.com,Male,11.197.126.153
982,Ewart,Clooney,eclooneyr9@yellowbook.com,Male,88.209.254.126
983,Quintin,Strathman,qstrathmanra@businessinsider.com,Male,147.1.253.105
984,Myca,Leemans,mleemansrb@bing.com,Male,221.135.134.76
985,Agata,Weitzel,aweitzelrc@de.vu,Female,226.32.147.190
986,Carie,Attyeo,cattyeord@scientificamerican.com,Genderqueer,214.45.250.138
987,Andres,Murray,amurrayre@indiatimes.com,Male,159.100.244.81
988,Paulina,Well,pwellrf@privacy.gov.au,Female,192.183.217.93
989,Jolee,Ghent,jghentrg@stanford.edu,Female,134.209.30.171
990,Kacie,Backhurst,kbackhurstrh@netlog.com,Female,33.19.209.229
991,Shep,Bamsey,sbamseyri@blogtalkradio.com,Male,40.89.43.229
992,Candi,Sharphouse,csharphouserj@sohu.com,Female,183.157.130.118
993,Dugald,Rucklesse,drucklesserk@businesswire.com,Male,90.246.198.176
994,Mayer,Deverall,mdeverallrl@patch.com,Male,177.216.91.141
995,Garey,De Hooge,gdehoogerm@cocolog-nifty.com,Male,102.213.79.44
996,Haslett,Langsbury,hlangsburyrn@miitbeian.gov.cn,Male,196.164.178.18
997,Obidiah,Salleir,osalleirro@t.co,Male,161.219.71.228
998,Bowie,Jankowski,bjankowskirp@example.com,Male,27.40.199.103
999,Wilmer,De Vries,wdevriesrq@yolasite.com,Male,5.160.205.180
1000,Elli,Morgon,emorgonrr@cmu.edu,Female,88.66.181.30
