id,first_name,last_name,email,gender,ip_address
1,Torre,Bugge,tbugge0@furl.net,Male,122.136.28.40
2,Chase,Chesterfield,cchesterfield1@tiny.cc,Male,3.142.63.196
3,Sibley,Dowdney,sdowdney2@nasa.gov,Female,210.187.145.120
4,Lisbeth,Annon,lannon3@e-recht24.de,Female,173.137.221.133
5,Britney,Ferraretto,bferraretto4@engadget.com,Female,8.110.106.222
6,Doris,Spennock,dspennock5@accuweather.com,Female,197.27.221.48
7,Chico,Rudge,crudge6@hostgator.com,Male,160.136.244.34
8,Ellery,Quick,equick7@seesaa.net,Male,250.217.112.187
9,Romeo,Lye,rlye8@dagondesign.com,Male,127.144.226.109
10,Annabella,Vigne,avigne9@bandcamp.com,Female,10.252.220.108
11,Tricia,Kops,tkopsa@army.mil,Female,119.130.202.133
12,Kory,Phizackarley,kphizackarleyb@fda.gov,Male,137.230.12.39
13,Carissa,Tytherton,ctythertonc@whitehouse.gov,Female,119.2.7.89
14,Kennan,Connett,kconnettd@businessweek.com,Male,156.89.146.227
15,Cindie,Paoli,cpaolie@edublogs.org,Genderqueer,30.26.103.122
16,Johnathan,Moreno,jmorenof@geocities.com,Bigender,121.38.36.197
17,Shelden,Abercrombie,sabercrombieg@tiny.cc,Genderfluid,198.53.220.21
18,Tammy,Seabon,tseabonh@marketwatch.com,Female,227.102.64.173
19,Clarey,Rolph,crolphi@twitpic.com,Female,215.205.20.113
20,Charlot,Maclaine,cmaclainej@wordpress.org,Female,129.189.92.255
21,Otho,Ellesmere,oellesmerek@g.co,Male,43.49.181.36
22,Tarrah,Dourin,tdourinl@baidu.com,Female,29.106.171.249
23,Matelda,Elner,melnerm@imdb.com,Female,173.58.246.49
24,Isaac,Moreby,imorebyn@nhs.uk,Male,144.205.79.225
25,Stesha,Gawith,sgawitho@businessweek.com,Female,186.5.205.183
26,Marlo,Fulcher,mfulcherp@boston.com,Female,136.166.112.239
27,Nealson,McCulley,nmcculleyq@unicef.org,Male,64.115.253.46
28,Ced,Roddam,croddamr@pbs.org,Male,241.81.219.196
29,Hannis,Pearcy,hpearcys@weibo.com,Female,171.103.107.14
30,Falkner,Clavering,fclaveringt@hugedomains.com,Male,102.40.34.161
31,Ware,Killgus,wkillgusu@fda.gov,Male,251.97.108.65
32,Ancell,Holston,aholstonv@multiply.com,Male,237.70.239.231
33,Odelle,Gras,ograsw@dedecms.com,Female,87.47.76.1
34,Vonni,Mulcock,vmulcockx@intel.com,Agender,160.228.66.251
35,Anthony,Blade,abladey@flavors.me,Male,44.31.145.23
36,Judye,Scrannage,jscrannagez@amazon.co.jp,Bigender,119.230.51.137
37,Prudi,MacGinley,pmacginley10@icq.com,Female,128.136.88.161
38,Arnuad,Bythway,abythway11@clickbank.net,Male,152.204.115.123
39,Forrest,Killelay,fkillelay12@usnews.com,Bigender,68.153.67.155
40,Jeni,Abreheart,jabreheart13@google.de,Female,96.152.150.101
41,Vinnie,Sevior,vsevior14@newsvine.com,Bigender,173.35.195.48
42,Tabby,Woolcocks,twoolcocks15@miitbeian.gov.cn,Female,235.147.79.11
43,Glennis,Moubray,gmoubray16@miitbeian.gov.cn,Female,110.57.128.208
44,Emmalynne,Bison,ebison17@kickstarter.com,Female,251.91.81.96
45,Normy,Bakewell,nbakewell18@answers.com,Male,130.43.201.191
46,Andrea,Ferrai,aferrai19@taobao.com,Male,57.168.106.142
47,Toiboid,Matskevich,tmatskevich1a@dell.com,Male,218.107.48.227
48,Connie,Marusyak,cmarusyak1b@facebook.com,Male,105.93.190.176
49,Arlette,Bellham,abellham1c@i2i.jp,Female,50.19.254.86
50,Marta,Di Biasi,mdibiasi1d@comcast.net,Female,100.21.121.154
51,Ernest,Peyzer,epeyzer1e@bing.com,Male,25.181.39.128
52,Ellswerth,O'Neill,eoneill1f@hhs.gov,Male,42.34.246.255
53,Siusan,Goldstein,sgoldstein1g@intel.com,Female,116.44.54.192
54,Joseito,Irnys,jirnys1h@nba.com,Male,138.130.145.169
55,Tobin,Ricciardo,tricciardo1i@virginia.edu,Male,23.7.19.17
56,Dalenna,Faulkner,dfaulkner1j@infoseek.co.jp,Female,128.185.121.149
57,Ruthe,Falconer,rfalconer1k@infoseek.co.jp,Female,80.34.237.156
58,Rochelle,Maleby,rmaleby1l@wikimedia.org,Female,252.61.64.21
59,Les,Speake,lspeake1m@sfgate.com,Male,168.15.66.176
60,Brander,Le Jean,blejean1n@hostgator.com,Male,212.228.168.231
61,Phip,Pattrick,ppattrick1o@themeforest.net,Male,152.40.220.58
62,Candy,Meriot,cmeriot1p@dyndns.org,Female,37.17.105.239
63,Darbee,Brigginshaw,dbrigginshaw1q@reference.com,Genderfluid,181.196.97.67
64,Wallie,Bearblock,wbearblock1r@xrea.com,Female,44.12.82.31
65,Garold,Leighton,gleighton1s@va.gov,Male,155.16.131.216
66,Tuck,Choak,tchoak1t@hao123.com,Male,208.127.205.42
67,Ileana,Mugford,imugford1u@ft.com,Female,95.111.224.13
68,Allistir,Drogan,adrogan1v@nyu.edu,Male,215.121.100.6
69,Ellery,Schwandermann,eschwandermann1w@joomla.org,Genderfluid,179.51.36.49
70,Danette,Sandercroft,dsandercroft1x@constantcontact.com,Female,59.204.214.224
71,Angelle,Kibble,akibble1y@samsung.com,Female,80.62.128.205
72,Baxter,Pirolini,bpirolini1z@kickstarter.com,Male,172.52.233.236
73,Lanita,Knottley,lknottley20@mail.ru,Female,44.160.94.53
74,Stavro,Gaunt,sgaunt21@odnoklassniki.ru,Male,185.132.7.174
75,Iolanthe,Torns,itorns22@dion.ne.jp,Female,205.150.222.160
76,Lorin,Spieck,lspieck23@blogger.com,Male,227.32.58.62
77,Gloria,Iozefovich,giozefovich24@economist.com,Female,170.113.38.3
78,Tibold,Hallet,thallet25@skype.com,Male,49.99.158.130
79,Sherry,Bollin,sbollin26@microsoft.com,Female,57.98.58.72
80,Christa,Rraundl,crraundl27@japanpost.jp,Female,32.81.163.58
81,Leah,Tasseler,ltasseler28@vk.com,Female,172.157.194.204
82,Rubina,Bollom,rbollom29@acquirethisname.com,Female,41.134.93.67
83,Alfonse,Richold,arichold2a@kickstarter.com,Male,210.0.13.121
84,Pammy,Warret,pwarret2b@oracle.com,Female,252.49.91.165
85,Selina,Casterou,scasterou2c@tripadvisor.com,Female,70.94.211.169
86,Riki,Larkins,rlarkins2d@google.it,Female,18.68.252.65
87,Alisa,Pena,apena2e@yandex.ru,Female,137.130.70.33
88,Robbi,Sedger,rsedger2f@samsung.com,Female,208.199.179.90
89,Ameline,Rickardes,arickardes2g@cnbc.com,Female,116.76.69.27
90,King,Colton,kcolton2h@e-recht24.de,Male,244.164.171.215
91,Patty,Sigert,psigert2i@altervista.org,Male,41.82.54.71
92,Mikael,Lambot,mlambot2j@plala.or.jp,Male,32.215.62.238
93,Adrien,Bulled,abulled2k@boston.com,Male,125.168.145.195
94,Domenic,Eveque,deveque2l@whitehouse.gov,Agender,162.188.84.34
95,Athene,Swalwel,aswalwel2m@dmoz.org,Genderfluid,154.158.218.63
96,Pate,Awin,pawin2n@symantec.com,Male,247.72.47.7
97,Stern,Meedendorpe,smeedendorpe2o@ning.com,Agender,74.238.240.86
98,Chrysler,Gerholz,cgerholz2p@phpbb.com,Female,179.31.120.189
99,Rollo,Elcott,relcott2q@zdnet.com,Male,243.212.214.95
100,Garvey,Hollingdale,ghollingdale2r@istockphoto.com,Male,237.42.31.54
101,Che,Crampsy,ccrampsy2s@vimeo.com,Male,129.12.240.137
102,Clare,Stockoe,cstockoe2t@google.nl,Male,235.4.88.0
103,Cullan,Roussel,croussel2u@hibu.com,Male,166.104.22.125
104,Vinni,Tivnan,vtivnan2v@rambler.ru,Female,27.165.160.84
105,Kingston,Pickthorn,kpickthorn2w@amazon.co.jp,Male,164.140.8.49
106,Torey,Copland,tcopland2x@google.com.au,Female,208.215.111.254
107,Juan,Clinning,jclinning2y@so-net.ne.jp,Male,211.50.16.239
108,Justine,Ivanichev,jivanichev2z@cnn.com,Female,139.115.135.79
109,Frederigo,Girogetti,fgirogetti30@de.vu,Male,153.246.31.166
110,Matthieu,Rabat,mrabat31@istockphoto.com,Male,0.70.245.248
111,Frederick,Tschirschky,ftschirschky32@e-recht24.de,Male,37.134.164.175
112,Ali,Trodden,atrodden33@ezinearticles.com,Male,58.239.190.157
113,Ev,Serman,eserman34@nasa.gov,Male,174.6.239.110
114,Jean,D'Agostini,jdagostini35@behance.net,Male,235.34.250.34
115,Buckie,Larrat,blarrat36@dyndns.org,Male,99.98.107.24
116,Even,Philipsson,ephilipsson37@hugedomains.com,Male,42.85.108.84
117,Haley,Cabrara,hcabrara38@sitemeter.com,Male,87.108.34.49
118,Shadow,Brankley,sbrankley39@gmpg.org,Male,79.60.25.182
119,Idell,Bowring,ibowring3a@alibaba.com,Female,27.67.98.124
120,Pearla,Lamberteschi,plamberteschi3b@about.me,Female,66.3.182.145
121,Allx,Toffel,atoffel3c@google.com,Female,22.208.113.164
122,Irving,Maase,imaase3d@123-reg.co.uk,Male,184.1.34.36
123,Kori,Bellchamber,kbellchamber3e@sun.com,Female,176.234.224.169
124,Kalina,Macoun,kmacoun3f@marriott.com,Female,76.130.163.119
125,Clementius,Marrion,cmarrion3g@google.com,Male,28.164.135.103
126,Estel,Scrivner,escrivner3h@sina.com.cn,Female,2.173.163.183
127,Charisse,Mebes,cmebes3i@example.com,Female,145.66.96.207
128,Merrili,Yakovl,myakovl3j@sbwire.com,Non-binary,72.212.66.251
129,Larissa,Behrendsen,lbehrendsen3k@123-reg.co.uk,Female,97.155.202.91
130,Amity,Shortan,ashortan3l@seesaa.net,Genderfluid,174.238.8.122
131,Margalo,Ganniclifft,mganniclifft3m@4shared.com,Female,3.218.214.104
132,Jeni,Northey,jnorthey3n@thetimes.co.uk,Female,216.105.64.12
133,Ryun,Verecker,rverecker3o@wufoo.com,Male,122.87.54.4
134,Hillary,Daout,hdaout3p@mtv.com,Female,181.66.55.11
135,Valida,Whittlesee,vwhittlesee3q@nature.com,Female,115.151.60.94
136,Mickey,Forbear,mforbear3r@joomla.org,Male,24.59.100.171
137,Rachael,Comfort,rcomfort3s@hubpages.com,Female,8.235.250.124
138,Theodoric,Stivers,tstivers3t@unicef.org,Male,236.237.176.233
139,Ritchie,Allward,rallward3u@blogs.com,Male,67.206.207.6
140,Penn,Cranstone,pcranstone3v@booking.com,Male,236.240.169.73
141,Adolphus,Atrill,aatrill3w@nsw.gov.au,Male,194.151.191.3
142,Yasmeen,Howcroft,yhowcroft3x@wired.com,Female,137.206.83.7
143,Ardith,McIlhagga,amcilhagga3y@histats.com,Female,85.97.37.79
144,Pris,Triggs,ptriggs3z@auda.org.au,Female,99.22.166.198
145,Emmalee,Daintier,edaintier40@comcast.net,Female,132.142.238.196
146,Rudiger,Puffett,rpuffett41@lulu.com,Male,47.72.15.7
147,Roosevelt,Grundey,rgrundey42@fema.gov,Male,227.112.53.134
148,Luise,Askie,laskie43@marriott.com,Female,59.12.145.11
149,Thia,Esposita,tesposita44@printfriendly.com,Female,7.64.138.42
150,Flora,Craighead,fcraighead45@cornell.edu,Bigender,98.129.224.151
151,Celle,Thorneywork,cthorneywork46@barnesandnoble.com,Female,224.121.26.69
152,Dorice,Brechin,dbrechin47@amazon.de,Female,101.93.176.130
153,Florence,Shemmans,fshemmans48@hubpages.com,Female,125.214.85.213
154,Channa,Goodnow,cgoodnow49@go.com,Female,131.9.183.30
155,Adlai,Else,aelse4a@edublogs.org,Male,203.8.191.124
156,Andie,Northley,anorthley4b@google.cn,Male,13.165.118.97
157,Hagen,Jacobsson,hjacobsson4c@goodreads.com,Male,240.93.205.16
158,Wat,Elies,welies4d@arizona.edu,Male,248.84.240.54
159,Austen,Aldgate,aaldgate4e@live.com,Male,220.119.144.158
160,Yorke,Itscowicz,yitscowicz4f@techcrunch.com,Genderfluid,227.8.156.172
161,Shea,O'Shee,soshee4g@vk.com,Female,49.219.232.75
162,Fanechka,Taylder,ftaylder4h@usa.gov,Female,167.215.91.124
163,Martynne,Bodill,mbodill4i@cdc.gov,Female,145.140.112.32
164,Ted,Saffin,tsaffin4j@theatlantic.com,Female,176.165.55.8
165,Dall,Kitcatt,dkitcatt4k@google.com.au,Male,23.37.228.67
166,Archibold,Antonacci,aantonacci4l@fema.gov,Non-binary,151.255.18.252
167,Twyla,Kilgrove,tkilgrove4m@auda.org.au,Female,18.36.16.23
168,Felicity,Dorling,fdorling4n@gnu.org,Female,207.53.233.143
169,Jerad,Pancoust,jpancoust4o@studiopress.com,Male,193.89.211.71
170,Kathye,Plak,kplak4p@unesco.org,Female,165.204.249.97
171,Laetitia,Perche,lperche4q@ezinearticles.com,Female,255.30.70.216
172,Rianon,Minot,rminot4r@cafepress.com,Female,197.208.145.242
173,Genevra,Borwick,gborwick4s@alexa.com,Female,243.195.131.104
174,Timmy,Hoyte,thoyte4t@senate.gov,Female,80.212.77.171
175,Cesar,Bailess,cbailess4u@linkedin.com,Male,46.196.217.179
176,Hamlin,Shirley,hshirley4v@skyrock.com,Male,143.165.91.29
177,Garner,Luxon,gluxon4w@sfgate.com,Male,27.205.117.147
178,Gleda,Endle,gendle4x@biglobe.ne.jp,Female,185.82.55.228
179,Frants,Smart,fsmart4y@tinyurl.com,Male,158.73.101.154
180,Vivi,Wankel,vwankel4z@slashdot.org,Female,63.170.192.194
181,Gaye,Pinnock,gpinnock50@economist.com,Female,95.48.39.165
182,Torrence,Whichelow,twhichelow51@ovh.net,Male,31.193.89.39
183,Davey,Byass,dbyass52@nymag.com,Male,108.157.93.122
184,Russ,Emons,remons53@amazon.com,Male,83.6.45.163
185,Star,Wallbanks,swallbanks54@vimeo.com,Agender,93.7.70.189
186,Birch,McKern,bmckern55@senate.gov,Male,108.211.63.163
187,Chalmers,Albery,calbery56@rakuten.co.jp,Male,189.185.88.157
188,Leta,Braganca,lbraganca57@guardian.co.uk,Female,224.193.11.215
189,Iris,Brightling,ibrightling58@bloglovin.com,Female,247.35.71.84
190,Kevyn,De Giorgis,kdegiorgis59@globo.com,Female,50.44.196.113
191,Rosabella,McElvine,rmcelvine5a@redcross.org,Female,25.14.62.191
192,Davina,Godin,dgodin5b@csmonitor.com,Female,248.90.11.0
193,Madelyn,Whettleton,mwhettleton5c@reference.com,Female,79.96.73.9
194,Meggie,Kingsmill,mkingsmill5d@umn.edu,Female,178.153.178.102
195,Moritz,Duxfield,mduxfield5e@macromedia.com,Male,45.41.14.229
196,Cirstoforo,Buckhurst,cbuckhurst5f@cdbaby.com,Male,15.136.48.170
197,Floyd,Layland,flayland5g@twitter.com,Male,126.129.243.124
198,Frazier,Le febre,flefebre5h@bluehost.com,Male,101.20.164.57
199,Hazel,McKelvie,hmckelvie5i@qq.com,Male,175.87.218.242
200,Link,Snartt,lsnartt5j@geocities.jp,Bigender,214.153.143.243
201,Bil,Padwick,bpadwick5k@hatena.ne.jp,Male,151.194.203.211
202,Ede,Ward,eward5l@aol.com,Female,110.0.211.64
203,Burnard,Hapgood,bhapgood5m@yahoo.com,Agender,69.162.106.248
204,Chrystal,Mizzen,cmizzen5n@netlog.com,Female,17.57.98.234
205,Ludwig,Tredger,ltredger5o@wp.com,Male,31.181.177.36
206,Thomasina,Gillopp,tgillopp5p@amazonaws.com,Female,2.237.181.148
207,Mikael,Cohalan,mcohalan5q@lulu.com,Male,209.61.243.68
208,Estrella,Whitnall,ewhitnall5r@usnews.com,Female,71.145.201.212
209,Hector,Cunliffe,hcunliffe5s@technorati.com,Male,85.58.245.56
210,Alvira,Thon,athon5t@reference.com,Female,244.193.188.203
211,Akim,McAteer,amcateer5u@usnews.com,Male,47.219.11.96
212,Geralda,De Laspee,gdelaspee5v@harvard.edu,Female,172.170.97.52
213,Dicky,Burlingame,dburlingame5w@dot.gov,Male,141.12.122.243
214,Adella,Vedeniktov,avedeniktov5x@free.fr,Female,51.161.90.29
215,Maggi,Steinor,msteinor5y@ted.com,Female,40.10.32.180
216,Victoir,Varley,vvarley5z@msu.edu,Genderfluid,112.104.68.27
217,Tobye,Broadey,tbroadey60@tinypic.com,Female,106.220.53.107
218,Lindie,Kopacek,lkopacek61@java.com,Female,36.50.176.0
219,Chloette,Handslip,chandslip62@list-manage.com,Polygender,172.188.225.120
220,Noah,Klimkovich,nklimkovich63@multiply.com,Male,90.188.184.64
221,Freddie,Brazener,fbrazener64@aol.com,Female,61.1.26.217
222,Jamie,Walster,jwalster65@nih.gov,Male,208.197.235.197
223,Bartlet,Alves,balves66@japanpost.jp,Male,187.84.33.64
224,Alika,Castagne,acastagne67@discovery.com,Female,148.64.239.238
225,Sigrid,Rippingall,srippingall68@cmu.edu,Female,48.14.144.149
226,Candis,Bampford,cbampford69@imageshack.us,Female,131.224.214.247
227,Jeno,Massenhove,jmassenhove6a@pen.io,Genderqueer,84.246.203.33
228,Cecilius,Britzius,cbritzius6b@paginegialle.it,Male,223.142.249.240
229,Modestia,Allabush,mallabush6c@symantec.com,Genderfluid,192.247.215.126
230,Corrina,Wingham,cwingham6d@auda.org.au,Female,254.222.43.152
231,Garv,Montier,gmontier6e@newyorker.com,Male,99.193.83.56
232,Terrence,Zannelli,tzannelli6f@blogger.com,Male,240.24.133.153
233,Lazar,Ashmole,lashmole6g@china.com.cn,Male,71.216.63.70
234,Gennifer,Roscamp,groscamp6h@tamu.edu,Female,221.253.49.111
235,Jens,Gavrieli,jgavrieli6i@alibaba.com,Male,163.226.106.22
236,Roseann,Bassano,rbassano6j@ovh.net,Female,125.99.25.53
237,Dale,Belsham,dbelsham6k@sfgate.com,Male,128.204.3.171
238,Eberhard,Blackford,eblackford6l@cnbc.com,Male,136.119.66.138
239,Desdemona,Vanin,dvanin6m@blogs.com,Female,34.202.46.21
240,Nicole,Perocci,nperocci6n@nationalgeographic.com,Female,223.34.176.108
241,Liam,Darycott,ldarycott6o@bloglines.com,Male,192.170.88.190
242,Halli,Danielli,hdanielli6p@technorati.com,Female,203.133.200.78
243,Lianne,Tollett,ltollett6q@samsung.com,Genderfluid,159.245.223.43
244,Emmalynn,Harrowsmith,eharrowsmith6r@weebly.com,Female,73.1.192.86
245,Mavis,Cruikshanks,mcruikshanks6s@posterous.com,Female,128.84.172.29
246,Evelina,Walak,ewalak6t@sohu.com,Female,215.212.67.208
247,Dennis,Lambot,dlambot6u@apache.org,Male,2.224.161.175
248,Pryce,Etter,petter6v@nifty.com,Male,37.19.58.124
249,Lidia,Gibke,lgibke6w@jugem.jp,Female,42.215.88.148
250,Denny,Dineen,ddineen6x@nps.gov,Male,240.40.70.27
251,Dalis,Lymer,dlymer6y@irs.gov,Male,56.187.163.117
252,Lorry,Slorance,lslorance6z@technorati.com,Female,75.174.85.187
253,Stephannie,Whalley,swhalley70@pen.io,Female,64.194.10.229
254,Kevina,Ethridge,kethridge71@squidoo.com,Female,69.182.0.111
255,Susie,Bunce,sbunce72@t.co,Female,151.125.237.92
256,Loreen,Vella,lvella73@xrea.com,Female,125.213.99.222
257,Perkin,Turbill,pturbill74@newyorker.com,Non-binary,10.111.136.29
258,Barrett,Govett,bgovett75@lulu.com,Male,207.96.244.108
259,Oriana,Ferronet,oferronet76@whitehouse.gov,Female,236.111.129.65
260,Verena,Northidge,vnorthidge77@moonfruit.com,Female,212.233.165.193
261,Pepe,Trays,ptrays78@jugem.jp,Male,151.30.205.78
262,Morgan,Waterdrinker,mwaterdrinker79@yahoo.com,Female,247.72.43.74
263,Lilli,Biggar,lbiggar7a@accuweather.com,Female,109.173.151.205
264,Stephie,Minihan,sminihan7b@bing.com,Female,112.168.244.163
265,Olenka,Menat,omenat7c@nature.com,Genderfluid,251.121.221.161
266,Consalve,Kermon,ckermon7d@goo.gl,Male,246.68.91.99
267,Ramsey,Smidmoor,rsmidmoor7e@arstechnica.com,Male,4.135.84.171
268,Dulcine,Kopf,dkopf7f@umn.edu,Female,69.90.14.12
269,Audy,Armell,aarmell7g@devhub.com,Female,183.214.252.117
270,Hope,Profit,hprofit7h@guardian.co.uk,Female,114.32.112.243
271,Rochester,Villiers,rvilliers7i@arstechnica.com,Male,37.77.66.241
272,Blaine,Wanstall,bwanstall7j@forbes.com,Male,56.40.30.58
273,Donal,Cleevely,dcleevely7k@xing.com,Male,85.125.143.211
274,Bronny,Ollarenshaw,bollarenshaw7l@toplist.cz,Male,157.123.131.74
275,Merrill,Bilt,mbilt7m@oakley.com,Female,229.251.154.227
276,Jacobo,Gwin,jgwin7n@geocities.jp,Male,229.220.152.218
277,Clarisse,Maccrea,cmaccrea7o@furl.net,Female,107.176.183.173
278,Artus,Giuroni,agiuroni7p@is.gd,Male,166.245.81.11
279,Peyton,Sturgis,psturgis7q@pinterest.com,Genderqueer,96.100.76.241
280,Aylmar,Dyment,adyment7r@istockphoto.com,Male,115.217.9.97
281,Nickie,Thorowgood,nthorowgood7s@nytimes.com,Male,110.176.8.57
282,Kyrstin,Sextone,ksextone7t@tinyurl.com,Female,225.229.201.107
283,Anthiathia,Bassindale,abassindale7u@taobao.com,Female,14.58.138.59
284,Giustino,Hollington,ghollington7v@google.pl,Male,50.73.167.223
285,Dot,Francois,dfrancois7w@theatlantic.com,Female,64.122.189.58
286,Zsazsa,Bellany,zbellany7x@fc2.com,Genderfluid,83.101.168.7
287,Mickie,Pawlick,mpawlick7y@sfgate.com,Female,80.156.64.226
288,Myrlene,Cuddehay,mcuddehay7z@rakuten.co.jp,Genderfluid,152.191.244.157
289,Brian,Fuggle,bfuggle80@ihg.com,Male,223.59.110.224
290,Jaclin,Foat,jfoat81@ox.ac.uk,Female,129.45.68.12
291,Tod,Hinken,thinken82@printfriendly.com,Male,8.127.95.74
292,Wolfy,Donnison,wdonnison83@usgs.gov,Male,236.234.191.251
293,Rene,Hoxey,rhoxey84@chronoengine.com,Female,170.32.54.188
294,Skylar,Braunton,sbraunton85@about.com,Male,189.18.193.19
295,Shermie,Tennant,stennant86@amazon.co.uk,Male,111.206.180.234
296,Kris,Gardner,kgardner87@mac.com,Male,135.37.60.16
297,Xerxes,Crickmer,xcrickmer88@yahoo.co.jp,Male,90.143.125.34
298,Bev,Cersey,bcersey89@xrea.com,Male,203.135.169.42
299,Franciskus,Amesbury,famesbury8a@tumblr.com,Male,252.82.55.117
300,Pearle,Wittman,pwittman8b@qq.com,Female,132.0.159.37
301,Kyrstin,Burnham,kburnham8c@hostgator.com,Female,174.33.191.223
302,Sarena,Kirtley,skirtley8d@biglobe.ne.jp,Female,75.109.18.180
303,Cob,Denerley,cdenerley8e@buzzfeed.com,Male,2.86.35.241
304,Thedric,Pippin,tpippin8f@instagram.com,Male,76.13.53.194
305,Brina,Panniers,bpanniers8g@usda.gov,Genderfluid,206.150.88.139
306,Bill,Caine,bcaine8h@apache.org,Female,180.125.85.36
307,Deena,Carling,dcarling8i@g.co,Female,64.162.119.11
308,Emilio,Goodrum,egoodrum8j@addthis.com,Male,127.46.73.126
309,Melantha,Rappport,mrappport8k@tripadvisor.com,Female,215.89.37.126
310,Timmie,Dilks,tdilks8l@whitehouse.gov,Female,40.174.94.209
311,Cecilla,Hague,chague8m@telegraph.co.uk,Female,206.149.109.141
312,Tessi,Lyster,tlyster8n@dropbox.com,Female,221.31.148.115
313,Halie,Adacot,hadacot8o@studiopress.com,Female,102.37.148.164
314,Sheffie,Oldrey,soldrey8p@disqus.com,Male,240.135.184.223
315,Maura,Boote,mboote8q@nba.com,Female,174.247.44.53
316,Guenna,Besemer,gbesemer8r@netlog.com,Female,254.136.115.113
317,Codi,Oiseau,coiseau8s@lycos.com,Male,52.254.60.27
318,Dasya,McMoyer,dmcmoyer8t@google.nl,Female,235.31.67.106
319,Codi,Glowach,cglowach8u@multiply.com,Male,246.131.115.21
320,Pepillo,Lowdeane,plowdeane8v@moonfruit.com,Male,108.253.211.122
321,Desmond,Hustings,dhustings8w@usgs.gov,Male,194.171.111.197
322,Montgomery,Fine,mfine8x@ask.com,Male,163.4.196.75
323,Herby,Swannell,hswannell8y@canalblog.com,Male,208.188.218.103
324,Mariya,Sahlstrom,msahlstrom8z@go.com,Female,61.240.62.15
325,Vernon,Moreing,vmoreing90@about.com,Male,83.70.5.69
326,Ileane,Mathiassen,imathiassen91@cbc.ca,Female,184.226.78.55
327,Karlan,Pigdon,kpigdon92@1688.com,Male,123.44.240.103
328,Emmanuel,Rabbe,erabbe93@taobao.com,Genderfluid,252.85.35.232
329,Si,Lovewell,slovewell94@mac.com,Male,7.57.16.75
330,Elaina,Scolland,escolland95@marriott.com,Female,78.35.58.150
331,Berta,Harston,bharston96@feedburner.com,Female,121.34.8.70
332,Charline,Yantsev,cyantsev97@fastcompany.com,Female,218.81.99.9
333,Wilmer,Combes,wcombes98@prlog.org,Male,11.164.124.119
334,Felizio,Jacob,fjacob99@ezinearticles.com,Male,105.6.254.212
335,Anastasie,Whatling,awhatling9a@cisco.com,Female,21.48.129.150
336,Rodney,Vahl,rvahl9b@aboutads.info,Male,36.176.39.64
337,Shea,Broster,sbroster9c@uiuc.edu,Female,130.17.227.27
338,Ginnifer,Hebditch,ghebditch9d@arstechnica.com,Polygender,184.148.188.241
339,Erik,Castanie,ecastanie9e@liveinternet.ru,Male,231.229.179.55
340,Ernestus,Gerard,egerard9f@xinhuanet.com,Male,162.177.182.156
341,Gloriana,Ridehalgh,gridehalgh9g@example.com,Female,237.116.11.181
342,Jenn,Leagas,jleagas9h@sbwire.com,Female,165.121.198.56
343,Sisely,Warwick,swarwick9i@telegraph.co.uk,Female,178.105.23.103
344,Margaux,Cappleman,mcappleman9j@marketwatch.com,Female,208.176.99.171
345,Der,Gilffillan,dgilffillan9k@github.io,Male,17.229.51.204
346,Rosabel,Blackaby,rblackaby9l@ca.gov,Female,214.103.29.93
347,Chico,Wetton,cwetton9m@sfgate.com,Male,242.255.210.2
348,Ximenez,Furminger,xfurminger9n@mediafire.com,Male,135.232.29.170
349,Glyn,McCoid,gmccoid9o@twitpic.com,Male,234.4.1.112
350,Ferdinanda,Ebbs,febbs9p@ezinearticles.com,Female,230.162.191.252
351,Eleonore,Boome,eboome9q@wikispaces.com,Female,255.62.101.181
352,Holly,Maciocia,hmaciocia9r@geocities.com,Male,85.93.25.103
353,Norean,Pennicott,npennicott9s@skyrock.com,Female,40.189.195.164
354,Dominic,Aitcheson,daitcheson9t@rediff.com,Male,77.163.108.176
355,Ara,Knapton,aknapton9u@deviantart.com,Male,63.74.233.237
356,Gerhardt,Thoma,gthoma9v@merriam-webster.com,Male,37.166.63.241
357,Douglas,Wrack,dwrack9w@twitter.com,Male,71.244.217.133
358,Brigida,Riehm,briehm9x@yelp.com,Female,199.81.112.206
359,Krispin,Thistleton,kthistleton9y@examiner.com,Male,112.30.87.234
360,Faith,Caudrey,fcaudrey9z@printfriendly.com,Female,179.201.44.186
361,Mattie,Scard,mscarda0@miitbeian.gov.cn,Male,201.32.43.161
362,Blondy,Pawlik,bpawlika1@rakuten.co.jp,Female,40.62.98.159
363,Edgard,Doctor,edoctora2@deviantart.com,Male,4.208.68.96
364,Lowrance,Samett,lsametta3@craigslist.org,Male,166.188.132.211
365,Arlene,Longo,alongoa4@marketwatch.com,Female,242.208.91.182
366,Gilly,Paniman,gpanimana5@github.io,Female,89.189.111.66
367,Bondon,Wigfield,bwigfielda6@constantcontact.com,Male,156.19.224.129
368,Lawry,Benet,lbeneta7@sphinn.com,Male,188.16.154.90
369,Guinna,McCourtie,gmccourtiea8@odnoklassniki.ru,Female,190.239.108.224
370,Cad,Worrell,cworrella9@cpanel.net,Male,59.218.48.211
371,Jae,Mullaney,jmullaneyaa@independent.co.uk,Male,39.41.15.27
372,Jill,Andrioli,jandrioliab@jiathis.com,Agender,18.252.14.7
373,Curr,Drewery,cdreweryac@studiopress.com,Male,4.16.107.193
374,Juliet,Corpes,jcorpesad@delicious.com,Female,177.252.141.161
375,Hinda,Rigler,hriglerae@seattletimes.com,Female,166.197.47.175
376,Steffen,Matussow,smatussowaf@xrea.com,Male,198.80.1.160
377,Odella,Albro,oalbroag@flavors.me,Female,254.214.39.207
378,Culley,Blunsum,cblunsumah@discuz.net,Male,146.174.216.69
379,Lucy,Haill,lhaillai@cnn.com,Female,1.75.161.185
380,Clerissa,Snashall,csnashallaj@latimes.com,Female,92.49.87.58
381,Taryn,Pitson,tpitsonak@bbb.org,Polygender,163.26.183.38
382,Beverie,Rawson,brawsonal@technorati.com,Female,174.101.105.156
383,Kristine,Lannin,klanninam@usatoday.com,Female,188.140.222.124
384,Linnell,Applewhite,lapplewhitean@techcrunch.com,Female,48.87.65.88
385,Hillery,Kilian,hkilianao@soup.io,Male,141.135.18.43
386,Amby,Eggers,aeggersap@ameblo.jp,Male,40.153.207.120
387,Delphine,Widger,dwidgeraq@hc360.com,Female,224.187.229.138
388,Baird,Rouby,broubyar@opera.com,Male,94.58.243.19
389,Pavia,Adamovitch,padamovitchas@paginegialle.it,Female,5.201.168.236
390,Delmer,Beels,dbeelsat@cpanel.net,Male,89.96.251.78
391,Magdalena,Nenci,mnenciau@artisteer.com,Female,184.40.187.211
392,Abraham,Lark,alarkav@shop-pro.jp,Male,98.162.64.37
393,Jamill,Lindsell,jlindsellaw@sogou.com,Male,191.83.98.207
394,Teodoor,Crumbleholme,tcrumbleholmeax@unicef.org,Male,248.203.104.211
395,Vivienne,Gerhts,vgerhtsay@jigsy.com,Female,255.227.223.62
396,Christa,Pinckstone,cpinckstoneaz@bloglovin.com,Female,164.107.62.108
397,Anna-diana,Kalkhoven,akalkhovenb0@xrea.com,Female,20.244.9.199
398,Jeno,Middas,jmiddasb1@istockphoto.com,Male,99.245.226.32
399,Ryann,Rigler,rriglerb2@joomla.org,Female,25.7.72.155
400,Cyndy,Trunchion,ctrunchionb3@examiner.com,Female,229.25.111.202
401,Janie,Theunissen,jtheunissenb4@eepurl.com,Female,219.88.58.143
402,Derward,Taynton,dtayntonb5@barnesandnoble.com,Male,143.148.96.16
403,Bella,Bonhomme,bbonhommeb6@rambler.ru,Polygender,165.148.221.34
404,Gwenette,Mews,gmewsb7@seattletimes.com,Female,78.191.129.5
405,Paola,Balcon,pbalconb8@yellowbook.com,Female,205.65.235.175
406,Bobbie,Sprowles,bsprowlesb9@facebook.com,Female,122.133.162.204
407,Isadore,Freemantle,ifreemantleba@myspace.com,Male,15.142.84.142
408,Winfred,Zavattiero,wzavattierobb@vinaora.com,Male,23.16.39.250
409,Dannie,Masser,dmasserbc@dropbox.com,Male,183.255.188.40
410,Ericka,Mesant,emesantbd@spotify.com,Female,30.169.136.101
411,Carena,Hannabus,channabusbe@simplemachines.org,Female,71.94.44.209
412,Oswald,Cheel,ocheelbf@accuweather.com,Male,48.90.71.217
413,Cord,Chatband,cchatbandbg@yelp.com,Male,64.86.4.85
414,Quentin,Allawy,qallawybh@google.co.uk,Female,99.26.101.230
415,Pate,Cromack,pcromackbi@gov.uk,Male,139.205.215.234
416,Leticia,Teodorski,lteodorskibj@163.com,Female,92.105.89.200
417,Torey,Yewdall,tyewdallbk@foxnews.com,Female,116.207.103.230
418,Allie,Sollitt,asollittbl@princeton.edu,Female,62.79.242.46
419,Sergent,Treadgall,streadgallbm@seattletimes.com,Male,244.215.31.188
420,Arne,Pepis,apepisbn@ebay.co.uk,Male,219.228.78.72
421,Chrisse,Pearcehouse,cpearcehousebo@yale.edu,Male,7.173.146.106
422,Renee,Redit,rreditbp@illinois.edu,Female,69.137.240.103
423,Beauregard,Euston,beustonbq@walmart.com,Male,74.47.134.114
424,Burtie,Toretta,btorettabr@ehow.com,Male,89.177.199.249
425,Edith,Biddy,ebiddybs@virginia.edu,Female,215.178.76.151
426,Riva,Blackater,rblackaterbt@wiley.com,Female,31.102.11.87
427,Richie,Maden,rmadenbu@digg.com,Genderfluid,204.20.134.75
428,Packston,Reddan,preddanbv@weebly.com,Male,67.227.238.69
429,Jone,Geraldi,jgeraldibw@elpais.com,Male,132.163.5.241
430,Anitra,Ridsdell,aridsdellbx@g.co,Female,189.103.182.185
431,Giselbert,Rawlence,grawlenceby@chicagotribune.com,Male,41.78.76.183
432,Randell,Browne,rbrownebz@berkeley.edu,Male,146.129.165.253
433,Normy,Seedman,nseedmanc0@mlb.com,Male,50.109.197.79
434,Jacquette,McFadden,jmcfaddenc1@tinyurl.com,Female,74.64.78.1
435,Bobbe,Ludlom,bludlomc2@tripod.com,Female,231.25.232.90
436,Lida,Clearie,lcleariec3@elpais.com,Female,176.36.49.230
437,Daphna,Bes,dbesc4@photobucket.com,Female,136.86.27.181
438,Isabelle,Holttom,iholttomc5@nasa.gov,Female,67.127.173.241
439,Ettore,Isaq,eisaqc6@columbia.edu,Male,1.244.127.184
440,Brandie,Bezants,bbezantsc7@blinklist.com,Female,255.155.165.210
441,Samuel,Painten,spaintenc8@boston.com,Male,46.225.103.57
442,Dedra,Basler,dbaslerc9@opensource.org,Female,170.81.215.90
443,Roshelle,Colafate,rcolafateca@ucoz.com,Female,53.73.10.31
444,Brewer,Gounard,bgounardcb@ycombinator.com,Male,246.45.93.0
445,Marnia,Whopples,mwhopplescc@adobe.com,Female,115.253.128.155
446,Ben,Dargavel,bdargavelcd@usgs.gov,Male,207.127.165.50
447,Devin,Gillford,dgillfordce@nbcnews.com,Female,114.41.132.160
448,Jilleen,Capoun,jcapouncf@yale.edu,Female,64.166.27.202
449,Rodolfo,Fellon,rfelloncg@nps.gov,Male,127.238.70.125
450,Eldin,Applin,eapplinch@uol.com.br,Male,72.227.243.30
451,Brandy,Ridgway,bridgwayci@google.de,Male,128.90.141.131
452,Barbra,Markwick,bmarkwickcj@gizmodo.com,Female,127.75.82.16
453,Jeno,Ledner,jlednerck@europa.eu,Male,4.50.207.98
454,Mindy,Veel,mveelcl@topsy.com,Female,148.234.31.157
455,Joelly,Belli,jbellicm@earthlink.net,Polygender,129.132.197.112
456,Lorraine,Borge,lborgecn@hubpages.com,Female,3.225.148.234
457,Wadsworth,Kernley,wkernleyco@china.com.cn,Male,21.38.176.73
458,Casey,Hewlings,chewlingscp@usda.gov,Female,221.94.183.204
459,Tabbi,Lewisham,tlewishamcq@nsw.gov.au,Female,251.5.124.170
460,Elnar,McQuaide,emcquaidecr@sbwire.com,Male,180.178.158.239
461,Hewett,Sabati,hsabatics@chron.com,Male,181.217.238.54
462,Arabella,Halsey,ahalseyct@bandcamp.com,Female,228.164.94.140
463,Constantino,Rraundl,crraundlcu@go.com,Bigender,122.61.55.39
464,Fredric,Eeles,feelescv@reuters.com,Male,177.178.151.13
465,Alleyn,Duck,aduckcw@berkeley.edu,Male,17.199.30.128
466,Allis,MacTrustrie,amactrustriecx@wiley.com,Female,52.149.79.115
467,Luise,Allam,lallamcy@51.la,Female,112.118.137.200
468,Adiana,Darwent,adarwentcz@squarespace.com,Female,240.208.44.186
469,Bel,Pinnocke,bpinnocked0@hhs.gov,Female,223.134.157.136
470,Mic,Haycroft,mhaycroftd1@mediafire.com,Male,136.112.208.145
471,Lynde,Peggs,lpeggsd2@newyorker.com,Female,204.247.41.32
472,Doyle,Whyard,dwhyardd3@yellowbook.com,Male,6.199.187.197
473,Nicolea,Coombs,ncoombsd4@vimeo.com,Female,135.231.18.246
474,Tiffie,Coultard,tcoultardd5@exblog.jp,Female,133.149.93.56
475,Filberto,Reisin,freisind6@europa.eu,Male,7.62.109.175
476,Heywood,Hodinton,hhodintond7@github.com,Male,83.77.161.222
477,Ranna,Gatling,rgatlingd8@cocolog-nifty.com,Female,74.33.82.174
478,Forrest,Kee,fkeed9@ocn.ne.jp,Male,112.24.229.55
479,Sherman,Woolatt,swoolattda@ftc.gov,Polygender,196.216.165.23
480,Kalila,Fancott,kfancottdb@yellowbook.com,Polygender,193.134.219.34
481,Mel,Ibbitt,mibbittdc@deliciousdays.com,Male,162.48.141.134
482,Dalia,Vidloc,dvidlocdd@people.com.cn,Female,88.79.165.98
483,Jobi,Eaglesham,jeagleshamde@epa.gov,Female,96.187.160.56
484,Zilvia,Laycock,zlaycockdf@w3.org,Female,175.171.57.150
485,Noelyn,Ceeley,nceeleydg@themeforest.net,Female,159.6.140.147
486,Vittoria,Yardy,vyardydh@go.com,Female,80.245.44.241
487,Diena,Doughton,ddoughtondi@nps.gov,Female,174.119.164.3
488,Bone,Joslin,bjoslindj@marketwatch.com,Male,4.124.142.51
489,Rocky,McAlester,rmcalesterdk@illinois.edu,Male,29.113.165.203
490,Flori,Mc Caughen,fmccaughendl@nature.com,Female,132.246.10.226
491,Andris,Yuryshev,ayuryshevdm@wsj.com,Male,5.161.132.66
492,Alis,Streeting,astreetingdn@weather.com,Female,19.164.4.63
493,Willetta,Raffin,wraffindo@nps.gov,Female,13.87.170.36
494,Kaspar,Swanbourne,kswanbournedp@google.com.au,Male,126.240.241.203
495,Florencia,Neat,fneatdq@hud.gov,Female,22.64.191.146
496,Glori,Cartwight,gcartwightdr@cam.ac.uk,Female,2.148.222.5
497,Otho,Rowbury,orowburyds@chicagotribune.com,Genderfluid,157.113.128.140
498,Edwin,Hindhaugh,ehindhaughdt@mlb.com,Male,4.94.170.244
499,Roi,Lopes,rlopesdu@plala.or.jp,Male,185.101.104.78
500,Ryann,Fitchen,rfitchendv@flickr.com,Female,116.239.94.236
501,Alan,Thiolier,athiolierdw@zimbio.com,Male,78.231.42.120
502,Aundrea,Sallis,asallisdx@ox.ac.uk,Female,30.130.9.155
503,Dew,Metherell,dmetherelldy@google.com.br,Male,158.9.195.208
504,Anabella,D'Alwis,adalwisdz@accuweather.com,Female,194.51.225.134
505,Stu,Mussard,smussarde0@huffingtonpost.com,Male,177.3.59.205
506,Olag,Yea,oyeae1@apache.org,Male,2.194.112.56
507,Ellery,MacCallion,emaccallione2@google.com.br,Genderqueer,54.179.168.17
508,Theda,Randalson,trandalsone3@home.pl,Female,119.19.229.190
509,Lucina,Szymonwicz,lszymonwicze4@harvard.edu,Genderqueer,82.134.133.212
510,Gothart,Paladino,gpaladinoe5@csmonitor.com,Agender,30.166.15.156
511,Jae,Choppen,jchoppene6@creativecommons.org,Male,45.234.4.217
512,Damita,Chat,dchate7@jugem.jp,Female,250.3.250.4
513,Mac,Mullarkey,mmullarkeye8@upenn.edu,Male,116.122.62.9
514,Arlin,Trotton,atrottone9@merriam-webster.com,Male,36.195.195.118
515,Ambros,McEwen,amcewenea@yelp.com,Polygender,51.167.43.37
516,Brittani,Heaseman,bheasemaneb@sciencedirect.com,Non-binary,53.8.103.116
517,Dimitri,Piddington,dpiddingtonec@cpanel.net,Male,224.151.89.221
518,Palmer,Wensley,pwensleyed@squidoo.com,Genderqueer,34.136.36.240
519,Sigfried,Swyer-Sexey,sswyersexeyee@altervista.org,Male,249.139.213.11
520,Odessa,Crissil,ocrissilef@ow.ly,Agender,54.17.195.137
521,Issiah,Hampton,ihamptoneg@deliciousdays.com,Male,163.154.235.181
522,Casey,Simmill,csimmilleh@cargocollective.com,Male,155.120.170.66
523,Agnes,Outright,aoutrightei@jigsy.com,Female,43.225.52.24
524,Merilyn,Hummerston,mhummerstonej@4shared.com,Female,113.212.53.69
525,Cheston,Durbann,cdurbannek@time.com,Male,45.63.4.251
526,Renell,Botterell,rbotterellel@blogs.com,Female,245.75.253.62
527,Marcus,Wearden,mweardenem@goo.gl,Male,90.9.106.107
528,Merrilee,Norcop,mnorcopen@clickbank.net,Female,167.170.187.158
529,Philis,Camings,pcamingseo@google.nl,Female,21.52.153.208
530,Bevvy,Tierney,btierneyep@youtu.be,Female,151.172.31.134
531,Carmina,Kilfether,ckilfethereq@flickr.com,Female,49.201.107.247
532,Analiese,Landman,alandmaner@goo.gl,Female,211.103.49.96
533,Tracie,Swansborough,tswansboroughes@prlog.org,Male,9.128.16.136
534,Adrienne,Batterbee,abatterbeeet@answers.com,Female,56.177.100.85
535,Darwin,Flohard,dflohardeu@opensource.org,Male,113.226.51.213
536,Lona,McGrath,lmcgrathev@blogtalkradio.com,Female,71.74.19.37
537,Packston,Cabrera,pcabreraew@scribd.com,Male,12.121.120.190
538,Kania,Metham,kmethamex@ameblo.jp,Female,221.124.178.65
539,Nerta,Rowland,nrowlandey@npr.org,Female,175.162.117.90
540,D'arcy,Schurig,dschurigez@bluehost.com,Male,78.136.240.162
541,Aldrich,Franken,afrankenf0@miibeian.gov.cn,Male,14.26.184.207
542,Simone,Leach,sleachf1@yelp.com,Female,199.57.87.223
543,Pepe,Coatman,pcoatmanf2@intel.com,Male,74.65.76.1
544,Jarvis,Rouse,jrousef3@chicagotribune.com,Male,8.84.8.1
545,Clo,Birtwisle,cbirtwislef4@forbes.com,Female,57.23.253.201
546,Karmen,Swiffan,kswiffanf5@archive.org,Female,185.227.244.119
547,Jamison,Morena,jmorenaf6@cdbaby.com,Male,139.190.80.201
548,Corette,Cawley,ccawleyf7@discovery.com,Female,237.27.140.92
549,Nixie,Ebourne,nebournef8@hp.com,Genderfluid,251.138.87.48
550,Ulrich,Goldstein,ugoldsteinf9@irs.gov,Male,240.241.80.216
551,Algernon,Farren,afarrenfa@alexa.com,Male,101.209.99.59
552,Cathy,Grinyakin,cgrinyakinfb@soundcloud.com,Non-binary,201.211.56.167
553,Fraser,Carnduff,fcarndufffc@bizjournals.com,Male,36.13.158.41
554,Angelo,Yannikov,ayannikovfd@nba.com,Male,226.74.185.45
555,Scarlet,Pymm,spymmfe@twitpic.com,Female,140.191.243.151
556,Belia,Cassimer,bcassimerff@altervista.org,Female,138.6.184.110
557,Pail,Laurens,plaurensfg@example.com,Male,7.47.252.111
558,Roseanna,Feavyour,rfeavyourfh@flavors.me,Female,100.32.17.123
559,Harwilll,Aubury,hauburyfi@last.fm,Male,95.34.26.138
560,Allene,Carles,acarlesfj@usgs.gov,Bigender,211.48.134.233
561,Dorelle,Cuerdall,dcuerdallfk@eventbrite.com,Female,190.39.28.154
562,Sheryl,Kenworth,skenworthfl@usa.gov,Female,217.72.67.136
563,Katherine,Wasmuth,kwasmuthfm@ebay.com,Female,199.36.13.103
564,Dominica,Gerrard,dgerrardfn@wikimedia.org,Female,98.125.86.80
565,Olivette,Damant,odamantfo@answers.com,Female,64.224.75.209
566,Madelle,Prantl,mprantlfp@geocities.jp,Female,41.69.95.81
567,Marion,Mattack,mmattackfq@tinypic.com,Male,95.200.9.135
568,Astrid,Halvosen,ahalvosenfr@bbc.co.uk,Female,98.50.127.136
569,Jennifer,Hassekl,jhasseklfs@netlog.com,Genderfluid,89.194.50.225
570,Ardenia,Coggill,acoggillft@google.co.uk,Agender,30.101.225.85
571,Maddie,Baden,mbadenfu@icq.com,Female,37.191.172.173
572,Lamar,Swindle,lswindlefv@google.ru,Male,18.228.108.10
573,Leicester,Boule,lboulefw@usatoday.com,Male,127.1.148.55
574,Denys,Ilyinykh,dilyinykhfx@plala.or.jp,Polygender,167.234.210.53
575,Thorin,Dmitrienko,tdmitrienkofy@newsvine.com,Male,123.73.35.188
576,Case,Arnal,carnalfz@ca.gov,Male,40.200.18.72
577,Carlin,Benwell,cbenwellg0@alibaba.com,Male,27.161.96.253
578,Jordan,Churchlow,jchurchlowg1@cdc.gov,Male,98.28.50.231
579,Cristen,Dwane,cdwaneg2@arstechnica.com,Female,61.14.125.117
580,Felike,Smartman,fsmartmang3@cam.ac.uk,Male,14.4.24.7
581,Rollins,Leamon,rleamong4@sogou.com,Male,8.92.199.20
582,Aguistin,Zebedee,azebedeeg5@theatlantic.com,Male,41.204.123.115
583,Micki,Yele,myeleg6@cbc.ca,Female,244.50.190.0
584,Thorin,Nanninini,tnannininig7@economist.com,Male,59.43.8.237
585,Tresa,Foat,tfoatg8@chicagotribune.com,Female,85.207.55.87
586,Eamon,Silverthorne,esilverthorneg9@sitemeter.com,Male,205.20.226.223
587,Peyton,Rabat,prabatga@list-manage.com,Male,180.239.147.27
588,Leonard,Blackey,lblackeygb@bbc.co.uk,Genderfluid,121.63.55.224
589,Tasia,Talks,ttalksgc@live.com,Female,158.210.160.228
590,Philis,Surfleet,psurfleetgd@meetup.com,Female,99.201.125.223
591,Ole,Woodus,owoodusge@prweb.com,Agender,7.89.53.18
592,Kim,O'Dee,kodeegf@google.nl,Female,143.6.3.122
593,Shelley,Hemstead,shemsteadgg@sakura.ne.jp,Female,111.97.93.214
594,Brander,Shorbrook,bshorbrookgh@patch.com,Male,38.235.180.36
595,Billie,Bartell,bbartellgi@umich.edu,Male,25.130.153.213
596,Dennis,Shanklin,dshanklingj@arstechnica.com,Male,169.140.37.69
597,Ernestus,Brimilcombe,ebrimilcombegk@cnbc.com,Male,215.133.238.169
598,Ethelda,Galle,egallegl@vistaprint.com,Female,247.179.244.135
599,Pavia,Feaveryear,pfeaveryeargm@printfriendly.com,Non-binary,161.124.108.158
600,Bryn,Neal,bnealgn@drupal.org,Male,95.23.176.64
601,Tucky,Yong,tyonggo@adobe.com,Genderfluid,156.93.179.165
602,Gretal,Life,glifegp@homestead.com,Female,73.168.228.138
603,Emera,Harbage,eharbagegq@ifeng.com,Female,52.132.160.106
604,Robin,Bridgeman,rbridgemangr@nymag.com,Female,51.68.243.123
605,Sunny,Brech,sbrechgs@answers.com,Male,62.101.160.119
606,Rina,Caird,rcairdgt@auda.org.au,Female,205.91.204.245
607,Wendi,Lintott,wlintottgu@un.org,Female,145.42.117.174
608,Wallis,Yakutin,wyakutingv@mtv.com,Female,229.127.235.182
609,Lelah,Huckerby,lhuckerbygw@omniture.com,Female,191.64.135.34
610,Anatol,Clemont,aclemontgx@friendfeed.com,Male,255.109.213.7
611,Lynne,Brakespear,lbrakespeargy@blinklist.com,Female,63.150.54.23
612,Tamera,Korous,tkorousgz@xing.com,Genderfluid,10.218.130.197
613,Olympie,Bouzek,obouzekh0@sfgate.com,Female,221.199.72.173
614,Thorvald,Brawn,tbrawnh1@gravatar.com,Male,86.135.185.160
615,Kippar,Twinn,ktwinnh2@ustream.tv,Male,223.31.227.244
616,Tybalt,Ranfield,tranfieldh3@loc.gov,Non-binary,127.24.224.138
617,Grethel,Thick,gthickh4@theatlantic.com,Bigender,91.1.22.29
618,Erica,Ickovitz,eickovitzh5@theglobeandmail.com,Polygender,195.0.27.228
619,Terrye,Vowells,tvowellsh6@wsj.com,Female,242.249.136.234
620,Alano,Boliver,aboliverh7@tinypic.com,Male,93.164.76.91
621,Pascal,Farrier,pfarrierh8@phpbb.com,Male,65.210.39.199
622,Dari,Newvill,dnewvillh9@mtv.com,Female,107.114.7.105
623,Rosalynd,Temprell,rtemprellha@hugedomains.com,Female,208.183.171.161
624,Dave,Wixon,dwixonhb@adobe.com,Male,119.201.187.188
625,Blair,Kelbie,bkelbiehc@japanpost.jp,Male,48.248.50.152
626,Wilmar,Houten,whoutenhd@intel.com,Male,81.135.182.240
627,Mill,Sokell,msokellhe@1688.com,Bigender,145.139.8.79
628,Hamilton,Fruish,hfruishhf@163.com,Male,109.228.10.127
629,Tierney,Burnell,tburnellhg@xrea.com,Female,226.239.67.204
630,Layney,Gwilt,lgwilthh@youtube.com,Female,32.98.73.99
631,Bellanca,Geely,bgeelyhi@europa.eu,Female,115.134.163.200
632,Janaya,Casier,jcasierhj@webnode.com,Female,169.86.227.228
633,Alexandre,Plomer,aplomerhk@icq.com,Male,113.155.186.175
634,Josefina,Burril,jburrilhl@sohu.com,Female,89.80.130.23
635,Alvin,Rutter,arutterhm@e-recht24.de,Genderfluid,155.178.106.249
636,Gerianne,Flieger,gfliegerhn@aboutads.info,Female,191.100.245.43
637,Lezlie,Fitzpatrick,lfitzpatrickho@oakley.com,Female,147.164.240.129
638,Andree,Mountain,amountainhp@dailymotion.com,Female,65.163.184.158
639,Caron,Booth-Jarvis,cboothjarvishq@taobao.com,Female,156.81.79.105
640,Eziechiele,Gorstidge,egorstidgehr@dot.gov,Male,125.219.148.29
641,Georgetta,Monelli,gmonellihs@sbwire.com,Female,172.136.135.147
642,Mordecai,Dafydd,mdafyddht@joomla.org,Male,53.15.193.145
643,Bernardina,Stapele,bstapelehu@cnet.com,Female,75.96.129.159
644,Cristal,Barday,cbardayhv@google.co.uk,Female,192.180.34.141
645,Silvan,Cromar,scromarhw@naver.com,Male,100.151.244.23
646,Harley,Thickett,hthicketthx@harvard.edu,Male,44.95.155.28
647,Sophey,Kubczak,skubczakhy@google.cn,Bigender,207.65.49.212
648,Rania,Corey,rcoreyhz@upenn.edu,Female,9.129.43.190
649,Udale,Penrice,upenricei0@addtoany.com,Male,222.32.192.64
650,Ettie,Schukert,eschukerti1@nba.com,Female,51.58.251.12
651,Angie,Beek,abeeki2@gizmodo.com,Male,171.147.77.232
652,Grazia,Basillon,gbasilloni3@bigcartel.com,Female,124.37.219.243
653,Neall,Le Marchand,nlemarchandi4@house.gov,Male,188.111.185.255
654,Lorrie,Gravie,lgraviei5@salon.com,Female,170.205.53.175
655,Rockwell,Agirre,ragirrei6@paypal.com,Male,130.147.199.196
656,Henrik,Loyd,hloydi7@a8.net,Male,109.48.127.106
657,Elysia,Martine,emartinei8@chronoengine.com,Female,193.177.115.186
658,Amara,O'Loughane,aoloughanei9@tiny.cc,Female,162.127.15.24
659,Golda,Shew,gshewia@fema.gov,Female,248.198.70.163
660,Lonnard,Laddle,lladdleib@plala.or.jp,Genderqueer,192.77.4.221
661,Bradley,Ishak,bishakic@parallels.com,Male,74.111.46.91
662,Catrina,Gowrich,cgowrichid@cornell.edu,Female,199.162.104.86
663,Stesha,Oty,sotyie@goodreads.com,Genderfluid,251.92.124.54
664,Krissy,Mc Ilwrick,kmcilwrickif@tamu.edu,Female,204.218.20.222
665,Courtney,Ivashintsov,civashintsovig@cbsnews.com,Male,147.254.133.149
666,Charlton,Postles,cpostlesih@sciencedaily.com,Male,134.21.43.92
667,Eldin,Colquit,ecolquitii@amazon.co.jp,Male,154.91.201.31
668,Washington,Sokell,wsokellij@diigo.com,Male,245.219.81.91
669,Cleve,Ketchen,cketchenik@uol.com.br,Male,22.14.156.130
670,Pavel,Ivanilov,pivanilovil@washington.edu,Male,204.172.171.230
671,Christopher,Bernucci,cbernucciim@myspace.com,Male,122.35.27.118
672,Lexie,Hulme,lhulmein@army.mil,Female,162.238.183.83
673,Damien,Birtwhistle,dbirtwhistleio@uiuc.edu,Male,185.195.36.192
674,Jolie,Gibby,jgibbyip@howstuffworks.com,Female,72.177.10.101
675,Bradan,Lancastle,blancastleiq@economist.com,Male,0.24.180.145
676,Garek,O'Sesnane,gosesnaneir@digg.com,Male,189.104.157.25
677,Dick,Noli,dnoliis@imgur.com,Male,241.243.249.112
678,Moss,Bigham,mbighamit@sciencedirect.com,Male,183.111.74.81
679,Carmon,Biskupiak,cbiskupiakiu@google.ru,Female,65.188.208.232
680,Gay,Sandle,gsandleiv@networkadvertising.org,Male,60.166.70.164
681,Austen,Rodway,arodwayiw@amazonaws.com,Male,158.250.168.150
682,Zacherie,Klaassens,zklaassensix@cdbaby.com,Male,104.0.121.141
683,Dominique,Lewsie,dlewsieiy@un.org,Female,215.89.112.239
684,Victor,Dyshart,vdyshartiz@state.gov,Male,183.191.137.140
685,Quintina,Forbes,qforbesj0@washington.edu,Female,168.49.185.53
686,Carrissa,Fallows,cfallowsj1@gov.uk,Female,170.33.4.61
687,Shelden,Tedman,stedmanj2@ibm.com,Male,168.144.91.96
688,Erick,Fido,efidoj3@huffingtonpost.com,Male,164.78.215.136
689,Desi,Haquard,dhaquardj4@1und1.de,Male,27.31.151.227
690,Allyce,Boulder,aboulderj5@xinhuanet.com,Female,50.216.228.2
691,Bartlett,Lynagh,blynaghj6@usgs.gov,Male,86.171.33.161
692,Margit,Dignam,mdignamj7@theguardian.com,Genderfluid,92.230.167.76
693,Rena,Chastang,rchastangj8@zdnet.com,Female,87.56.86.51
694,Nolana,Zannotelli,nzannotellij9@pinterest.com,Non-binary,33.177.108.142
695,Kevina,Dundredge,kdundredgeja@themeforest.net,Female,78.194.2.149
696,Mord,Coop,mcoopjb@umn.edu,Male,6.70.155.98
697,Nicky,Phizaclea,nphizacleajc@studiopress.com,Female,226.206.190.55
698,Eunice,Robyns,erobynsjd@youku.com,Polygender,189.17.148.206
699,Tresa,Colt,tcoltje@simplemachines.org,Female,55.198.53.140
700,Halsey,Wickson,hwicksonjf@boston.com,Male,197.95.81.23
701,Kiersten,Sansum,ksansumjg@plala.or.jp,Female,150.211.195.228
702,Elke,O'Luby,eolubyjh@cbslocal.com,Female,201.66.46.63
703,Terra,Speedy,tspeedyji@hud.gov,Female,144.248.184.233
704,Thomasine,Cadd,tcaddjj@bandcamp.com,Female,197.22.187.40
705,Parrnell,Bedow,pbedowjk@epa.gov,Male,117.254.216.179
706,Morley,Korfmann,mkorfmannjl@indiatimes.com,Male,227.154.131.18
707,Danila,Brownrigg,dbrownriggjm@amazon.com,Female,93.171.159.207
708,Julee,Gatecliff,jgatecliffjn@mtv.com,Female,49.252.126.65
709,Rourke,Garshore,rgarshorejo@time.com,Male,52.52.227.185
710,Oswald,Gallico,ogallicojp@nsw.gov.au,Male,19.126.62.251
711,Izaak,Karpmann,ikarpmannjq@ycombinator.com,Male,173.198.180.23
712,Ula,Crann,ucrannjr@yellowbook.com,Female,8.76.194.3
713,Libbey,Connors,lconnorsjs@xrea.com,Female,199.242.170.58
714,Ravi,Gillum,rgillumjt@google.com.hk,Male,118.166.79.89
715,Sile,Gothup,sgothupju@angelfire.com,Female,71.109.50.87
716,Hildegarde,Rockwell,hrockwelljv@amazon.de,Genderqueer,231.230.46.28
717,Jillie,Dowall,jdowalljw@acquirethisname.com,Agender,159.19.53.16
718,Aland,Phethean,aphetheanjx@twitpic.com,Male,12.165.90.245
719,Kipper,Boyland,kboylandjy@livejournal.com,Male,130.237.145.232
720,Matias,Jills,mjillsjz@mlb.com,Male,229.20.205.78
721,Chloris,Linturn,clinturnk0@mozilla.org,Female,28.213.32.154
722,Barde,Mc Mechan,bmcmechank1@behance.net,Male,89.209.12.130
723,Floria,Kneale,fknealek2@newyorker.com,Female,245.3.194.89
724,Gustaf,Ivell,givellk3@vimeo.com,Male,81.2.201.196
725,Will,Shyram,wshyramk4@archive.org,Male,237.243.251.79
726,Yule,Spur,yspurk5@zdnet.com,Male,157.250.242.94
727,Robby,Doust,rdoustk6@bloglines.com,Female,114.207.81.173
728,Josefa,Lawn,jlawnk7@free.fr,Female,46.251.163.124
729,Alard,Klezmski,aklezmskik8@jigsy.com,Male,187.214.21.3
730,Heath,Headford,hheadfordk9@yolasite.com,Female,142.175.70.239
731,Marven,Candwell,mcandwellka@dmoz.org,Male,86.69.194.75
732,Rennie,Guiet,rguietkb@usnews.com,Female,71.159.52.76
733,Ulrick,Addionizio,uaddioniziokc@bloglines.com,Male,186.90.95.113
734,Jaquith,Carp,jcarpkd@princeton.edu,Female,212.221.192.19
735,Dukie,Domenichini,ddomenichinike@usatoday.com,Male,60.168.141.137
736,Phedra,Deener,pdeenerkf@sourceforge.net,Female,233.204.47.198
737,Yves,Hildrew,yhildrewkg@epa.gov,Male,133.23.6.232
738,Dulcea,Snookes,dsnookeskh@phpbb.com,Female,177.42.197.194
739,Neal,Odeson,nodesonki@chron.com,Male,211.231.252.16
740,Brandtr,Tromans,btromanskj@chron.com,Male,218.2.151.243
741,Vinnie,Goudy,vgoudykk@tripadvisor.com,Male,7.45.39.50
742,Thadeus,Billingsley,tbillingsleykl@answers.com,Male,120.131.64.113
743,Yuri,Iamittii,yiamittiikm@spotify.com,Male,143.26.205.55
744,Hew,Lambdean,hlambdeankn@imdb.com,Male,110.134.99.1
745,Dory,Stegel,dstegelko@hatena.ne.jp,Polygender,105.125.160.228
746,Berton,Geany,bgeanykp@cnn.com,Male,176.76.204.210
747,Kimberlee,Drance,kdrancekq@microsoft.com,Female,193.47.234.38
748,Engelbert,Hearon,ehearonkr@imageshack.us,Male,90.120.188.73
749,Chad,Kingescot,ckingescotks@reuters.com,Female,169.153.28.216
750,Fin,Gateshill,fgateshillkt@yahoo.co.jp,Male,224.73.37.123
751,Danny,Muck,dmuckku@acquirethisname.com,Male,4.15.103.168
752,Bryanty,Croxall,bcroxallkv@amazonaws.com,Polygender,130.0.238.99
753,Nancee,Restieaux,nrestieauxkw@engadget.com,Female,108.224.253.178
754,Cos,Tummond,ctummondkx@typepad.com,Polygender,66.54.138.187
755,Amelia,Mackrell,amackrellky@yellowbook.com,Female,15.160.5.104
756,Ofelia,Sember,osemberkz@tuttocitta.it,Female,173.120.134.187
757,Bryana,Barks,bbarksl0@state.gov,Female,9.44.148.39
758,Wayne,Kneesha,wkneeshal1@hao123.com,Male,123.135.3.221
759,Leo,Hodgin,lhodginl2@nih.gov,Male,47.43.3.244
760,Eddie,Hlavecek,ehlavecekl3@ox.ac.uk,Male,49.53.207.28
761,Grace,Pepineaux,gpepineauxl4@disqus.com,Genderqueer,140.81.239.55
762,Otis,Pelzer,opelzerl5@phpbb.com,Agender,95.231.99.30
763,Gwendolin,Sadgrove,gsadgrovel6@newyorker.com,Female,138.178.103.53
764,Armando,De Beauchamp,adebeauchampl7@hp.com,Male,18.245.99.252
765,Ebba,Westell,ewestelll8@mozilla.org,Female,110.192.25.252
766,Andres,Dorrity,adorrityl9@amazon.de,Male,46.155.47.184
767,Maynord,Klisch,mklischla@xrea.com,Male,143.116.18.252
768,Hilda,Ruffli,hrufflilb@acquirethisname.com,Female,21.239.148.103
769,Cam,Geleman,cgelemanlc@cmu.edu,Female,122.24.223.106
770,Kaile,Ivons,kivonsld@tripod.com,Female,100.68.155.17
771,Donia,Matthis,dmatthisle@bandcamp.com,Female,60.179.53.92
772,Una,Swenson,uswensonlf@dot.gov,Female,133.139.111.227
773,Anselm,McKeowon,amckeowonlg@cbslocal.com,Male,181.162.30.115
774,Tobie,Justham,tjusthamlh@google.fr,Male,106.57.94.40
775,Tull,Aymeric,taymericli@redcross.org,Bigender,90.124.47.136
776,Zora,Halbert,zhalbertlj@discuz.net,Non-binary,134.108.33.13
777,Audrye,Codrington,acodringtonlk@pen.io,Female,215.52.216.31
778,Skippie,Tesmond,stesmondll@goo.ne.jp,Male,138.177.130.207
779,Hebert,McCalister,hmccalisterlm@ft.com,Male,14.129.96.103
780,Robbert,Lill,rlillln@networksolutions.com,Male,64.118.243.149
781,Joey,Calender,jcalenderlo@upenn.edu,Female,103.126.203.94
782,Ellen,Choat,echoatlp@123-reg.co.uk,Female,6.229.25.93
783,Margaretha,Purrington,mpurringtonlq@elpais.com,Female,227.237.153.184
784,Artus,Spinello,aspinellolr@google.it,Male,63.31.8.212
785,Cosmo,Mahoney,cmahoneyls@fotki.com,Male,250.48.119.117
786,Peg,Bergeon,pbergeonlt@drupal.org,Genderqueer,207.171.2.167
787,Antoni,Liell,alielllu@twitpic.com,Male,224.69.53.56
788,Adams,Siberry,asiberrylv@columbia.edu,Male,71.85.254.224
789,Mohammed,Heggadon,mheggadonlw@businessinsider.com,Male,199.224.6.193
790,Sissie,Wyndham,swyndhamlx@boston.com,Female,16.112.181.128
791,Carolann,Josselsohn,cjosselsohnly@parallels.com,Female,6.93.30.44
792,Fawn,Berriball,fberriballlz@admin.ch,Female,63.115.24.204
793,Ben,Vanyutin,bvanyutinm0@lycos.com,Male,68.215.203.27
794,Ross,Leworthy,rleworthym1@ucoz.com,Male,193.201.67.33
795,Sher,Fosher,sfosherm2@comsenz.com,Female,27.40.251.164
796,Nonna,Dutteridge,ndutteridgem3@dell.com,Female,22.94.191.14
797,Linnea,Knowling,lknowlingm4@bing.com,Female,100.16.218.88
798,Zane,Casper,zcasperm5@scribd.com,Male,151.10.51.226
799,Laural,Escoffrey,lescoffreym6@biglobe.ne.jp,Female,120.186.33.19
800,Laurent,Swayton,lswaytonm7@va.gov,Male,43.174.173.201
801,Caril,Melloy,cmelloym8@amazon.co.uk,Female,223.12.120.180
802,Bord,Farrow,bfarrowm9@indiatimes.com,Male,114.31.194.22
803,Josepha,Peirazzi,jpeirazzima@youtube.com,Female,187.132.16.59
804,Lark,Kintzel,lkintzelmb@hatena.ne.jp,Female,120.68.213.59
805,Mavis,Burney,mburneymc@list-manage.com,Female,196.22.167.230
806,Joete,Wybern,jwybernmd@nba.com,Female,173.203.16.239
807,Valentino,Chritchlow,vchritchlowme@storify.com,Male,180.118.44.244
808,Marlon,McKniely,mmcknielymf@odnoklassniki.ru,Male,50.212.220.131
809,Jamison,Gott,jgottmg@europa.eu,Male,61.120.230.98
810,Philipa,Chisholm,pchisholmmh@scribd.com,Polygender,202.78.40.88
811,Wye,Windus,wwindusmi@360.cn,Male,158.130.239.132
812,Luciana,Pringour,lpringourmj@sfgate.com,Female,239.119.90.10
813,Elvin,Edge,eedgemk@cargocollective.com,Male,7.143.147.121
814,Michele,Clint,mclintml@artisteer.com,Female,61.218.92.214
815,Rosalie,Loudon,rloudonmm@amazonaws.com,Female,188.176.57.126
816,Shea,Orrock,sorrockmn@exblog.jp,Female,57.18.140.122
817,Johann,Emblin,jemblinmo@clickbank.net,Male,95.82.20.219
818,Rockie,Marzele,rmarzelemp@barnesandnoble.com,Male,18.146.18.60
819,Josee,Hanscombe,jhanscombemq@wix.com,Female,53.237.137.125
820,Rheba,Memmory,rmemmorymr@about.me,Female,172.112.68.54
821,Charisse,Jewel,cjewelms@examiner.com,Female,44.223.149.230
822,Ezekiel,Sonier,esoniermt@usnews.com,Male,90.195.221.29
823,Audi,Pattinson,apattinsonmu@hexun.com,Female,125.120.175.139
824,Clareta,Twigger,ctwiggermv@a8.net,Non-binary,16.0.20.177
825,Lamar,Wheldon,lwheldonmw@mashable.com,Male,43.243.180.180
826,Donnell,Jaze,djazemx@timesonline.co.uk,Male,114.211.84.180
827,Scarlet,Trehearn,strehearnmy@stumbleupon.com,Female,176.30.83.228
828,Chelsy,Castellini,ccastellinimz@archive.org,Female,249.138.61.76
829,Kingsley,Behrend,kbehrendn0@ihg.com,Male,14.252.78.96
830,Martica,Mapes,mmapesn1@virginia.edu,Female,121.208.124.62
831,Dulcie,Klaussen,dklaussenn2@gov.uk,Female,121.113.170.201
832,Earle,Rodgman,erodgmann3@51.la,Male,205.17.111.77
833,Aryn,Deme,ademen4@epa.gov,Female,114.41.107.43
834,Else,Escala,eescalan5@about.com,Female,48.121.40.81
835,Aprilette,Howden,ahowdenn6@google.de,Female,41.101.242.22
836,Nolan,Meakin,nmeakinn7@netlog.com,Male,71.120.232.121
837,Adiana,Oldmeadow,aoldmeadown8@themeforest.net,Female,217.177.19.174
838,Gilberta,Lavall,glavalln9@typepad.com,Female,32.254.53.9
839,Clair,Verrechia,cverrechiana@globo.com,Agender,171.81.110.190
840,Berk,Lawfull,blawfullnb@accuweather.com,Male,109.192.109.92
841,Shirlee,Skough,sskoughnc@google.fr,Female,89.191.132.161
842,Pauly,Castilla,pcastilland@devhub.com,Bigender,155.248.68.226
843,Malinde,McClymont,mmcclymontne@is.gd,Female,80.135.11.244
844,Baryram,Gwillim,bgwillimnf@bandcamp.com,Male,104.87.197.61
845,Findlay,Goby,fgobyng@bbc.co.uk,Male,34.253.75.206
846,Amberly,Nano,ananonh@vistaprint.com,Female,103.238.20.36
847,Zarla,Gawith,zgawithni@t.co,Female,135.247.137.151
848,Ugo,Gourlay,ugourlaynj@qq.com,Male,253.59.61.155
849,Tate,Winman,twinmannk@wix.com,Genderqueer,168.23.123.251
850,Sofie,Gillingham,sgillinghamnl@sciencedirect.com,Female,18.101.25.42
851,Ragnar,Backhouse,rbackhousenm@chicagotribune.com,Male,34.103.232.193
852,Sibyl,Southerns,ssouthernsnn@sogou.com,Male,41.119.72.215
853,Arty,Vecard,avecardno@squarespace.com,Male,177.249.176.2
854,Nell,Bartalucci,nbartaluccinp@apache.org,Female,161.35.25.169
855,Rodrick,Coggon,rcoggonnq@cargocollective.com,Male,79.210.34.68
856,Lindsey,Cavendish,lcavendishnr@businesswire.com,Female,171.83.76.117
857,Vince,Bartlet,vbartletns@hao123.com,Male,244.78.136.176
858,Loralyn,Tearle,ltearlent@google.ru,Female,71.219.18.58
859,Hope,Ashfold,hashfoldnu@jimdo.com,Non-binary,171.71.151.131
860,Neils,Shedd,nsheddnv@themeforest.net,Male,114.217.157.251
861,Carlyle,Gianni,cgianninw@vinaora.com,Male,52.12.109.32
862,Jacky,Hatherley,jhatherleynx@opera.com,Agender,170.132.72.242
863,Byrom,O'Heneghan,boheneghanny@admin.ch,Genderfluid,97.127.111.45
864,Herminia,Wellwood,hwellwoodnz@friendfeed.com,Female,39.202.11.229
865,Nickie,Grieves,ngrieveso0@japanpost.jp,Female,44.224.23.229
866,Sanford,MacDiarmond,smacdiarmondo1@eepurl.com,Male,64.222.24.54
867,Heinrik,Hankard,hhankardo2@unicef.org,Male,214.61.196.246
868,Guendolen,Brewitt,gbrewitto3@nbcnews.com,Female,217.125.33.157
869,Evvie,Bembridge,ebembridgeo4@hud.gov,Non-binary,93.233.230.60
870,Shanie,Sleite,ssleiteo5@netvibes.com,Female,179.90.34.207
871,Sharia,Skeat,sskeato6@360.cn,Polygender,249.226.78.23
872,Leeland,Langeley,llangeleyo7@disqus.com,Male,141.250.164.94
873,Stearne,Petkov,spetkovo8@meetup.com,Male,202.249.50.176
874,Benji,Venour,bvenouro9@naver.com,Male,204.83.43.189
875,Aylmar,Janatka,ajanatkaoa@java.com,Genderfluid,157.243.25.120
876,Bank,Petchey,bpetcheyob@artisteer.com,Male,99.137.160.196
877,Ulick,Sydry,usydryoc@latimes.com,Agender,23.191.238.75
878,Wood,Dearle,wdearleod@fema.gov,Male,166.113.49.14
879,Gawen,Rylstone,grylstoneoe@google.de,Male,151.230.79.109
880,Wood,Guerre,wguerreof@ca.gov,Male,214.38.127.192
881,Adolf,Parysowna,aparysownaog@flickr.com,Male,251.112.30.251
882,Cari,Crackel,ccrackeloh@wired.com,Female,81.164.148.95
883,Joane,Hollingby,jhollingbyoi@apple.com,Female,61.102.198.42
884,Silvain,Kingerby,skingerbyoj@nationalgeographic.com,Male,57.52.181.219
885,Julius,Gulland,jgullandok@reference.com,Male,105.170.129.76
886,Kirsten,Leatherland,kleatherlandol@uiuc.edu,Female,177.7.136.144
887,Conny,Sehorsch,csehorschom@geocities.com,Male,50.94.231.12
888,Rowney,Woodhams,rwoodhamson@jalbum.net,Male,152.221.63.31
889,Aluino,Druitt,adruittoo@artisteer.com,Male,229.80.33.100
890,Sigrid,Bramford,sbramfordop@rediff.com,Female,215.106.226.233
891,Sisely,Kave,skaveoq@reuters.com,Female,116.78.252.196
892,Modestine,Standing,mstandingor@dmoz.org,Female,75.74.212.45
893,Alessandra,Sked,askedos@dion.ne.jp,Female,222.246.28.38
894,Ree,Eastmead,reastmeadot@free.fr,Female,222.29.17.30
895,Feliks,Brittles,fbrittlesou@instagram.com,Male,123.43.230.100
896,Brooks,Gollin,bgollinov@hp.com,Male,63.97.240.243
897,Sibley,Marshall,smarshallow@webs.com,Female,187.190.28.69
898,Dulcie,O'Sheils,dosheilsox@webeden.co.uk,Female,83.93.157.34
899,Gaspar,Beckles,gbecklesoy@storify.com,Male,141.32.248.109
900,Rancell,Hosier,rhosieroz@usda.gov,Male,246.84.0.218
901,Rockey,Ungerer,rungererp0@sciencedirect.com,Male,255.224.176.39
902,Paola,Chismon,pchismonp1@globo.com,Female,180.68.227.178
903,Curtice,Carradice,ccarradicep2@zdnet.com,Male,127.171.168.205
904,Rasia,Farrimond,rfarrimondp3@gizmodo.com,Female,73.232.32.224
905,Gratia,Deverson,gdeversonp4@dropbox.com,Female,48.253.45.147
906,Karalee,Ilyas,kilyasp5@youtu.be,Female,54.149.134.66
907,Dorey,Beceril,dbecerilp6@google.co.uk,Male,73.104.122.53
908,Jaquelin,Mitten,jmittenp7@hao123.com,Agender,30.243.209.77
909,Aloysia,Hunnable,ahunnablep8@princeton.edu,Female,140.28.178.116
910,Danika,Alwen,dalwenp9@people.com.cn,Female,149.7.67.160
911,Griz,Livoir,glivoirpa@google.co.uk,Polygender,177.39.100.208
912,Dinnie,Scoyles,dscoylespb@about.me,Female,10.254.234.196
913,Meridel,Fudge,mfudgepc@go.com,Female,196.110.10.145
914,Otho,Cutbirth,ocutbirthpd@narod.ru,Male,109.53.234.29
915,Meagan,Dmych,mdmychpe@vkontakte.ru,Female,150.73.148.57
916,Gustavus,Fullwood,gfullwoodpf@marketwatch.com,Male,200.142.127.0
917,Danit,Tregiddo,dtregiddopg@posterous.com,Female,181.200.62.193
918,Jillana,Saunderson,jsaundersonph@toplist.cz,Female,110.121.161.139
919,Ichabod,Burroughes,iburroughespi@sohu.com,Agender,173.170.24.197
920,Wally,Nacci,wnaccipj@si.edu,Male,59.100.33.101
921,Barbra,Freschini,bfreschinipk@fda.gov,Female,114.75.201.138
922,Sayre,Tokell,stokellpl@smugmug.com,Male,227.38.58.76
923,Nickolai,Appleton,nappletonpm@google.pl,Male,191.176.200.56
924,Amery,Bresson,abressonpn@berkeley.edu,Male,249.227.133.162
925,Shoshanna,Caze,scazepo@flavors.me,Female,58.81.135.145
926,Elijah,Allebone,eallebonepp@lulu.com,Male,123.167.101.81
927,Mallorie,Sponder,msponderpq@mtv.com,Female,13.186.162.58
928,Kasper,Casement,kcasementpr@biblegateway.com,Male,175.51.101.144
929,Mendy,MacDermid,mmacdermidps@webs.com,Male,72.153.5.74
930,Ty,Shalliker,tshallikerpt@ameblo.jp,Male,141.11.237.254
931,Dur,Custy,dcustypu@hibu.com,Non-binary,111.245.154.134
932,Hollyanne,Belchamber,hbelchamberpv@blogs.com,Female,147.87.113.201
933,Oswell,Lindup,olinduppw@oaic.gov.au,Male,240.244.124.93
934,Jed,Fabry,jfabrypx@spiegel.de,Male,180.79.243.255
935,Ardene,Jiruca,ajirucapy@mac.com,Female,243.163.112.158
936,Lizzie,Vassay,lvassaypz@theatlantic.com,Female,137.15.249.224
937,Mallory,Dovinson,mdovinsonq0@pinterest.com,Female,214.77.132.20
938,Iolanthe,Jacobsohn,ijacobsohnq1@example.com,Female,234.154.52.19
939,Leonid,Denson,ldensonq2@dropbox.com,Male,25.235.54.61
940,Oren,Lillistone,olillistoneq3@taobao.com,Male,134.120.164.55
941,Hunter,Rochford,hrochfordq4@unc.edu,Male,4.183.183.251
942,Marcile,Eckhard,meckhardq5@people.com.cn,Female,4.69.27.30
943,Orson,Killimister,okillimisterq6@japanpost.jp,Male,200.226.41.243
944,Ayn,Agget,aaggetq7@github.com,Polygender,5.2.58.237
945,Valli,Barrus,vbarrusq8@nba.com,Female,145.6.231.6
946,Ali,Du Hamel,aduhamelq9@globo.com,Agender,228.30.159.150
947,Carlie,Tincombe,ctincombeqa@ebay.co.uk,Male,30.137.0.127
948,Janie,Wakely,jwakelyqb@google.com.au,Female,125.10.187.169
949,Cecilia,Stirrip,cstirripqc@java.com,Female,59.211.253.195
950,Carri,Sillitoe,csillitoeqd@bbb.org,Female,74.118.3.113
951,Chloette,Totaro,ctotaroqe@unblog.fr,Female,138.41.155.56
952,Ailyn,Rebichon,arebichonqf@weibo.com,Female,255.54.127.170
953,Neille,Gwalter,ngwalterqg@cargocollective.com,Female,48.120.172.109
954,Art,Brigman,abrigmanqh@imdb.com,Male,233.111.252.163
955,Beauregard,Dimsdale,bdimsdaleqi@fema.gov,Male,42.242.105.145
956,Karlotte,Cumberbatch,kcumberbatchqj@bloglines.com,Female,69.120.21.57
957,Mandi,Shoutt,mshouttqk@bloomberg.com,Female,249.221.48.228
958,Norry,Weaben,nweabenql@gizmodo.com,Bigender,48.58.25.89
959,Lorianne,Worts,lwortsqm@nyu.edu,Female,210.184.161.223
960,Jeromy,Ugolotti,jugolottiqn@home.pl,Male,23.244.83.85
961,Genvieve,Excell,gexcellqo@amazon.com,Female,158.164.135.109
962,Garvin,Osborne,gosborneqp@geocities.jp,Male,143.204.222.199
963,Carlene,Comizzoli,ccomizzoliqq@microsoft.com,Female,187.146.11.157
964,June,De Freitas,jdefreitasqr@google.fr,Genderfluid,136.120.149.10
965,Adolpho,Digwood,adigwoodqs@sina.com.cn,Male,218.97.13.18
966,Herschel,Maude,hmaudeqt@newsvine.com,Male,34.22.52.76
967,Inness,Percival,ipercivalqu@usa.gov,Male,101.240.96.184
968,Bryan,Grayland,bgraylandqv@cam.ac.uk,Genderqueer,87.201.75.51
969,Orran,Doby,odobyqw@163.com,Male,245.173.103.76
970,Edith,Greep,egreepqx@seattletimes.com,Female,223.201.44.200
971,Mattie,Leacy,mleacyqy@state.tx.us,Male,132.139.82.165
972,Cody,Nuton,cnutonqz@uiuc.edu,Female,247.41.232.77
973,Killy,Drane,kdraner0@state.gov,Male,130.143.105.198
974,Isabelita,While,iwhiler1@com.com,Female,128.12.213.244
975,Reece,Rumsby,rrumsbyr2@latimes.com,Male,174.112.177.169
976,Eleanora,Ciottoi,eciottoir3@tinyurl.com,Female,112.19.191.0
977,Stephan,Lowndes,slowndesr4@globo.com,Male,130.219.79.72
978,Quinta,Dedrick,qdedrickr5@usa.gov,Polygender,177.20.142.170
979,Dermot,MacGilpatrick,dmacgilpatrickr6@noaa.gov,Male,245.70.223.33
980,Woodrow,Franses,wfransesr7@wikimedia.org,Genderfluid,51.194.71.110
981,Dani,Minerdo,dminerdor8@wisc.edu,Male,60.181.188.107
982,Alexandra,O'Fallone,aofalloner9@bbb.org,Female,196.111.2.90
983,Hillyer,Jouannisson,hjouannissonra@china.com.cn,Male,12.3.216.71
984,Karlan,Dignam,kdignamrb@unblog.fr,Male,4.244.142.99
985,Charley,Kelby,ckelbyrc@yellowbook.com,Male,83.90.32.78
986,Wilhelmine,Plomer,wplomerrd@etsy.com,Female,45.32.202.35
987,Lola,Woodstock,lwoodstockre@bloglines.com,Female,31.64.227.197
988,Gaylord,Klimkiewich,gklimkiewichrf@pbs.org,Male,210.36.35.148
989,Rosene,Dade,rdaderg@quantcast.com,Female,113.250.19.39
990,Selestina,Gradly,sgradlyrh@themeforest.net,Female,50.175.107.139
991,Waring,Klaus,wklausri@scientificamerican.com,Male,219.55.13.235
992,Oneida,Benn,obennrj@psu.edu,Female,50.101.193.21
993,Kahaleel,Boffey,kboffeyrk@vkontakte.ru,Male,224.53.72.37
994,Amata,Coronado,acoronadorl@whitehouse.gov,Female,172.252.245.88
995,Elyn,Shaplin,eshaplinrm@weebly.com,Female,92.80.187.226
996,Verney,Bromilow,vbromilowrn@163.com,Male,238.212.128.125
997,Aguie,Bridle,abridlero@pagesperso-orange.fr,Male,90.254.238.4
998,Clea,Twigge,ctwiggerp@java.com,Bigender,9.196.116.17
999,Rosie,Jager,rjagerrq@edublogs.org,Bigender,217.113.123.223
1000,Grantley,Strelitz,gstrelitzrr@t.co,Male,80.14.142.152
