id,first_name,last_name,email,gender,ip_address
1,Tamarra,Pattenden,tpattenden0@ftc.gov,Female,219.180.163.26
2,Kaycee,Herculeson,kherculeson1@tiny.cc,Female,229.103.23.199
3,Meris,Jessett,mjessett2@google.com.au,Female,160.53.120.153
4,Ruperto,Milton-White,rmiltonwhite3@mozilla.com,Male,233.242.116.247
5,Zola,Kubecka,zkubecka4@rakuten.co.jp,Female,246.9.150.204
6,Ossie,Simpole,osimpole5@so-net.ne.jp,Male,18.136.45.199
7,Gerda,Avard,gavard6@tiny.cc,Female,31.47.120.188
8,Percy,Arnison,parnison7@cloudflare.com,Male,244.80.69.75
9,Vinita,Dorkin,vdorkin8@lycos.com,Female,66.157.6.178
10,Trevor,Asprey,tasprey9@odnoklassniki.ru,Male,182.94.168.184
11,Margit,Cheeney,mcheeneya@webeden.co.uk,Female,148.56.219.129
12,Wendell,Varney,wvarneyb@berkeley.edu,Male,168.133.98.254
13,Wally,Cassels,wcasselsc@php.net,Female,72.95.249.8
14,Marnie,Bariball,mbariballd@weibo.com,Female,76.111.5.164
15,Son,Gorse,sgorsee@wunderground.com,Male,23.121.236.5
16,Miner,Stanner,mstannerf@answers.com,Male,116.199.173.123
17,Mervin,Divall,mdivallg@geocities.jp,Non-binary,47.213.19.67
18,Drusilla,Loudyan,dloudyanh@webnode.com,Female,195.206.60.22
19,Rene,Beri,rberii@loc.gov,Polygender,238.41.0.103
20,Peria,Blyde,pblydej@elpais.com,Female,75.27.101.55
21,Fonz,Van Geffen,fvangeffenk@ovh.net,Male,227.6.86.120
22,Babbette,Huniwall,bhuniwalll@ehow.com,Female,141.48.221.32
23,Hagan,Dackombe,hdackombem@scientificamerican.com,Male,73.155.111.5
24,Rickert,McCulloch,rmccullochn@bbb.org,Male,27.22.253.25
25,Wang,McCambrois,wmccambroiso@wufoo.com,Male,47.153.156.230
26,Lamond,Morphet,lmorphetp@house.gov,Male,253.255.204.248
27,Thain,Scare,tscareq@dyndns.org,Male,97.244.109.58
28,Sigismondo,Cunrado,scunrador@ucsd.edu,Male,78.6.126.238
29,Nollie,Mariaud,nmariauds@diigo.com,Female,6.135.178.255
30,Waite,Deegin,wdeegint@auda.org.au,Agender,33.28.253.224
31,Aurie,Benoix,abenoixu@edublogs.org,Female,235.75.96.190
32,Carr,Cutriss,ccutrissv@loc.gov,Male,91.21.218.124
33,Engelbert,Castelletto,ecastellettow@theatlantic.com,Male,119.116.103.181
34,Gal,Haimes,ghaimesx@digg.com,Male,237.102.68.81
35,Lin,Savary,lsavaryy@google.pl,Female,180.103.60.205
36,Prinz,Gibb,pgibbz@redcross.org,Male,90.23.152.110
37,Pavla,Brearty,pbrearty10@miibeian.gov.cn,Female,176.69.80.181
38,Corny,Breslin,cbreslin11@surveymonkey.com,Male,205.142.251.122
39,Hubert,Gaenor,hgaenor12@statcounter.com,Male,50.133.23.217
40,Westleigh,Cleyburn,wcleyburn13@army.mil,Male,106.102.172.112
41,Rodrique,Phillimore,rphillimore14@free.fr,Male,47.167.99.118
42,Ardenia,Grimolbie,agrimolbie15@pbs.org,Female,242.217.66.205
43,Madeline,Murton,mmurton16@so-net.ne.jp,Female,187.231.222.82
44,Chrysler,Brumen,cbrumen17@woothemes.com,Genderfluid,225.179.232.140
45,Jolyn,Brealey,jbrealey18@illinois.edu,Female,177.96.98.224
46,Saxe,Cripin,scripin19@huffingtonpost.com,Male,185.77.137.80
47,Merle,Boys,mboys1a@usnews.com,Female,26.125.3.193
48,William,Shoppee,wshoppee1b@ucoz.com,Male,78.57.155.104
49,Garnet,McCreery,gmccreery1c@sphinn.com,Female,40.45.246.127
50,Verile,Inmett,vinmett1d@aol.com,Female,116.220.54.136
51,Jesse,Poplee,jpoplee1e@altervista.org,Male,118.205.5.63
52,Genevieve,Wittey,gwittey1f@hp.com,Female,196.161.232.218
53,Tynan,Frazier,tfrazier1g@ifeng.com,Male,87.87.129.8
54,Tiffanie,Fellgate,tfellgate1h@arstechnica.com,Female,211.95.186.173
55,Amye,Sydry,asydry1i@blinklist.com,Female,117.65.42.54
56,Stearn,Shuttleworth,sshuttleworth1j@intel.com,Male,192.234.213.65
57,Egan,Stitson,estitson1k@oaic.gov.au,Male,7.95.243.143
58,Miles,Geertsen,mgeertsen1l@trellian.com,Male,5.151.121.48
59,Ronald,Jorat,rjorat1m@geocities.jp,Male,49.4.91.82
60,Paddy,Scholling,pscholling1n@shop-pro.jp,Male,15.59.156.182
61,Moina,Kemster,mkemster1o@youtu.be,Female,76.141.152.206
62,Hyman,McCarry,hmccarry1p@jugem.jp,Genderfluid,132.239.187.126
63,Jeanna,Flintiff,jflintiff1q@cnn.com,Female,48.196.250.53
64,Son,Hughlin,shughlin1r@blogs.com,Male,78.191.66.49
65,Doralynne,Tharme,dtharme1s@nytimes.com,Female,79.48.115.93
66,Siegfried,Mearing,smearing1t@unc.edu,Male,59.255.102.11
67,Haleigh,Firmager,hfirmager1u@nih.gov,Male,201.108.228.70
68,Gregor,Rakestraw,grakestraw1v@goodreads.com,Male,130.172.51.129
69,Halette,Headland,hheadland1w@canalblog.com,Female,94.131.211.82
70,Annice,Pawnsford,apawnsford1x@miibeian.gov.cn,Female,112.246.191.220
71,Stacia,McMoyer,smcmoyer1y@amazon.co.uk,Female,156.23.2.183
72,Halie,Duce,hduce1z@merriam-webster.com,Female,198.234.81.46
73,Gray,Goodredge,ggoodredge20@paypal.com,Male,105.42.183.104
74,Daven,Ollive,dollive21@blogspot.com,Male,190.111.170.147
75,Allx,Noakes,anoakes22@twitter.com,Female,142.48.110.162
76,Tybie,Redwin,tredwin23@cbsnews.com,Female,69.183.60.248
77,Hope,Elman,helman24@sourceforge.net,Polygender,67.14.88.234
78,Lefty,Di Nisco,ldinisco25@sitemeter.com,Male,164.67.160.37
79,Joannes,Ciraldo,jciraldo26@noaa.gov,Female,29.161.28.126
80,Olympie,Rentcome,orentcome27@zdnet.com,Female,119.67.43.231
81,Gilbert,McMillam,gmcmillam28@phpbb.com,Male,191.34.5.219
82,Cyndi,Jeannin,cjeannin29@time.com,Female,82.211.117.215
83,Dion,Worsam,dworsam2a@wired.com,Male,192.36.201.229
84,Dicky,Snazel,dsnazel2b@slashdot.org,Male,18.86.96.181
85,Dacy,Wardhaugh,dwardhaugh2c@nih.gov,Female,232.186.46.238
86,Josiah,Rait,jrait2d@imageshack.us,Male,106.202.178.52
87,Johann,Yates,jyates2e@oracle.com,Male,130.45.63.15
88,Lowrance,Corrie,lcorrie2f@angelfire.com,Male,25.78.255.136
89,Johnnie,Chaston,jchaston2g@jalbum.net,Male,165.24.68.193
90,Tilly,Alexandersen,talexandersen2h@aol.com,Female,15.95.233.47
91,Bing,Beazer,bbeazer2i@gmpg.org,Male,24.64.253.137
92,Dixie,Cattemull,dcattemull2j@cbc.ca,Female,26.171.172.124
93,Sam,Nys,snys2k@elpais.com,Female,234.69.76.237
94,Giralda,Lampet,glampet2l@a8.net,Female,176.227.239.45
95,Linus,Wescott,lwescott2m@wired.com,Male,94.248.169.65
96,Steffen,Talboy,stalboy2n@state.tx.us,Male,40.183.203.115
97,Franny,Bispo,fbispo2o@si.edu,Male,231.135.163.103
98,Nonah,Coleford,ncoleford2p@cam.ac.uk,Female,176.162.124.146
99,Swen,Safell,ssafell2q@ifeng.com,Male,158.233.103.70
100,Ingrim,Webb-Bowen,iwebbbowen2r@edublogs.org,Male,251.94.246.171
101,Dione,Dublin,ddublin2s@com.com,Female,83.135.129.57
102,Kathe,Songest,ksongest2t@foxnews.com,Female,28.77.225.174
103,Barty,Waberer,bwaberer2u@sphinn.com,Agender,155.11.8.177
104,Frankie,Flatt,fflatt2v@java.com,Male,122.253.217.131
105,Nicolina,Simes,nsimes2w@wordpress.org,Female,67.184.48.16
106,Leese,Oag,loag2x@youtu.be,Female,114.105.31.234
107,Joelly,Barthropp,jbarthropp2y@sourceforge.net,Female,175.156.128.88
108,Glendon,Gunbie,ggunbie2z@bandcamp.com,Male,139.61.86.110
109,Loise,Rowan,lrowan30@dedecms.com,Female,58.242.211.76
110,Parrnell,Fydo,pfydo31@examiner.com,Male,182.162.106.114
111,Hinda,Bushnell,hbushnell32@uol.com.br,Female,159.153.136.186
112,Bard,Tulk,btulk33@yolasite.com,Male,176.40.165.247
113,Twila,Barrat,tbarrat34@last.fm,Female,213.130.107.122
114,Mirilla,Garthshore,mgarthshore35@seattletimes.com,Female,115.59.101.90
115,Powell,Bourley,pbourley36@lycos.com,Male,114.139.39.24
116,Cathlene,Lintin,clintin37@de.vu,Female,115.68.125.239
117,Wandie,Lochet,wlochet38@phpbb.com,Non-binary,187.253.60.23
118,Townsend,Braunton,tbraunton39@google.pl,Male,229.84.183.47
119,Fernande,Kamall,fkamall3a@printfriendly.com,Female,77.238.62.52
120,Steffie,Luten,sluten3b@digg.com,Female,94.122.217.39
121,Ingelbert,Thornhill,ithornhill3c@360.cn,Male,136.34.209.199
122,Tailor,Agneau,tagneau3d@ovh.net,Male,201.25.6.143
123,Joelly,Spivey,jspivey3e@opensource.org,Genderqueer,213.214.148.2
124,Cati,Oldam,coldam3f@networksolutions.com,Female,100.127.167.157
125,Dorothea,Fonso,dfonso3g@ibm.com,Female,73.203.192.71
126,Dniren,Cashford,dcashford3h@skype.com,Female,144.191.54.103
127,Eyde,Abdie,eabdie3i@google.com,Female,38.156.98.130
128,Mady,Kimmitt,mkimmitt3j@ebay.co.uk,Female,107.112.94.201
129,Enoch,Gemmell,egemmell3k@irs.gov,Male,40.40.238.199
130,Beryl,Bailey,bbailey3l@amazon.com,Female,49.102.203.192
131,Fletcher,Pattini,fpattini3m@jiathis.com,Non-binary,166.241.8.165
132,Malia,Atton,matton3n@a8.net,Female,1.174.213.18
133,Brew,Hubbucks,bhubbucks3o@reuters.com,Male,31.216.127.47
134,Tammy,Gryglewski,tgryglewski3p@miibeian.gov.cn,Male,23.118.142.235
135,Colman,Chritchlow,cchritchlow3q@twitter.com,Male,103.188.125.25
136,Merrily,Leggen,mleggen3r@constantcontact.com,Female,4.58.194.182
137,Cornie,Sketh,csketh3s@php.net,Female,221.70.137.0
138,Hilarius,Seeking,hseeking3t@sogou.com,Male,218.159.152.131
139,West,Greendale,wgreendale3u@dell.com,Male,184.94.223.195
140,Fina,Dudny,fdudny3v@odnoklassniki.ru,Female,13.213.159.133
141,Rubie,Vowdon,rvowdon3w@umn.edu,Female,115.24.14.120
142,Althea,Jacob,ajacob3x@tuttocitta.it,Female,152.47.223.147
143,Gerardo,Gentric,ggentric3y@telegraph.co.uk,Male,141.12.139.131
144,Justino,Guillet,jguillet3z@over-blog.com,Agender,42.200.12.39
145,Lorry,Freen,lfreen40@mapquest.com,Male,57.202.91.141
146,Prince,Wastling,pwastling41@goodreads.com,Male,184.32.106.61
147,Bettina,Rheaume,brheaume42@lycos.com,Female,202.135.70.105
148,Josee,Thorogood,jthorogood43@jimdo.com,Female,105.129.197.243
149,Guinna,Chisnell,gchisnell44@vistaprint.com,Female,33.125.22.109
150,Kayne,Braizier,kbraizier45@1und1.de,Male,59.58.170.171
151,Chaddie,Daintier,cdaintier46@eepurl.com,Male,189.229.128.133
152,Joni,Bezant,jbezant47@scribd.com,Female,126.178.24.169
153,Lise,Scandrite,lscandrite48@phpbb.com,Female,110.169.217.205
154,Walton,Clapham,wclapham49@vk.com,Male,101.27.79.80
155,Dick,Drake,ddrake4a@nydailynews.com,Non-binary,255.173.166.244
156,Marcellus,Cavendish,mcavendish4b@abc.net.au,Agender,56.185.59.84
157,Tymothy,Laurentino,tlaurentino4c@fema.gov,Male,90.62.94.119
158,Geri,Roller,groller4d@xinhuanet.com,Female,48.82.175.142
159,Harold,Simoneton,hsimoneton4e@altervista.org,Male,82.220.182.23
160,Christie,Sibthorp,csibthorp4f@sohu.com,Female,166.86.182.185
161,Marietta,Dunphy,mdunphy4g@google.com.br,Female,129.175.228.7
162,Torrey,Petrolli,tpetrolli4h@behance.net,Male,58.250.226.20
163,Leland,Ternouth,lternouth4i@netvibes.com,Male,166.191.64.125
164,Monika,Nairy,mnairy4j@google.cn,Female,7.38.156.147
165,Cristi,Celli,ccelli4k@joomla.org,Female,229.101.15.52
166,Ramon,Woodrup,rwoodrup4l@live.com,Male,124.212.84.230
167,Patrice,Hutton,phutton4m@japanpost.jp,Polygender,109.95.34.19
168,Carita,Wattisham,cwattisham4n@google.com.hk,Female,120.83.114.171
169,Jordain,Lamputt,jlamputt4o@skype.com,Female,239.103.246.103
170,Andrea,Antonioni,aantonioni4p@intel.com,Male,153.53.236.2
171,Creight,Roskelly,croskelly4q@businessweek.com,Male,79.253.75.243
172,Edouard,Grinaway,egrinaway4r@reddit.com,Male,197.216.143.28
173,Allx,Sterman,asterman4s@moonfruit.com,Agender,33.206.111.104
174,Adrian,Greeves,agreeves4t@photobucket.com,Female,219.225.159.213
175,Tedmund,Youde,tyoude4u@nytimes.com,Male,230.38.178.91
176,Gayelord,McLese,gmclese4v@amazon.com,Male,127.152.251.242
177,Morris,Punchard,mpunchard4w@globo.com,Polygender,242.123.86.223
178,Tedmund,Elstow,telstow4x@phpbb.com,Bigender,253.238.2.207
179,Violet,Simmance,vsimmance4y@fc2.com,Female,131.35.74.112
180,Rhiamon,Thewles,rthewles4z@bandcamp.com,Female,72.42.160.38
181,Donny,Quade,dquade50@china.com.cn,Male,90.106.84.126
182,Murvyn,Fitzgerald,mfitzgerald51@loc.gov,Male,100.249.224.130
183,Scotti,Roscrigg,sroscrigg52@amazonaws.com,Male,248.109.40.12
184,Charles,Merrydew,cmerrydew53@xrea.com,Male,107.24.59.169
185,Ewen,Sakins,esakins54@yahoo.com,Male,91.152.192.119
186,Camile,Lavallie,clavallie55@is.gd,Female,35.190.19.196
187,Raeann,Bydaway,rbydaway56@studiopress.com,Female,255.98.149.190
188,Willy,Piggin,wpiggin57@networkadvertising.org,Female,180.199.134.13
189,Nikolai,Standfield,nstandfield58@issuu.com,Male,117.61.35.224
190,Lisabeth,Yakebowitch,lyakebowitch59@irs.gov,Female,16.43.86.112
191,Roma,Klaves,rklaves5a@blogger.com,Male,28.169.58.126
192,Shelley,Elgood,selgood5b@ucsd.edu,Male,20.18.218.41
193,Rem,Caras,rcaras5c@vk.com,Male,184.16.224.73
194,Charles,Nealand,cnealand5d@stumbleupon.com,Male,243.69.69.174
195,Estevan,Cricket,ecricket5e@google.cn,Male,21.153.39.232
196,Kori,Bleakman,kbleakman5f@unblog.fr,Bigender,19.149.100.235
197,Ferdinande,Gawthrop,fgawthrop5g@ted.com,Female,21.108.136.17
198,Stanislaw,Allbrook,sallbrook5h@parallels.com,Male,16.112.30.57
199,Garey,Petschel,gpetschel5i@tinyurl.com,Male,104.109.73.35
200,Basil,Slipper,bslipper5j@prweb.com,Male,1.106.222.123
201,Alicia,Binner,abinner5k@buzzfeed.com,Female,107.21.74.170
202,Dougy,Madine,dmadine5l@abc.net.au,Male,0.140.96.187
203,Agneta,Hucker,ahucker5m@1und1.de,Female,49.149.252.157
204,Raye,Rilton,rrilton5n@thetimes.co.uk,Female,180.238.198.196
205,Saunder,Cornil,scornil5o@yolasite.com,Male,160.180.1.207
206,Phillie,Tuckerman,ptuckerman5p@vistaprint.com,Female,22.140.11.187
207,Timmy,Todd,ttodd5q@apple.com,Female,173.99.182.174
208,Nerissa,Tohill,ntohill5r@plala.or.jp,Bigender,24.255.17.2
209,Durward,Shelsher,dshelsher5s@photobucket.com,Male,29.27.85.59
210,Gregorio,Presser,gpresser5t@1und1.de,Male,28.147.20.198
211,Clair,Sabine,csabine5u@oracle.com,Female,143.43.9.70
212,Yulma,Lamont,ylamont5v@infoseek.co.jp,Male,107.164.216.169
213,Aveline,Slatford,aslatford5w@prnewswire.com,Female,202.195.126.147
214,Delly,Tainton,dtainton5x@go.com,Genderqueer,222.31.50.24
215,Rosabelle,Crean,rcrean5y@ezinearticles.com,Female,42.228.121.36
216,Benedikta,Prosch,bprosch5z@indiegogo.com,Female,138.65.213.217
217,Chauncey,Morrissey,cmorrissey60@businesswire.com,Male,123.156.0.44
218,Daron,Swiffin,dswiffin61@is.gd,Male,47.46.67.170
219,Donalt,Tryme,dtryme62@npr.org,Male,114.45.126.91
220,Leonid,Lapere,llapere63@xrea.com,Male,18.215.118.241
221,Jemmie,Labrom,jlabrom64@nih.gov,Female,175.203.128.167
222,Jonie,Wickens,jwickens65@vimeo.com,Female,224.66.69.205
223,Fremont,Pawlik,fpawlik66@dell.com,Genderfluid,246.237.158.29
224,Xenos,Wadham,xwadham67@barnesandnoble.com,Male,112.221.101.4
225,Corny,Clapshaw,cclapshaw68@alexa.com,Female,249.139.237.37
226,Levon,Baggally,lbaggally69@histats.com,Male,139.51.49.84
227,Jackie,Stronge,jstronge6a@baidu.com,Female,142.245.4.153
228,Sumner,Corstorphine,scorstorphine6b@techcrunch.com,Male,65.185.40.11
229,Alard,Bemlott,abemlott6c@buzzfeed.com,Male,123.111.121.135
230,Shandy,Boag,sboag6d@unc.edu,Female,204.66.224.23
231,Biddy,Beardshall,bbeardshall6e@exblog.jp,Female,161.121.156.223
232,Nance,Sarten,nsarten6f@nyu.edu,Female,104.170.146.244
233,Dulcine,Manby,dmanby6g@spotify.com,Female,212.53.229.85
234,Myca,Bowles,mbowles6h@shop-pro.jp,Male,190.10.128.205
235,Karil,Ruoss,kruoss6i@squarespace.com,Bigender,151.105.42.182
236,Adair,Gamell,agamell6j@1688.com,Male,224.204.163.25
237,Angeli,Eusden,aeusden6k@mayoclinic.com,Male,105.188.120.20
238,Herc,Mattersley,hmattersley6l@geocities.com,Male,91.11.230.45
239,Renee,Gioan,rgioan6m@aol.com,Genderqueer,52.164.237.32
240,Austina,Fechnie,afechnie6n@discuz.net,Female,27.32.153.68
241,Aarika,Viney,aviney6o@cdbaby.com,Female,197.130.69.34
242,Benton,Bernt,bbernt6p@uol.com.br,Male,233.241.108.96
243,Ceil,Tomasello,ctomasello6q@dot.gov,Female,212.163.98.242
244,Alika,Gidley,agidley6r@github.io,Female,44.217.93.202
245,Celinka,Deaville,cdeaville6s@cbc.ca,Female,141.189.164.143
246,Jess,Bagehot,jbagehot6t@over-blog.com,Male,18.236.161.141
247,Salim,Eldered,seldered6u@miitbeian.gov.cn,Male,248.125.213.170
248,Mervin,Albone,malbone6v@seesaa.net,Male,107.116.79.211
249,Gris,Waples,gwaples6w@intel.com,Male,162.227.77.81
250,Rolfe,Pitkins,rpitkins6x@t-online.de,Male,236.147.116.53
251,Joseito,Morson,jmorson6y@hugedomains.com,Male,249.140.211.141
252,Bonita,Raithmill,braithmill6z@illinois.edu,Female,25.150.126.111
253,Annice,Sainteau,asainteau70@jalbum.net,Female,127.207.30.190
254,Lainey,Ivanishin,livanishin71@newsvine.com,Female,163.189.144.125
255,Erie,Goldin,egoldin72@washingtonpost.com,Male,177.116.246.59
256,Lorene,Staley,lstaley73@macromedia.com,Female,198.143.126.152
257,Bevon,Sommerville,bsommerville74@hud.gov,Male,193.174.210.106
258,Cyrill,Johannes,cjohannes75@sogou.com,Male,137.15.32.233
259,Enrika,Lammie,elammie76@comsenz.com,Female,76.188.13.90
260,Currie,Diver,cdiver77@mapquest.com,Male,231.115.179.64
261,Jill,Gurry,jgurry78@ucsd.edu,Female,72.181.63.132
262,Branden,Baddiley,bbaddiley79@geocities.jp,Male,216.222.10.30
263,Ephrem,Fenlon,efenlon7a@dot.gov,Agender,20.1.190.149
264,Menard,McCamish,mmccamish7b@sciencedirect.com,Male,164.63.32.149
265,Marthena,Glasscoo,mglasscoo7c@hhs.gov,Female,64.98.248.112
266,Meredeth,Peacocke,mpeacocke7d@cyberchimps.com,Male,207.147.10.164
267,Mordecai,Bagniuk,mbagniuk7e@google.co.jp,Male,162.92.190.111
268,Emmerich,Cockroft,ecockroft7f@flavors.me,Male,113.105.232.20
269,Maia,Tremathick,mtremathick7g@squarespace.com,Female,60.219.130.103
270,Dasha,Gissing,dgissing7h@google.com.hk,Female,123.246.9.162
271,Constanta,Kenner,ckenner7i@weather.com,Female,151.24.247.56
272,Garrek,Demeza,gdemeza7j@github.com,Male,197.211.227.224
273,Ransell,Fiveash,rfiveash7k@reddit.com,Male,70.135.166.88
274,Erhard,Stanfield,estanfield7l@shop-pro.jp,Male,64.106.246.149
275,Chad,Benedict,cbenedict7m@wiley.com,Male,23.162.183.215
276,Padget,Snazel,psnazel7n@comcast.net,Male,153.59.164.247
277,Hillel,Daouze,hdaouze7o@bizjournals.com,Male,241.240.219.16
278,Christian,Bowler,cbowler7p@mozilla.com,Male,178.150.157.165
279,Aleda,Weekland,aweekland7q@cnn.com,Genderfluid,57.12.23.147
280,Jenifer,Palombi,jpalombi7r@ebay.co.uk,Female,216.133.152.212
281,Eran,Hampshaw,ehampshaw7s@redcross.org,Female,69.237.255.244
282,Broderic,Archell,barchell7t@nymag.com,Male,253.3.203.137
283,Cleavland,Simonaitis,csimonaitis7u@g.co,Male,13.151.199.241
284,Spense,Lemerle,slemerle7v@weather.com,Male,254.91.115.249
285,Rafi,Cappel,rcappel7w@yahoo.co.jp,Genderqueer,120.140.112.233
286,Starlene,Twinberrow,stwinberrow7x@angelfire.com,Bigender,85.177.178.152
287,Nonie,Huggins,nhuggins7y@yandex.ru,Female,156.200.0.168
288,Walliw,Edgar,wedgar7z@squarespace.com,Female,16.131.53.121
289,Benedetto,Corking,bcorking80@taobao.com,Male,120.51.34.117
290,Martelle,Julian,mjulian81@artisteer.com,Female,37.99.124.216
291,Willi,Folini,wfolini82@tripadvisor.com,Male,188.247.35.196
292,Bili,Ades,bades83@icio.us,Female,243.114.161.181
293,Cullan,Douglas,cdouglas84@eventbrite.com,Male,213.53.238.24
294,Aldis,Trundle,atrundle85@bigcartel.com,Male,123.38.32.134
295,Shep,Powe,spowe86@studiopress.com,Male,69.56.55.168
296,Ambrose,Dwelley,adwelley87@berkeley.edu,Male,43.247.20.114
297,Claudius,Comsty,ccomsty88@businessinsider.com,Male,28.4.64.184
298,Glory,Cowx,gcowx89@tiny.cc,Female,74.146.212.54
299,Nanine,Thomke,nthomke8a@sitemeter.com,Female,254.245.216.29
300,Glory,Litchfield,glitchfield8b@people.com.cn,Female,7.81.32.103
301,Vergil,Stonehewer,vstonehewer8c@about.me,Non-binary,102.234.219.106
302,Cynthie,Couvet,ccouvet8d@w3.org,Agender,227.0.12.31
303,Aarika,Iacovuzzi,aiacovuzzi8e@mozilla.org,Female,7.205.98.133
304,Rebecca,Shyre,rshyre8f@skyrock.com,Female,31.255.168.126
305,Yasmeen,Strewthers,ystrewthers8g@gizmodo.com,Female,182.205.13.75
306,Roley,Smiz,rsmiz8h@europa.eu,Male,56.50.231.101
307,Nollie,Wykey,nwykey8i@samsung.com,Male,240.33.241.32
308,Cyrillus,Fidoe,cfidoe8j@wikispaces.com,Male,83.223.203.242
309,Lavina,Gravener,lgravener8k@answers.com,Female,131.246.148.204
310,Daren,Medland,dmedland8l@constantcontact.com,Male,191.238.207.88
311,Fiann,Hammel,fhammel8m@huffingtonpost.com,Female,238.130.36.205
312,Berta,Ruckert,bruckert8n@walmart.com,Female,251.40.175.10
313,Kirbie,Abramamovh,kabramamovh8o@w3.org,Female,219.148.0.251
314,Matias,Klyner,mklyner8p@reference.com,Male,127.16.24.110
315,Gale,Buglar,gbuglar8q@google.fr,Female,218.213.60.56
316,Talbot,Ingre,tingre8r@delicious.com,Genderqueer,83.234.75.144
317,Julina,Ramirez,jramirez8s@pcworld.com,Female,255.254.60.140
318,Tucker,Prahm,tprahm8t@tuttocitta.it,Bigender,206.89.117.104
319,Iorgos,Venn,ivenn8u@naver.com,Male,110.113.142.38
320,Sidnee,Edinborough,sedinborough8v@omniture.com,Male,77.46.215.133
321,Adelice,Kolodziejski,akolodziejski8w@gizmodo.com,Female,113.95.83.251
322,Gael,Orrill,gorrill8x@miitbeian.gov.cn,Female,74.177.176.206
323,Karole,Ginity,kginity8y@taobao.com,Female,184.23.36.92
324,Liva,Trowle,ltrowle8z@ask.com,Female,11.235.5.215
325,Con,Linnemann,clinnemann90@free.fr,Male,96.119.197.26
326,Edita,Lemerie,elemerie91@addtoany.com,Female,30.192.238.26
327,Guenna,Fipp,gfipp92@who.int,Female,203.24.148.250
328,Alina,Collicott,acollicott93@a8.net,Female,232.154.225.253
329,Wolf,Bridgeman,wbridgeman94@examiner.com,Male,195.3.116.6
330,Joann,Straun,jstraun95@weebly.com,Agender,103.41.118.188
331,Cello,Weedall,cweedall96@blogger.com,Agender,163.96.109.111
332,Carter,Plues,cplues97@vkontakte.ru,Male,161.179.141.175
333,Fredericka,Maffey,fmaffey98@examiner.com,Female,230.89.99.240
334,Melli,Pervoe,mpervoe99@hud.gov,Female,233.211.134.216
335,Samuel,Errigo,serrigo9a@wix.com,Male,148.83.214.202
336,Sandor,Pluvier,spluvier9b@51.la,Male,126.213.165.97
337,Domenico,Pietersen,dpietersen9c@themeforest.net,Male,158.130.125.81
338,Kristofor,Laidel,klaidel9d@slate.com,Male,227.128.192.226
339,Tedmund,Pinkstone,tpinkstone9e@samsung.com,Male,206.193.168.119
340,Karol,Steventon,ksteventon9f@unesco.org,Female,98.103.37.71
341,Lotte,Larmet,llarmet9g@eventbrite.com,Female,33.98.196.129
342,Tera,Caldayrou,tcaldayrou9h@netvibes.com,Female,93.138.82.101
343,Vinny,Drane,vdrane9i@state.gov,Male,244.15.224.249
344,Sly,Spellward,sspellward9j@4shared.com,Genderqueer,94.186.158.210
345,Elva,Oels,eoels9k@so-net.ne.jp,Polygender,234.224.16.202
346,Lorinda,Ovise,lovise9l@macromedia.com,Female,237.80.20.50
347,Gonzalo,Coult,gcoult9m@clickbank.net,Male,215.212.73.196
348,Arlette,Audus,aaudus9n@scribd.com,Female,196.44.84.101
349,Con,Vondrach,cvondrach9o@exblog.jp,Male,223.143.181.18
350,Derril,Gennerich,dgennerich9p@amazonaws.com,Male,214.248.248.52
351,Murvyn,Fownes,mfownes9q@rakuten.co.jp,Male,205.110.109.27
352,Rollins,Canceller,rcanceller9r@biglobe.ne.jp,Male,116.18.184.202
353,Duffy,Garn,dgarn9s@google.com,Male,16.85.123.105
354,Ruttger,Wrixon,rwrixon9t@wunderground.com,Male,94.107.228.98
355,Diane-marie,Goldman,dgoldman9u@cnbc.com,Female,63.141.188.90
356,Kathie,Golley,kgolley9v@utexas.edu,Female,15.74.28.55
357,Kerrie,Bellwood,kbellwood9w@oakley.com,Female,78.130.90.231
358,Zulema,Pipworth,zpipworth9x@bing.com,Female,234.211.161.81
359,Elita,Castangia,ecastangia9y@nydailynews.com,Female,82.140.134.219
360,Sadie,Gribbon,sgribbon9z@chronoengine.com,Female,52.80.62.159
361,Kristoffer,Sellers,ksellersa0@livejournal.com,Male,62.59.160.1
362,Morgen,McInulty,mmcinultya1@networkadvertising.org,Male,58.107.177.91
363,Clair,Giacoboni,cgiacobonia2@php.net,Male,152.4.243.215
364,Ottilie,Lowrance,olowrancea3@youku.com,Female,228.245.46.114
365,Rawley,MacLleese,rmaclleesea4@list-manage.com,Male,98.54.170.58
366,Brenn,Mounsey,bmounseya5@elegantthemes.com,Genderqueer,71.211.29.128
367,Thorpe,Kynton,tkyntona6@google.it,Male,183.50.75.190
368,Pandora,Batten,pbattena7@wikia.com,Female,203.1.94.140
369,Min,Maben,mmabena8@123-reg.co.uk,Female,78.51.96.244
370,Terry,Lewsie,tlewsiea9@gravatar.com,Female,64.19.88.66
371,Lee,Peskett,lpeskettaa@eventbrite.com,Genderfluid,75.19.217.71
372,Heda,Dyer,hdyerab@imageshack.us,Female,255.197.18.163
373,Delaney,Killingworth,dkillingworthac@theatlantic.com,Male,104.56.97.96
374,Joye,Raggles,jragglesad@huffingtonpost.com,Female,5.235.119.132
375,Kakalina,Guidotti,kguidottiae@typepad.com,Female,125.31.152.165
376,Merola,Callington,mcallingtonaf@bbc.co.uk,Genderqueer,51.214.238.223
377,Marielle,Donnell,mdonnellag@dell.com,Agender,36.218.215.105
378,Ely,Branni,ebranniah@rambler.ru,Male,107.42.248.159
379,Morna,Peyzer,mpeyzerai@newsvine.com,Agender,126.105.173.176
380,Cull,Beamont,cbeamontaj@amazon.co.uk,Non-binary,186.240.34.209
381,Clio,Buzzing,cbuzzingak@plala.or.jp,Female,23.245.81.119
382,Rebe,Mathwen,rmathwenal@mapquest.com,Female,235.202.148.135
383,Julita,Dudman,jdudmanam@indiegogo.com,Female,78.39.141.31
384,Arlie,Harriott,aharriottan@webs.com,Female,63.9.6.80
385,Melinde,Connors,mconnorsao@who.int,Female,89.189.165.97
386,Kelsey,Kybbye,kkybbyeap@wix.com,Male,55.225.191.6
387,Rainer,Ilyunin,rilyuninaq@harvard.edu,Male,11.55.19.187
388,Abramo,Mohammed,amohammedar@hugedomains.com,Male,118.28.248.71
389,Henriette,Ferrie,hferrieas@imageshack.us,Female,232.218.168.244
390,Peria,Hardcastle,phardcastleat@meetup.com,Female,199.143.241.36
391,Deane,Dupoy,ddupoyau@blinklist.com,Non-binary,146.247.248.226
392,Winn,Wrathmell,wwrathmellav@go.com,Male,234.84.37.124
393,Hillary,Kaspar,hkasparaw@indiatimes.com,Female,97.62.241.59
394,Susannah,Ney,sneyax@woothemes.com,Female,175.223.181.21
395,Rosa,Cornillot,rcornillotay@forbes.com,Female,9.148.178.204
396,Lionel,Napoleone,lnapoleoneaz@exblog.jp,Male,248.43.40.84
397,Ev,Lynock,elynockb0@clickbank.net,Male,51.121.179.79
398,Dulsea,Dalbey,ddalbeyb1@samsung.com,Female,49.97.75.125
399,Kim,Janzen,kjanzenb2@imgur.com,Male,24.100.46.62
400,Chalmers,Ogbourne,cogbourneb3@dropbox.com,Male,202.228.172.87
401,Janella,Reggiani,jreggianib4@mac.com,Female,40.124.58.227
402,Yuri,MacGiany,ymacgianyb5@weibo.com,Male,222.164.227.185
403,Marcia,Hurlestone,mhurlestoneb6@liveinternet.ru,Female,140.97.28.137
404,Fulvia,Baldacchi,fbaldacchib7@senate.gov,Female,17.74.82.91
405,Roddy,Bole,rboleb8@patch.com,Male,235.222.173.30
406,Jamison,Lydden,jlyddenb9@rakuten.co.jp,Male,30.225.164.255
407,Evangelina,Desouza,edesouzaba@seesaa.net,Female,57.65.139.249
408,Isak,Watterson,iwattersonbb@tripadvisor.com,Male,67.81.230.36
409,Benjamin,Turmall,bturmallbc@youtube.com,Male,79.76.31.202
410,Osmund,Dreini,odreinibd@nytimes.com,Non-binary,187.8.251.80
411,Rob,McGrory,rmcgrorybe@smugmug.com,Male,184.182.111.148
412,Markos,Choppin,mchoppinbf@uiuc.edu,Male,180.15.60.49
413,Cyrill,Grain,cgrainbg@homestead.com,Male,184.196.203.99
414,Shara,Bottoner,sbottonerbh@who.int,Female,3.104.153.181
415,Agosto,Edden,aeddenbi@meetup.com,Male,186.191.198.94
416,Fallon,Woolhouse,fwoolhousebj@seesaa.net,Agender,241.106.131.196
417,Berkeley,Croisdall,bcroisdallbk@meetup.com,Male,129.142.70.72
418,Jillian,Gillman,jgillmanbl@php.net,Female,123.52.63.238
419,Emalee,Fitzmaurice,efitzmauricebm@unblog.fr,Female,60.56.254.136
420,Aggi,Cheney,acheneybn@japanpost.jp,Female,89.134.98.25
421,Cirillo,Cafferty,ccaffertybo@yolasite.com,Male,209.214.67.130
422,Ronny,Malser,rmalserbp@wunderground.com,Male,243.50.216.15
423,Loralie,Middlewick,lmiddlewickbq@trellian.com,Female,141.173.50.179
424,Phedra,Gudyer,pgudyerbr@fastcompany.com,Female,228.13.144.124
425,Marie,Welberry,mwelberrybs@huffingtonpost.com,Female,163.46.77.149
426,Hadlee,Revelle,hrevellebt@fotki.com,Male,106.213.158.27
427,Eliza,Boreland,eborelandbu@google.fr,Female,106.173.242.239
428,Christal,Pell,cpellbv@hubpages.com,Female,115.165.165.222
429,Prince,Sparling,psparlingbw@blogs.com,Male,199.113.123.78
430,Caralie,Gyorgy,cgyorgybx@un.org,Female,29.190.191.197
431,Rob,Glanders,rglandersby@blog.com,Male,157.54.5.202
432,Desmond,Camp,dcampbz@mayoclinic.com,Male,18.138.52.115
433,Gerry,Minchinton,gminchintonc0@prweb.com,Male,230.22.254.29
434,Serge,Learmond,slearmondc1@chronoengine.com,Male,163.84.245.250
435,Sheelagh,Kimbling,skimblingc2@businesswire.com,Female,242.251.123.233
436,Virgilio,Schrader,vschraderc3@google.com.br,Male,24.139.67.229
437,Corella,Donohue,cdonohuec4@yolasite.com,Female,11.191.118.177
438,Ritchie,Alberts,ralbertsc5@geocities.com,Male,108.152.0.124
439,Holmes,Godspeede,hgodspeedec6@exblog.jp,Male,181.12.197.122
440,Norman,Harragin,nharraginc7@gmpg.org,Male,239.210.120.180
441,Gaultiero,Blanque,gblanquec8@diigo.com,Male,92.120.29.48
442,Lyn,Morcom,lmorcomc9@google.com.hk,Agender,134.59.19.1
443,Lynne,Gallafant,lgallafantca@addthis.com,Female,5.100.31.113
444,Atalanta,Walton,awaltoncb@telegraph.co.uk,Female,85.142.170.226
445,Forbes,McLoney,fmcloneycc@epa.gov,Male,57.249.103.243
446,Karel,Freda,kfredacd@yahoo.com,Male,184.145.213.217
447,Yuma,Beushaw,ybeushawce@biblegateway.com,Male,189.168.216.36
448,Cornela,Skeermer,cskeermercf@europa.eu,Non-binary,25.184.210.124
449,Lurleen,Zapater,lzapatercg@yellowbook.com,Female,100.247.173.93
450,Ruggiero,Mucillo,rmucilloch@4shared.com,Male,230.179.156.74
451,Olenka,Aire,oaireci@bbc.co.uk,Female,168.136.100.172
452,Candy,Sharville,csharvillecj@samsung.com,Female,16.202.227.25
453,Morris,Jadczak,mjadczakck@technorati.com,Male,0.28.56.213
454,Dorey,Kleeman,dkleemancl@seattletimes.com,Male,17.255.34.71
455,Trey,Siemianowicz,tsiemianowiczcm@smugmug.com,Male,42.85.153.80
456,Edan,Fleischer,efleischercn@biglobe.ne.jp,Male,62.245.194.51
457,Zelda,Heino,zheinoco@google.pl,Female,40.252.94.117
458,Shauna,McKeeman,smckeemancp@cloudflare.com,Female,201.221.11.246
459,Germayne,Goretti,ggoretticq@chronoengine.com,Male,195.134.87.35
460,Latisha,Kinchin,lkinchincr@cpanel.net,Female,87.83.191.111
461,Nertie,Dunford,ndunfordcs@addthis.com,Female,116.113.221.151
462,Gery,Delmage,gdelmagect@blog.com,Male,249.176.247.84
463,Marti,Rumgay,mrumgaycu@economist.com,Female,76.224.67.204
464,Carmelita,Verey,cvereycv@go.com,Female,197.50.167.215
465,Daisie,Crosswaite,dcrosswaitecw@businesswire.com,Female,189.63.5.73
466,Yvette,Outram,youtramcx@rambler.ru,Female,132.81.67.108
467,Reidar,Shine,rshinecy@microsoft.com,Male,219.115.228.115
468,Margette,Rudman,mrudmancz@macromedia.com,Female,10.195.135.26
469,Therine,Broomfield,tbroomfieldd0@usgs.gov,Female,197.238.152.66
470,Marjy,Peiser,mpeiserd1@scientificamerican.com,Female,41.112.3.226
471,Cissiee,Butterwick,cbutterwickd2@shutterfly.com,Female,168.212.170.151
472,Reeta,Cocks,rcocksd3@sun.com,Agender,157.69.127.234
473,Arluene,Heard,aheardd4@pen.io,Female,161.218.20.233
474,Lilyan,Vella,lvellad5@seesaa.net,Female,255.38.127.252
475,Rose,Tilmouth,rtilmouthd6@tmall.com,Female,152.128.81.188
476,Darby,Stears,dstearsd7@blogs.com,Female,96.17.59.193
477,Shermie,Hobbert,shobbertd8@yolasite.com,Male,153.155.31.19
478,Katharine,Stinton,kstintond9@quantcast.com,Non-binary,140.205.131.124
479,Bunnie,Blackey,bblackeyda@foxnews.com,Agender,16.190.202.251
480,Ignacio,Waison,iwaisondb@privacy.gov.au,Male,248.221.74.255
481,Sandor,Pudney,spudneydc@squidoo.com,Male,19.123.59.111
482,Keelby,Giffard,kgiffarddd@vinaora.com,Male,177.149.57.87
483,Aland,Lavielle,alaviellede@wiley.com,Male,35.2.157.24
484,Towny,Prettyman,tprettymandf@tinypic.com,Male,141.213.50.236
485,Baillie,St Clair,bstclairdg@ehow.com,Male,152.162.243.28
486,Irv,Belson,ibelsondh@nymag.com,Male,86.205.72.62
487,Lamond,Rubke,lrubkedi@weibo.com,Male,198.212.238.76
488,Kincaid,Bowler,kbowlerdj@blogspot.com,Male,23.10.24.12
489,Tybi,Deware,tdewaredk@elegantthemes.com,Female,0.31.159.189
490,Terrell,Deporte,tdeportedl@infoseek.co.jp,Male,129.90.101.12
491,Drona,Worvell,dworvelldm@phpbb.com,Female,66.25.212.58
492,Virginie,Blatherwick,vblatherwickdn@intel.com,Female,210.46.239.85
493,Tessie,Muston,tmustondo@guardian.co.uk,Female,66.34.215.228
494,Maia,Ivankov,mivankovdp@harvard.edu,Female,84.136.237.169
495,Trefor,Brauner,tbraunerdq@so-net.ne.jp,Male,2.110.211.208
496,Ilysa,Bernardez,ibernardezdr@ameblo.jp,Female,145.71.96.160
497,Celinka,Sedge,csedgeds@symantec.com,Female,123.206.137.222
498,Wash,Geany,wgeanydt@patch.com,Male,173.110.21.253
499,Netti,Gilchrist,ngilchristdu@newsvine.com,Female,99.171.144.65
500,Mitchell,De Domenico,mdedomenicodv@yelp.com,Male,234.148.26.118
501,Feliks,Gleadhall,fgleadhalldw@washingtonpost.com,Male,54.36.178.143
502,Jennine,Ingledow,jingledowdx@wsj.com,Female,254.202.159.36
503,Sarena,Folger,sfolgerdy@independent.co.uk,Female,135.53.71.163
504,Paula,Dinnington,pdinningtondz@netvibes.com,Female,26.148.203.156
505,Willy,Coggan,wcoggane0@github.io,Female,223.189.127.188
506,Gabby,Renachowski,grenachowskie1@biblegateway.com,Male,132.127.248.132
507,Gaelan,Auchinleck,gauchinlecke2@free.fr,Male,79.93.166.108
508,Kele,Gerrill,kgerrille3@deviantart.com,Male,203.146.156.150
509,Dannie,Braycotton,dbraycottone4@go.com,Male,189.81.196.226
510,Nicol,Clee,ncleee5@infoseek.co.jp,Genderfluid,202.198.215.234
511,Lorant,Ohlsen,lohlsene6@house.gov,Male,191.195.190.25
512,Luci,Baldacco,lbaldaccoe7@weather.com,Female,178.102.225.34
513,Wilhelmina,Varney,wvarneye8@51.la,Female,186.131.93.253
514,Danya,Poluzzi,dpoluzzie9@4shared.com,Male,114.210.42.215
515,Arlie,Mutch,amutchea@com.com,Female,88.251.128.35
516,Monique,Cringle,mcringleeb@imdb.com,Female,38.194.175.228
517,Derek,Sindell,dsindellec@latimes.com,Male,27.220.14.169
518,Carolee,Van Dale,cvandaleed@yandex.ru,Female,76.26.69.151
519,Remington,Giovannilli,rgiovannilliee@eventbrite.com,Bigender,2.103.204.125
520,Franklin,Snel,fsnelef@theguardian.com,Genderqueer,137.208.228.184
521,Judie,Stiant,jstianteg@so-net.ne.jp,Female,173.80.42.10
522,Philis,Kobierra,pkobierraeh@people.com.cn,Female,145.63.121.43
523,Scarlett,Abramov,sabramovei@gmpg.org,Female,72.98.225.102
524,Dorice,Handover,dhandoverej@dropbox.com,Female,251.216.169.100
525,Amber,Cawkwell,acawkwellek@howstuffworks.com,Female,248.153.138.195
526,Libbi,Redwing,lredwingel@census.gov,Genderqueer,181.214.223.63
527,Barry,Creffield,bcreffieldem@mit.edu,Female,77.51.170.193
528,Jamesy,Gerish,jgerishen@xing.com,Polygender,140.174.10.102
529,Gabriel,Kembery,gkemberyeo@answers.com,Male,42.69.244.120
530,Hi,Quiddinton,hquiddintonep@economist.com,Male,154.215.251.221
531,Bo,Scaplehorn,bscaplehorneq@marriott.com,Male,244.235.225.11
532,Almeda,Aizic,aaizicer@uiuc.edu,Female,49.135.21.37
533,Eadmund,Betun,ebetunes@wikipedia.org,Bigender,216.5.167.17
534,Alaster,Frostdicke,afrostdickeet@amazonaws.com,Male,235.138.245.90
535,Lonni,Uccelli,luccellieu@fotki.com,Female,31.84.196.116
536,Dottie,Luscott,dluscottev@wunderground.com,Female,117.0.237.98
537,Kristine,Rogister,krogisterew@acquirethisname.com,Female,161.229.119.206
538,Meredith,Allsop,mallsopex@networkadvertising.org,Male,157.254.16.162
539,Gerty,Ganiclef,gganiclefey@joomla.org,Female,99.141.152.231
540,Sayre,Supple,ssuppleez@usnews.com,Male,185.35.35.152
541,Georgie,Shakshaft,gshakshaftf0@statcounter.com,Male,123.71.146.125
542,Artemus,Gaynsford,agaynsfordf1@boston.com,Non-binary,157.97.73.196
543,Marcia,Gamage,mgamagef2@fastcompany.com,Female,21.170.43.235
544,Callie,Moncreif,cmoncreiff3@pbs.org,Non-binary,43.130.4.53
545,Derby,Manuello,dmanuellof4@bizjournals.com,Male,246.176.187.44
546,Vite,Blampied,vblampiedf5@usgs.gov,Male,81.125.80.136
547,Brennen,Montes,bmontesf6@squidoo.com,Male,111.172.58.129
548,Lyn,Zappel,lzappelf7@wikipedia.org,Female,19.167.66.152
549,Forrester,Fourman,ffourmanf8@cdbaby.com,Male,230.217.46.237
550,Griffie,Cullen,gcullenf9@cloudflare.com,Male,191.204.155.98
551,Cariotta,Gonnelly,cgonnellyfa@tripod.com,Female,81.135.191.14
552,Rayner,Laidlow,rlaidlowfb@digg.com,Male,141.197.43.211
553,Drucy,Aspall,daspallfc@cmu.edu,Female,181.168.56.3
554,Katharine,Duddell,kduddellfd@nymag.com,Female,102.23.33.243
555,Fred,Billows,fbillowsfe@sakura.ne.jp,Genderfluid,202.85.90.47
556,Laurella,Cometson,lcometsonff@tmall.com,Female,97.42.67.194
557,Inglis,Conor,iconorfg@angelfire.com,Male,26.190.229.62
558,Mile,Jewson,mjewsonfh@xrea.com,Polygender,45.27.150.95
559,Shina,Cristofor,scristoforfi@etsy.com,Female,205.104.152.61
560,Camile,Vanezis,cvanezisfj@stumbleupon.com,Female,36.52.246.34
561,Ebony,Gunner,egunnerfk@reference.com,Female,155.202.199.199
562,Leah,Dench,ldenchfl@prlog.org,Female,105.225.105.84
563,Dorena,McCowen,dmccowenfm@indiatimes.com,Female,60.134.166.42
564,Ilario,Donat,idonatfn@umn.edu,Male,33.234.205.106
565,Laney,McDonogh,lmcdonoghfo@eepurl.com,Male,59.117.186.104
566,Buddy,McGreay,bmcgreayfp@vkontakte.ru,Male,86.128.253.124
567,Louella,Chaves,lchavesfq@japanpost.jp,Female,228.210.60.140
568,Birgitta,Burl,bburlfr@omniture.com,Female,53.92.105.21
569,Emmett,Codner,ecodnerfs@auda.org.au,Male,8.138.60.10
570,Martainn,MacCome,mmaccomeft@webeden.co.uk,Male,71.171.201.177
571,Roth,Francescotti,rfrancescottifu@bbc.co.uk,Male,127.241.172.68
572,Giselbert,Decaze,gdecazefv@mashable.com,Male,142.93.81.32
573,Tam,Allewell,tallewellfw@sciencedaily.com,Male,99.149.29.127
574,Aldrich,Leaburn,aleaburnfx@arstechnica.com,Male,230.143.190.70
575,Harlan,Strooband,hstroobandfy@1und1.de,Male,65.157.9.119
576,Hermine,Scheffel,hscheffelfz@illinois.edu,Polygender,232.63.183.27
577,Sheelagh,Poluzzi,spoluzzig0@columbia.edu,Female,207.52.16.73
578,Shanna,Collinson,scollinsong1@independent.co.uk,Female,243.233.111.248
579,Catlaina,Whittington,cwhittingtong2@foxnews.com,Female,100.172.130.167
580,Rhoda,Blackaby,rblackabyg3@jugem.jp,Female,51.0.167.213
581,Emlyn,Conaboy,econaboyg4@naver.com,Male,194.121.174.209
582,Carley,Degoey,cdegoeyg5@netvibes.com,Agender,181.54.54.223
583,Sondra,Ebbin,sebbing6@over-blog.com,Female,24.62.215.22
584,Rebe,Wager,rwagerg7@cisco.com,Female,5.19.151.43
585,Bastien,Bowley,bbowleyg8@indiegogo.com,Male,226.174.229.221
586,Reuben,Gurys,rgurysg9@usda.gov,Male,221.37.127.18
587,Conway,Sokale,csokalega@zdnet.com,Male,2.174.18.227
588,Shermie,Alabaster,salabastergb@cnbc.com,Male,3.69.34.9
589,Sabra,Bafford,sbaffordgc@technorati.com,Female,72.146.20.5
590,Erv,Pealing,epealinggd@rambler.ru,Male,86.131.67.116
591,Joete,Sulter,jsulterge@amazon.co.jp,Female,158.25.253.43
592,Marcus,Draper,mdrapergf@java.com,Male,7.198.125.214
593,Nona,Giggie,ngiggiegg@xing.com,Female,157.228.64.70
594,Rupert,Nuttall,rnuttallgh@drupal.org,Male,19.85.188.133
595,Jessee,Saurin,jsauringi@mit.edu,Male,225.103.63.111
596,Harwilll,Scotchford,hscotchfordgj@tumblr.com,Male,119.39.241.150
597,Dal,Zold,dzoldgk@accuweather.com,Male,230.120.66.172
598,Sheryl,Osman,sosmangl@wisc.edu,Female,205.90.114.29
599,Hebert,Giacomasso,hgiacomassogm@usnews.com,Male,18.148.162.237
600,Purcell,Brito,pbritogn@bloomberg.com,Male,176.155.158.14
601,Andreas,Duprey,adupreygo@sciencedirect.com,Male,145.35.188.67
602,Sig,Burdin,sburdingp@patch.com,Male,92.172.124.31
603,Amii,Sawden,asawdengq@wufoo.com,Female,146.167.103.50
604,Tiffanie,Mazin,tmazingr@columbia.edu,Female,144.70.204.49
605,Tuckie,Grugerr,tgrugerrgs@aboutads.info,Male,101.4.8.228
606,Fae,Varns,fvarnsgt@youtube.com,Female,17.201.0.237
607,Leesa,Bachura,lbachuragu@yandex.ru,Female,31.247.19.177
608,Kimbra,Brammar,kbrammargv@mit.edu,Female,146.122.31.20
609,Buiron,De Lasci,bdelascigw@blogspot.com,Male,63.247.255.252
610,Walther,Dovey,wdoveygx@usda.gov,Male,10.3.199.244
611,Benn,Fifoot,bfifootgy@blinklist.com,Male,42.106.117.69
612,Herold,Kits,hkitsgz@yahoo.co.jp,Male,47.80.133.183
613,Bondy,Leschelle,bleschelleh0@yahoo.co.jp,Male,203.225.23.99
614,Liza,Stubbings,lstubbingsh1@ca.gov,Genderfluid,231.255.234.144
615,Juan,Pochon,jpochonh2@woothemes.com,Male,245.45.165.243
616,Normie,Carlyon,ncarlyonh3@cnet.com,Male,108.112.68.202
617,Nedda,Slora,nslorah4@samsung.com,Female,4.11.10.42
618,Franz,Struther,fstrutherh5@sfgate.com,Male,59.66.250.240
619,Leslie,Aysh,layshh6@digg.com,Male,34.200.3.200
620,Lanae,Cuncliffe,lcuncliffeh7@networkadvertising.org,Female,27.223.174.92
621,Dukie,Fakeley,dfakeleyh8@yellowpages.com,Male,195.25.132.67
622,Anna-maria,Wiersma,awiersmah9@symantec.com,Female,223.36.19.223
623,Shaylah,Cardenas,scardenasha@npr.org,Female,85.114.18.12
624,Mattheus,Boltwood,mboltwoodhb@imgur.com,Male,171.174.163.117
625,Felice,Curragh,fcurraghhc@abc.net.au,Female,99.4.11.208
626,Gaven,Mabbott,gmabbotthd@admin.ch,Male,217.39.157.17
627,Randall,Ceaser,rceaserhe@studiopress.com,Male,117.255.53.200
628,Doralia,Maestro,dmaestrohf@naver.com,Female,112.73.113.213
629,Amity,Flanne,aflannehg@independent.co.uk,Agender,214.0.72.248
630,Verne,Boone,vboonehh@census.gov,Male,236.93.235.94
631,Skelly,Lockney,slockneyhi@tumblr.com,Male,64.169.8.63
632,Wendell,Wenham,wwenhamhj@google.it,Male,171.147.89.163
633,Joannes,Landis,jlandishk@bizjournals.com,Female,111.158.44.218
634,Wileen,McVeighty,wmcveightyhl@amazon.com,Female,167.19.57.252
635,Dorry,Ambrozik,dambrozikhm@usgs.gov,Female,115.63.204.186
636,Humberto,Sidebottom,hsidebottomhn@loc.gov,Male,231.68.183.227
637,Winfred,Szimoni,wszimoniho@nsw.gov.au,Genderqueer,39.132.78.186
638,Drusie,Scrafton,dscraftonhp@skype.com,Female,90.209.213.141
639,Ulrick,Gapper,ugapperhq@sun.com,Male,26.147.241.87
640,Lea,Grzelczak,lgrzelczakhr@slideshare.net,Female,181.169.14.230
641,Mitchael,Haddleton,mhaddletonhs@cam.ac.uk,Male,8.243.128.62
642,Major,Mandrier,mmandrierht@wiley.com,Male,91.22.106.217
643,Sibyl,Boxall,sboxallhu@google.es,Female,63.38.214.0
644,Delia,Crossfield,dcrossfieldhv@bloglovin.com,Female,68.98.53.85
645,Kristian,Eagle,keaglehw@google.co.uk,Male,26.240.191.6
646,Dalli,Baillie,dbailliehx@netscape.com,Male,210.83.137.243
647,Dalton,Antonoczyk,dantonoczykhy@google.pl,Male,130.112.66.66
648,Clem,Caygill,ccaygillhz@hao123.com,Female,253.134.218.129
649,Ginnie,Mussett,gmussetti0@weibo.com,Female,242.47.78.135
650,Sonny,Erik,seriki1@archive.org,Male,102.1.136.16
651,Donalt,Spofforth,dspofforthi2@ihg.com,Male,161.148.24.240
652,Dorian,Mathevon,dmathevoni3@e-recht24.de,Male,248.98.231.33
653,Zak,Eastlake,zeastlakei4@nyu.edu,Male,149.164.254.174
654,Randee,Bartholomieu,rbartholomieui5@blogspot.com,Female,134.156.133.31
655,Alain,Bogaert,abogaerti6@a8.net,Male,141.233.6.79
656,Michel,Malser,mmalseri7@arizona.edu,Male,230.192.157.85
657,Dory,Gozney,dgozneyi8@msn.com,Non-binary,187.186.92.205
658,Toby,Hewertson,thewertsoni9@nhs.uk,Female,12.199.72.114
659,Fedora,Mapam,fmapamia@jiathis.com,Genderqueer,199.105.177.226
660,Millard,Steer,msteerib@businessweek.com,Male,19.231.127.201
661,Gert,Westcot,gwestcotic@etsy.com,Female,193.216.48.137
662,Shamus,Hounihan,shounihanid@sohu.com,Agender,91.247.38.93
663,Karylin,Waind,kwaindie@uol.com.br,Female,13.145.200.59
664,Melania,Flohard,mflohardif@usa.gov,Female,59.82.126.217
665,Danette,Pierro,dpierroig@pagesperso-orange.fr,Non-binary,111.161.159.0
666,Dagny,Cornewell,dcornewellih@freewebs.com,Male,237.93.247.239
667,Cymbre,Guslon,cguslonii@shareasale.com,Female,231.64.252.209
668,Turner,Geaveny,tgeavenyij@discovery.com,Male,140.86.251.119
669,Elisabetta,Voce,evoceik@harvard.edu,Female,224.14.81.63
670,Nowell,Pullan,npullanil@biglobe.ne.jp,Male,242.11.89.189
671,Ximenez,Collar,xcollarim@unc.edu,Male,23.24.163.18
672,Dominica,Reignould,dreignouldin@vkontakte.ru,Female,23.24.248.84
673,Shae,Hellard,shellardio@webmd.com,Female,187.0.134.79
674,Martha,Dutchburn,mdutchburnip@howstuffworks.com,Non-binary,249.90.78.109
675,Shani,Stirrup,sstirrupiq@vinaora.com,Female,86.3.124.84
676,Moss,Asmus,masmusir@bravesites.com,Male,123.171.196.43
677,Windy,Hursthouse,whursthouseis@jigsy.com,Female,89.203.86.137
678,Renell,Feldmark,rfeldmarkit@cisco.com,Agender,214.227.209.133
679,Orlan,Andrini,oandriniiu@salon.com,Male,148.190.206.3
680,Mallory,Stych,mstychiv@microsoft.com,Male,59.106.226.41
681,Teodora,Tures,tturesiw@dropbox.com,Genderqueer,250.111.185.178
682,Obidiah,Merioth,omeriothix@phoca.cz,Male,250.189.221.249
683,Dugald,Scamal,dscamaliy@wikimedia.org,Male,232.213.5.158
684,Gunther,Hupe,ghupeiz@harvard.edu,Male,39.212.183.208
685,Cam,Mengue,cmenguej0@cafepress.com,Male,42.196.120.194
686,Milzie,Addeycott,maddeycottj1@google.de,Genderfluid,69.241.26.93
687,Fidole,Sorsbie,fsorsbiej2@miitbeian.gov.cn,Male,92.137.136.75
688,Claudio,Henze,chenzej3@apple.com,Male,11.235.136.69
689,Xena,Barnwille,xbarnwillej4@newsvine.com,Female,121.28.173.42
690,Abbi,Larner,alarnerj5@psu.edu,Female,230.92.131.23
691,Amy,Zack,azackj6@amazon.de,Female,144.179.16.87
692,Norah,Tissington,ntissingtonj7@nifty.com,Female,3.0.24.155
693,Fairfax,Haberjam,fhaberjamj8@jalbum.net,Male,26.238.164.168
694,Cristiano,Heinschke,cheinschkej9@whitehouse.gov,Male,227.243.18.112
695,Dan,Pressdee,dpressdeeja@cisco.com,Male,54.137.103.77
696,Skippy,Muxworthy,smuxworthyjb@pagesperso-orange.fr,Male,241.0.180.56
697,Ches,Frossell,cfrosselljc@webs.com,Male,81.29.33.211
698,Tobey,Brownsall,tbrownsalljd@barnesandnoble.com,Genderqueer,217.162.252.247
699,Ulrick,Zanetto,uzanettoje@state.tx.us,Male,113.0.91.138
700,Ignatius,Snowding,isnowdingjf@state.tx.us,Male,20.197.181.31
701,Meghan,Dubose,mdubosejg@shutterfly.com,Female,107.41.153.6
702,Lorry,Undrill,lundrilljh@youtu.be,Female,83.12.140.46
703,Kristos,O'Sharkey,kosharkeyji@acquirethisname.com,Male,174.218.13.163
704,Ericha,Brilleman,ebrillemanjj@geocities.com,Female,61.199.250.11
705,Lek,Hassall,lhassalljk@zdnet.com,Male,7.30.108.64
706,Lancelot,Bremmell,lbremmelljl@tinypic.com,Male,106.252.36.103
707,Murielle,Duckit,mduckitjm@friendfeed.com,Female,38.43.249.148
708,Edgard,Carmody,ecarmodyjn@google.pl,Male,198.203.127.76
709,Karel,Scolding,kscoldingjo@businessweek.com,Female,114.227.217.202
710,Demetris,Van Rembrandt,dvanrembrandtjp@w3.org,Female,132.162.220.194
711,Breanne,Barbie,bbarbiejq@live.com,Female,194.91.149.59
712,Pammie,Kempstone,pkempstonejr@mayoclinic.com,Female,248.204.169.194
713,Sayres,Ruddle,sruddlejs@is.gd,Male,181.155.243.225
714,Theresina,Howerd,thowerdjt@google.co.jp,Female,15.6.197.184
715,Nichole,Pridham,npridhamju@shinystat.com,Female,170.178.124.217
716,Abba,Narracott,anarracottjv@joomla.org,Bigender,188.13.170.96
717,Tatiana,Rewbottom,trewbottomjw@1und1.de,Female,99.39.68.103
718,Verene,Caller,vcallerjx@smugmug.com,Female,69.186.81.87
719,Laurent,Roseblade,lrosebladejy@youku.com,Agender,180.224.191.205
720,Mel,Fashion,mfashionjz@archive.org,Genderfluid,228.214.65.144
721,Petronia,Cossor,pcossork0@wikimedia.org,Female,158.186.6.231
722,Neill,Summerlee,nsummerleek1@dmoz.org,Male,39.214.126.26
723,Milissent,Laetham,mlaethamk2@xinhuanet.com,Female,152.41.248.185
724,Natalina,Story,nstoryk3@webnode.com,Female,245.158.93.248
725,Renado,Huggan,rhuggank4@usatoday.com,Male,102.38.211.237
726,Kaspar,Wonfar,kwonfark5@wisc.edu,Male,89.9.129.122
727,Annaliese,Spancock,aspancockk6@prlog.org,Female,246.131.37.140
728,Fred,Padley,fpadleyk7@fotki.com,Male,147.241.185.48
729,Flora,Roby,frobyk8@blogs.com,Female,168.61.233.52
730,Saree,Klagge,sklaggek9@deviantart.com,Female,137.78.244.106
731,Arlyn,Caudelier,acaudelierka@cisco.com,Polygender,13.253.45.72
732,Emeline,Eggers,eeggerskb@etsy.com,Female,247.100.54.31
733,Orv,Redgate,oredgatekc@google.cn,Genderfluid,13.13.242.212
734,Uriah,Wandrey,uwandreykd@aol.com,Male,136.50.234.166
735,Jewell,Slocombe,jslocombeke@dropbox.com,Female,107.176.166.187
736,Janaye,Synnott,jsynnottkf@prweb.com,Female,211.101.165.188
737,Merline,Gerrets,mgerretskg@multiply.com,Female,142.3.99.21
738,Lee,Giacobillo,lgiacobillokh@paginegialle.it,Female,95.34.44.140
739,Monique,Champniss,mchampnisski@harvard.edu,Female,44.167.78.16
740,Darrell,Sollas,dsollaskj@google.fr,Male,105.52.147.79
741,Carolynn,Domegan,cdomegankk@godaddy.com,Female,2.23.27.165
742,Clayborn,Arthars,cartharskl@cbslocal.com,Male,31.158.5.240
743,Pearline,Meatyard,pmeatyardkm@walmart.com,Female,8.146.170.79
744,Skippie,Cloute,scloutekn@purevolume.com,Male,147.206.84.255
745,Klarika,Silcocks,ksilcocksko@nytimes.com,Female,32.139.27.214
746,Howey,Bellino,hbellinokp@fda.gov,Male,91.8.236.84
747,Cam,Stainton,cstaintonkq@msn.com,Female,14.41.118.52
748,Cullan,Sparhawk,csparhawkkr@senate.gov,Male,113.67.188.95
749,Roderic,Beatey,rbeateyks@so-net.ne.jp,Male,134.165.124.184
750,Sallyanne,Cicco,sciccokt@1688.com,Female,66.211.178.51
751,Ambrosi,Faudrie,afaudrieku@japanpost.jp,Male,191.33.109.247
752,Grace,Keston,gkestonkv@joomla.org,Female,141.209.143.191
753,Bridgette,Philipot,bphilipotkw@wordpress.org,Female,219.43.53.245
754,Aurore,Murrum,amurrumkx@ftc.gov,Female,86.89.236.254
755,Sharon,Campelli,scampelliky@xing.com,Female,28.103.80.180
756,Xenos,Daglish,xdaglishkz@huffingtonpost.com,Male,200.109.134.127
757,Carlota,Pinckney,cpinckneyl0@icq.com,Female,110.46.5.46
758,Tabbitha,Tumulty,ttumultyl1@craigslist.org,Female,62.118.101.118
759,Jillayne,Brambley,jbrambleyl2@skype.com,Female,169.104.181.55
760,D'arcy,Weddeburn - Scrimgeour,dweddeburnscrimgeourl3@people.com.cn,Male,20.143.90.138
761,Dagny,Crunkhorn,dcrunkhornl4@uiuc.edu,Male,214.221.202.0
762,Tate,Noddings,tnoddingsl5@google.com,Male,97.133.133.217
763,Rosamond,Metschke,rmetschkel6@wordpress.com,Female,113.173.17.195
764,Kip,Witch,kwitchl7@goodreads.com,Female,160.46.168.53
765,Kenyon,Marden,kmardenl8@dropbox.com,Male,153.220.35.197
766,Lewes,McUre,lmcurel9@fc2.com,Male,245.44.218.129
767,Kristian,Pershouse,kpershousela@surveymonkey.com,Male,25.195.14.173
768,Reed,Bartel,rbartellb@dmoz.org,Male,195.70.27.173
769,Moshe,Larchiere,mlarchierelc@example.com,Male,228.149.243.178
770,Arni,O'Feeny,aofeenyld@answers.com,Male,113.45.33.202
771,Fidela,MacKaile,fmackailele@seattletimes.com,Female,142.253.77.77
772,Fania,Orange,forangelf@umn.edu,Female,36.21.119.170
773,Nelly,Hardistry,nhardistrylg@prweb.com,Female,71.245.225.3
774,Katusha,Adamovitch,kadamovitchlh@tinypic.com,Female,249.127.59.204
775,Dennis,Kalinovich,dkalinovichli@miitbeian.gov.cn,Male,32.180.190.151
776,Merrilee,Grishelyov,mgrishelyovlj@t-online.de,Female,37.33.105.127
777,Niles,Messenger,nmessengerlk@cnbc.com,Male,67.220.66.199
778,Zerk,Waddington,zwaddingtonll@blog.com,Male,96.160.193.171
779,Sherwin,Schuster,sschusterlm@webnode.com,Male,48.16.61.152
780,Selina,Armall,sarmallln@wix.com,Female,94.95.6.79
781,Anabal,Biles,abileslo@g.co,Female,114.241.45.104
782,Sholom,Pottberry,spottberrylp@cloudflare.com,Male,251.210.92.167
783,Dillie,Vale,dvalelq@eepurl.com,Male,16.252.13.98
784,Deena,Baigent,dbaigentlr@abc.net.au,Female,57.228.95.212
785,Moises,Summerside,msummersidels@seattletimes.com,Male,255.164.124.221
786,Welsh,Murtell,wmurtelllt@scientificamerican.com,Agender,216.1.178.2
787,Barnebas,Ransfield,bransfieldlu@ocn.ne.jp,Male,208.11.188.155
788,Timotheus,Prop,tproplv@hao123.com,Male,18.29.192.153
789,Carolee,Leal,cleallw@networksolutions.com,Female,178.215.7.236
790,Moll,Cawood,mcawoodlx@zdnet.com,Female,86.32.80.53
791,Lilah,Pendrich,lpendrichly@umich.edu,Female,25.172.156.68
792,Georgi,Dickson,gdicksonlz@networksolutions.com,Male,253.23.255.80
793,Averell,Attack,aattackm0@hexun.com,Male,225.106.93.124
794,Richart,Chese,rchesem1@mtv.com,Male,38.196.67.79
795,Liva,Rodenburg,lrodenburgm2@ted.com,Female,54.210.34.113
796,Min,Mangin,mmanginm3@smh.com.au,Female,76.64.90.22
797,Anselm,Izen,aizenm4@mtv.com,Male,129.18.16.187
798,Karylin,Ferbrache,kferbrachem5@merriam-webster.com,Female,63.91.228.21
799,Francis,Basley,fbasleym6@ox.ac.uk,Male,169.160.213.187
800,Rene,Cicco,rciccom7@photobucket.com,Male,117.199.190.50
801,Valle,Argo,vargom8@ow.ly,Male,42.5.182.155
802,Lari,Sivewright,lsivewrightm9@google.cn,Female,63.98.66.90
803,James,Pelchat,jpelchatma@livejournal.com,Male,162.134.17.218
804,Wells,Densun,wdensunmb@mapquest.com,Male,187.174.58.107
805,Berkley,Tacey,btaceymc@gizmodo.com,Genderqueer,50.191.203.3
806,Candide,Tennant,ctennantmd@sbwire.com,Female,238.254.189.243
807,Gardner,Peery,gpeeryme@blogtalkradio.com,Male,148.238.214.203
808,Baxie,Moors,bmoorsmf@who.int,Male,228.101.17.21
809,Boigie,Tyler,btylermg@bizjournals.com,Male,39.174.148.202
810,Madlin,Jorat,mjoratmh@google.pl,Female,227.147.222.233
811,Sanderson,Keepence,skeepencemi@macromedia.com,Male,173.83.200.241
812,Jessica,Beebee,jbeebeemj@marriott.com,Female,208.118.189.130
813,Morley,Dengel,mdengelmk@nyu.edu,Male,172.120.196.242
814,Verina,McLeod,vmcleodml@sun.com,Female,149.70.70.247
815,Frannie,Swannack,fswannackmm@yellowpages.com,Female,192.249.243.61
816,Anne,Cranmore,acranmoremn@goodreads.com,Bigender,215.93.33.118
817,Daune,Fildery,dfilderymo@oaic.gov.au,Female,33.19.149.192
818,Emmi,King,ekingmp@aboutads.info,Female,64.89.232.175
819,Corbet,Legrave,clegravemq@nymag.com,Non-binary,140.252.131.19
820,Jorgan,Berrigan,jberriganmr@prnewswire.com,Male,127.240.145.208
821,Gerrilee,Bantham,gbanthamms@bluehost.com,Female,0.251.232.221
822,Valina,Loughrey,vloughreymt@tumblr.com,Female,187.60.190.173
823,Lief,Cripin,lcripinmu@hubpages.com,Non-binary,132.170.233.25
824,Aldous,Morit,amoritmv@irs.gov,Male,96.19.125.26
825,Evangelia,Limbrick,elimbrickmw@dropbox.com,Female,227.137.4.187
826,Irene,Gannaway,igannawaymx@unc.edu,Female,3.7.40.192
827,Dev,Priestley,dpriestleymy@google.ca,Male,105.57.199.124
828,Alidia,O'Dyvoy,aodyvoymz@unblog.fr,Female,188.100.33.22
829,Gaylor,Eccleshall,geccleshalln0@reuters.com,Male,88.90.24.46
830,Hart,Benedikt,hbenediktn1@ox.ac.uk,Male,100.7.172.183
831,Vladamir,Foulis,vfoulisn2@feedburner.com,Male,108.4.201.6
832,Arman,Ixor,aixorn3@buzzfeed.com,Male,172.235.100.78
833,Larisa,Belvard,lbelvardn4@wufoo.com,Female,203.146.183.252
834,Tova,Roderick,troderickn5@dailymail.co.uk,Female,243.51.128.78
835,Ashil,Kleinert,akleinertn6@smh.com.au,Female,244.164.243.100
836,Fifine,Simecek,fsimecekn7@paginegialle.it,Female,36.132.195.13
837,Elliott,Cuzen,ecuzenn8@blinklist.com,Male,87.117.52.196
838,Sofie,Phear,sphearn9@prweb.com,Female,92.111.202.146
839,Gertie,But,gbutna@cbc.ca,Female,232.235.124.165
840,Rena,Shoebottom,rshoebottomnb@baidu.com,Female,35.231.72.130
841,Elfreda,Matskevich,ematskevichnc@nydailynews.com,Female,209.93.111.232
842,Garrek,Baulch,gbaulchnd@nydailynews.com,Male,22.129.145.231
843,Wood,Houlahan,whoulahanne@seattletimes.com,Male,31.172.110.39
844,Helenka,Phythien,hphythiennf@goo.ne.jp,Female,78.222.109.125
845,Jedediah,Massingberd,jmassingberdng@bbc.co.uk,Agender,113.75.178.121
846,Roxine,MacFadzan,rmacfadzannh@dell.com,Female,31.24.203.107
847,Tucky,Swayte,tswayteni@webmd.com,Male,117.137.8.148
848,Tori,Cerith,tcerithnj@cmu.edu,Female,192.74.230.134
849,Farley,Vasse,fvassenk@newyorker.com,Male,71.175.55.250
850,Christos,Ebourne,cebournenl@seattletimes.com,Male,26.234.209.250
851,Alla,Oblein,aobleinnm@lulu.com,Female,199.208.88.208
852,Nester,Elphey,nelpheynn@eepurl.com,Male,177.3.11.172
853,Cammy,Benettelli,cbenettellino@e-recht24.de,Male,193.31.171.236
854,Emmerich,Hallt,ehalltnp@amazon.co.jp,Male,103.185.131.124
855,Sandro,Hammett,shammettnq@hostgator.com,Male,30.134.120.18
856,Yevette,MacCroary,ymaccroarynr@cbc.ca,Female,84.74.119.100
857,Freemon,Bushell,fbushellns@utexas.edu,Male,202.187.186.28
858,Blayne,Baison,bbaisonnt@thetimes.co.uk,Male,111.106.72.107
859,Karrie,Inch,kinchnu@bigcartel.com,Female,95.233.162.139
860,Jone,Moyce,jmoycenv@gravatar.com,Male,158.180.112.236
861,Terencio,Jowling,tjowlingnw@google.de,Male,101.43.72.205
862,Ricoriki,Davidof,rdavidofnx@pagesperso-orange.fr,Male,252.68.203.236
863,Chaddie,Croft,ccroftny@psu.edu,Male,41.191.87.200
864,Niki,Crates,ncratesnz@msn.com,Female,131.113.45.133
865,Killian,Alam,kalamo0@scribd.com,Male,45.93.71.171
866,Hersch,O'Hdirscoll,hohdirscollo1@epa.gov,Male,160.96.0.188
867,Aldo,Espadero,aespaderoo2@diigo.com,Male,203.129.249.68
868,Jacki,Kiwitz,jkiwitzo3@ucsd.edu,Female,181.211.214.161
869,Alejoa,Crosseland,acrosselando4@google.com,Male,109.82.135.10
870,Phip,Nortcliffe,pnortcliffeo5@domainmarket.com,Male,17.5.13.189
871,Glory,Ewens,gewenso6@dell.com,Polygender,138.216.169.130
872,Ange,Allott,aallotto7@umn.edu,Female,84.82.191.76
873,Murdoch,Whitrod,mwhitrodo8@vkontakte.ru,Male,213.51.238.118
874,Edith,Fermin,efermino9@behance.net,Female,27.255.200.96
875,Remus,Milvarnie,rmilvarnieoa@bandcamp.com,Male,118.56.36.78
876,Aurora,Pollendine,apollendineob@flickr.com,Female,206.152.31.148
877,Emalia,Tegeller,etegelleroc@ycombinator.com,Genderfluid,86.223.64.151
878,Verne,Mudie,vmudieod@senate.gov,Male,125.202.184.239
879,Finn,Lowrey,flowreyoe@tripadvisor.com,Male,135.167.122.161
880,Ardys,Kock,akockof@geocities.com,Non-binary,171.252.6.36
881,Wittie,Gryglewski,wgryglewskiog@rambler.ru,Male,35.200.12.82
882,Mady,Vanderson,mvandersonoh@ucsd.edu,Female,121.100.149.69
883,Maurizio,Schwanden,mschwandenoi@w3.org,Bigender,156.174.76.78
884,Orlan,Ledeker,oledekeroj@dion.ne.jp,Male,104.190.164.92
885,Zebulen,Kellock,zkellockok@cbsnews.com,Male,194.244.243.187
886,Maureene,Blazic,mblazicol@behance.net,Female,216.99.191.194
887,Alli,Jakeman,ajakemanom@tinyurl.com,Female,39.124.83.183
888,Currey,Parrington,cparringtonon@webeden.co.uk,Male,156.57.120.231
889,Cassandra,Haistwell,chaistwelloo@sun.com,Female,102.212.109.190
890,Danny,Verna,dvernaop@weebly.com,Female,157.229.148.18
891,Grannie,Slot,gslotoq@scribd.com,Non-binary,85.174.173.230
892,Filmore,Witchard,fwitchardor@hatena.ne.jp,Agender,204.206.227.116
893,Earvin,Biagini,ebiaginios@answers.com,Male,94.113.54.138
894,Ariela,Mitskevich,amitskevichot@macromedia.com,Female,152.255.185.83
895,Dalston,Konzel,dkonzelou@squarespace.com,Male,156.218.92.65
896,Kayla,Reaney,kreaneyov@fda.gov,Female,250.231.217.103
897,Celinda,Priestnall,cpriestnallow@indiatimes.com,Female,153.89.231.92
898,Chicky,Placstone,cplacstoneox@cisco.com,Male,123.204.222.84
899,Kitty,Ellerman,kellermanoy@ftc.gov,Female,56.1.186.34
900,Sheilah,Brownill,sbrownilloz@cargocollective.com,Female,188.85.250.139
901,Inglis,Shotboulte,ishotboultep0@addthis.com,Male,46.179.27.121
902,Dora,Sidebottom,dsidebottomp1@cam.ac.uk,Female,27.113.58.2
903,Merrill,Attewill,mattewillp2@weather.com,Female,166.91.241.55
904,Florri,Hannond,fhannondp3@istockphoto.com,Female,162.252.246.62
905,Amery,Whelan,awhelanp4@opensource.org,Male,108.239.156.181
906,Wendell,Parcell,wparcellp5@twitter.com,Male,99.75.122.246
907,Kiley,Huxstep,khuxstepp6@kickstarter.com,Male,5.17.10.46
908,Kathe,Erdes,kerdesp7@state.tx.us,Female,195.152.130.70
909,Krystalle,Parkins,kparkinsp8@linkedin.com,Female,21.251.39.41
910,Percy,Skellorne,pskellornep9@simplemachines.org,Male,66.254.27.112
911,Helena,Pearne,hpearnepa@drupal.org,Genderqueer,154.254.91.40
912,Sheppard,Verick,sverickpb@redcross.org,Male,50.245.194.47
913,Kristien,Sangwine,ksangwinepc@amazon.co.jp,Female,36.52.90.101
914,Tamar,Lechmere,tlechmerepd@wikia.com,Female,15.149.15.104
915,Madeleine,Cornwell,mcornwellpe@mozilla.com,Female,212.232.91.142
916,Marlyn,Peggram,mpeggrampf@w3.org,Genderfluid,67.184.243.66
917,Donnie,Anlay,danlaypg@netscape.com,Male,101.142.130.247
918,Emmet,Hartland,ehartlandph@wix.com,Genderqueer,11.22.253.219
919,Susette,Merrick,smerrickpi@kickstarter.com,Female,20.89.207.230
920,Elonore,Preston,eprestonpj@google.ru,Female,120.12.230.173
921,Nonna,Martello,nmartellopk@addthis.com,Female,112.160.72.157
922,Gerardo,Triggol,gtriggolpl@ucoz.ru,Male,126.129.22.92
923,Marty,McCallam,mmccallampm@creativecommons.org,Male,226.195.224.28
924,Cointon,Absolem,cabsolempn@quantcast.com,Male,142.166.243.219
925,Easter,Kleimt,ekleimtpo@t-online.de,Genderqueer,199.124.212.34
926,Jared,Lumsdaine,jlumsdainepp@ustream.tv,Male,213.202.89.196
927,Brody,Puddicombe,bpuddicombepq@list-manage.com,Male,239.34.205.190
928,Anatollo,Derdes,aderdespr@vimeo.com,Male,219.166.19.124
929,Welbie,Earwicker,wearwickerps@symantec.com,Male,112.19.114.138
930,Judon,Rivalant,jrivalantpt@geocities.jp,Male,205.83.215.194
931,Jarrid,Leveridge,jleveridgepu@lycos.com,Male,208.29.78.150
932,Ronald,Cockett,rcockettpv@vkontakte.ru,Non-binary,127.186.224.210
933,Brion,Grievson,bgrievsonpw@smh.com.au,Non-binary,33.145.64.6
934,Kelvin,Sinott,ksinottpx@mlb.com,Non-binary,174.200.4.35
935,Anabelle,MacRanald,amacranaldpy@is.gd,Female,198.105.138.212
936,Terri,Gilyott,tgilyottpz@ocn.ne.jp,Female,79.139.61.182
937,Steffie,Wallsworth,swallsworthq0@stanford.edu,Female,91.163.59.143
938,Corrie,Gillingwater,cgillingwaterq1@google.co.uk,Non-binary,50.172.3.172
939,Katrina,Ghelardoni,kghelardoniq2@vk.com,Female,235.62.119.144
940,Cointon,Hanington,chaningtonq3@google.it,Male,10.76.61.134
941,Rodolphe,Costock,rcostockq4@list-manage.com,Male,162.107.155.128
942,Mead,Stachini,mstachiniq5@hc360.com,Female,206.215.212.57
943,Ky,Burdoun,kburdounq6@cargocollective.com,Male,59.244.251.109
944,Wernher,Hasley,whasleyq7@elpais.com,Male,75.15.100.123
945,Melinda,Blincko,mblinckoq8@reddit.com,Female,132.205.4.255
946,Jerome,Ducaen,jducaenq9@psu.edu,Male,87.46.70.208
947,Mendie,Youdell,myoudellqa@altervista.org,Male,11.153.102.23
948,Sigfrid,Gaskin,sgaskinqb@nyu.edu,Male,87.116.116.23
949,Aline,Classen,aclassenqc@bandcamp.com,Female,39.57.128.56
950,Rodolphe,Goodspeed,rgoodspeedqd@diigo.com,Male,120.174.13.138
951,Ardeen,McCudden,amccuddenqe@gmpg.org,Female,244.109.108.156
952,Zahara,Cleaver,zcleaverqf@tumblr.com,Female,72.253.149.136
953,Anni,Sides,asidesqg@icio.us,Female,26.89.12.21
954,Giulietta,Judson,gjudsonqh@hostgator.com,Female,37.217.234.162
955,Mario,Paoli,mpaoliqi@posterous.com,Male,50.53.246.82
956,Constantina,Hallock,challockqj@posterous.com,Female,24.56.238.124
957,Inez,MacElroy,imacelroyqk@xrea.com,Female,229.205.241.37
958,Ronda,Crookston,rcrookstonql@intel.com,Non-binary,212.18.84.217
959,Ali,Llywarch,allywarchqm@fema.gov,Male,34.248.175.217
960,Pippo,Morston,pmorstonqn@dedecms.com,Male,72.140.31.177
961,Dian,Weekland,dweeklandqo@nyu.edu,Female,133.210.136.133
962,Beverlee,Childe,bchildeqp@cloudflare.com,Female,78.38.90.251
963,Codie,Ballance,cballanceqq@php.net,Female,57.32.32.237
964,Xaviera,Pigney,xpigneyqr@scribd.com,Female,212.183.166.86
965,Diane-marie,Domerque,ddomerqueqs@addthis.com,Female,139.101.254.252
966,Marybelle,Chittleburgh,mchittleburghqt@people.com.cn,Female,229.158.181.79
967,Daven,Lilian,dlilianqu@slashdot.org,Male,35.147.86.182
968,Arley,Keneford,akenefordqv@unblog.fr,Male,220.225.95.65
969,Sibylla,Giacobbo,sgiacobboqw@admin.ch,Female,32.10.180.42
970,Jocelyne,Bohlmann,jbohlmannqx@europa.eu,Female,138.114.208.231
971,Prent,Sigars,psigarsqy@hostgator.com,Male,81.88.45.22
972,Camille,Worsell,cworsellqz@sbwire.com,Female,39.153.99.239
973,Munroe,Muscott,mmuscottr0@businessinsider.com,Male,121.78.22.69
974,Marshal,MattiCCI,mmatticcir1@ow.ly,Male,67.234.153.134
975,Jilleen,Dauber,jdauberr2@mail.ru,Female,48.115.102.115
976,Irita,Stile,istiler3@mayoclinic.com,Female,80.176.164.103
977,Elliot,Charlin,echarlinr4@alibaba.com,Male,126.104.65.126
978,Alene,Fulbrook,afulbrookr5@whitehouse.gov,Female,112.72.123.146
979,Lelia,Akester,lakesterr6@domainmarket.com,Female,141.12.74.59
980,Nikki,Liles,nlilesr7@earthlink.net,Male,19.20.127.230
981,Elmo,Burkhill,eburkhillr8@vistaprint.com,Male,98.113.148.121
982,Ebba,Noe,enoer9@reddit.com,Female,67.245.246.138
983,Alexandrina,Prantoni,aprantonira@amazon.com,Female,224.139.223.139
984,Dmitri,Crick,dcrickrb@youku.com,Male,30.0.160.72
985,Karoly,Cadlock,kcadlockrc@cisco.com,Male,243.108.227.246
986,Sammy,Ikringill,sikringillrd@wikimedia.org,Female,190.20.244.232
987,Clint,Lukovic,clukovicre@clickbank.net,Bigender,133.182.230.47
988,Theresita,Witsey,twitseyrf@mapquest.com,Female,56.254.31.30
989,Alair,Quesne,aquesnerg@jigsy.com,Male,186.23.213.58
990,Abel,Robins,arobinsrh@apple.com,Male,123.226.93.239
991,Hobey,Bielfeldt,hbielfeldtri@chronoengine.com,Male,248.38.51.170
992,Alex,Gopsill,agopsillrj@yahoo.com,Female,201.115.30.143
993,Ulysses,Starrs,ustarrsrk@blogspot.com,Male,223.203.101.105
994,Wallache,Harriot,wharriotrl@miibeian.gov.cn,Male,147.18.61.43
995,Dacia,Mackieson,dmackiesonrm@earthlink.net,Female,180.224.149.0
996,Kleon,Silman,ksilmanrn@utexas.edu,Male,148.31.108.132
997,Rachelle,Runsey,rrunseyro@gravatar.com,Female,186.222.203.52
998,Ronny,Kiltie,rkiltierp@zdnet.com,Male,57.185.65.76
999,Gifford,Stagg,gstaggrq@sourceforge.net,Male,213.234.165.177
1000,Gerda,Domke,gdomkerr@ehow.com,Female,54.252.119.233
