id,first_name,last_name,email,gender,ip_address
1,Sandye,Watkinson,swatkinson0@chicagotribune.com,Female,120.57.20.108
2,Gabriello,Comberbeach,gcomberbeach1@google.com.au,Agender,227.9.132.66
3,Derward,Brothwell,dbrothwell2@mayoclinic.com,Male,207.155.16.185
4,Archy,Kinkade,akinkade3@globo.com,Male,64.91.4.178
5,Muriel,Collins,mcollins4@i2i.jp,Female,83.23.104.196
6,Kiley,Ogbourne,kogbourne5@europa.eu,Male,212.188.39.231
7,Laurie,Teasey,lteasey6@nydailynews.com,Female,96.114.220.43
8,Jeramie,Shervil,jshervil7@upenn.edu,Male,84.215.29.84
9,Kelley,Dagnall,kdagnall8@amazonaws.com,Female,91.229.49.233
10,Staci,Vizard,svizard9@yahoo.com,Female,68.69.180.181
11,Richie,Layman,rlaymana@upenn.edu,Male,131.74.199.207
12,Royce,Closs,rclossb@symantec.com,Male,206.119.68.163
13,Nadeen,Habbert,nhabbertc@ezinearticles.com,Female,241.217.150.231
14,Huberto,Casel,hcaseld@arizona.edu,Male,220.115.171.109
15,Winnie,Wann,wwanne@youku.com,Male,114.229.216.43
16,Leoine,Hatcher,lhatcherf@barnesandnoble.com,Female,49.98.226.26
17,Eugen,MacCostigan,emaccostigang@bloglines.com,Male,242.89.183.217
18,Zondra,Vickerman,zvickermanh@instagram.com,Female,66.205.12.109
19,Saba,Fedder,sfedderi@globo.com,Female,218.214.22.104
20,Sax,Causley,scausleyj@cbslocal.com,Male,9.202.28.198
21,Aura,Langton,alangtonk@wikia.com,Female,109.115.175.197
22,Bogart,Woodley,bwoodleyl@bigcartel.com,Male,78.96.128.67
23,Orren,Moorhouse,omoorhousem@utexas.edu,Genderqueer,1.80.90.124
24,Marna,Adam,madamn@domainmarket.com,Female,27.99.249.67
25,Shalom,Petters,spetterso@nhs.uk,Male,176.221.234.59
26,Hieronymus,Thunnercliffe,hthunnercliffep@jugem.jp,Male,33.178.1.78
27,Frazer,Casserley,fcasserleyq@usa.gov,Male,153.139.171.95
28,Al,Ranklin,aranklinr@vk.com,Male,150.31.141.170
29,Jereme,Stoker,jstokers@nbcnews.com,Male,123.171.208.165
30,Willi,Gatheridge,wgatheridget@google.ru,Male,99.90.138.167
31,Parsifal,Farey,pfareyu@smugmug.com,Male,19.180.245.150
32,Reeba,Bain,rbainv@smh.com.au,Female,216.70.19.124
33,Danita,Bugs,dbugsw@qq.com,Female,49.246.42.225
34,Lavinie,Janata,ljanatax@dell.com,Female,248.88.132.156
35,Julio,Weeke,jweekey@live.com,Male,127.77.212.203
36,Obed,Huot,ohuotz@chron.com,Male,197.183.190.251
37,Shelden,Tosdevin,stosdevin10@tiny.cc,Male,192.5.57.105
38,Ricky,Cirlos,rcirlos11@squarespace.com,Genderqueer,75.196.248.199
39,Mirilla,Prigg,mprigg12@amazon.co.jp,Female,126.85.139.170
40,Arnie,Pestricke,apestricke13@twitpic.com,Male,78.58.19.125
41,Sayers,Ruggles,sruggles14@mapy.cz,Male,193.187.161.51
42,Craggy,Castagna,ccastagna15@nymag.com,Male,217.61.238.208
43,Edgar,Anelay,eanelay16@dailymail.co.uk,Male,133.64.189.10
44,Almeria,Aiskrigg,aaiskrigg17@un.org,Female,120.206.250.122
45,Roxane,Caslett,rcaslett18@infoseek.co.jp,Female,255.42.148.39
46,Melisenda,Scamadin,mscamadin19@accuweather.com,Female,64.248.66.248
47,Renie,Garbett,rgarbett1a@admin.ch,Female,13.182.206.250
48,Robby,Ellins,rellins1b@slate.com,Female,181.172.242.210
49,Lilli,McKnish,lmcknish1c@blogtalkradio.com,Female,124.106.1.2
50,Abdel,Tregian,atregian1d@noaa.gov,Male,44.45.137.135
51,Ferdinand,Molyneux,fmolyneux1e@hud.gov,Male,122.23.72.173
52,Adham,Creavan,acreavan1f@scribd.com,Male,49.225.247.65
53,Karylin,Southcomb,ksouthcomb1g@apache.org,Female,149.85.253.43
54,Radcliffe,Gavaghan,rgavaghan1h@msu.edu,Male,214.227.34.10
55,Mal,Burcher,mburcher1i@jalbum.net,Male,127.155.83.70
56,Ker,Adamsson,kadamsson1j@telegraph.co.uk,Non-binary,218.57.61.241
57,Corbett,Mc Kellen,cmckellen1k@artisteer.com,Male,205.204.123.119
58,Ricoriki,Krzysztofiak,rkrzysztofiak1l@wired.com,Male,182.142.111.212
59,Shanda,Cast,scast1m@edublogs.org,Female,195.147.225.104
60,Fawnia,Selwood,fselwood1n@example.com,Female,49.37.24.10
61,Davine,Arnfield,darnfield1o@hugedomains.com,Female,237.69.2.99
62,Calv,Yeats,cyeats1p@goo.gl,Male,70.213.57.76
63,Cindelyn,Beeching,cbeeching1q@hao123.com,Female,159.243.174.181
64,Matti,Goodday,mgoodday1r@quantcast.com,Genderqueer,57.189.190.200
65,Lauralee,Malafe,lmalafe1s@bluehost.com,Female,112.225.156.227
66,Falkner,Rawstorn,frawstorn1t@photobucket.com,Male,25.204.218.73
67,Farlie,Cecil,fcecil1u@ovh.net,Male,134.154.161.193
68,Rooney,Rewan,rrewan1v@discovery.com,Male,101.218.69.149
69,Melisenda,Bichard,mbichard1w@blogger.com,Female,232.191.99.166
70,Bax,Grafham,bgrafham1x@tamu.edu,Male,101.250.128.63
71,Twyla,Leitch,tleitch1y@indiatimes.com,Female,206.58.164.66
72,Seymour,Menat,smenat1z@pagesperso-orange.fr,Male,7.189.143.69
73,Tildie,Eayrs,teayrs20@webmd.com,Genderqueer,198.242.184.120
74,Tabby,Lever,tlever21@themeforest.net,Female,164.79.181.225
75,Ulrica,Horlick,uhorlick22@wisc.edu,Female,25.26.175.128
76,Josy,Foxall,jfoxall23@meetup.com,Female,190.171.42.163
77,Hogan,Maplethorp,hmaplethorp24@google.com.au,Male,50.22.123.145
78,Rhona,Hards,rhards25@hc360.com,Female,8.134.230.137
79,Emmott,Blemings,eblemings26@ning.com,Male,6.185.135.128
80,Danila,Dunnett,ddunnett27@linkedin.com,Female,255.177.71.16
81,Zahara,Kinchin,zkinchin28@prweb.com,Female,6.50.238.161
82,Hugues,Lamputt,hlamputt29@amazon.de,Male,37.131.39.182
83,Goldie,Derry,gderry2a@devhub.com,Female,11.251.176.10
84,Ardelia,Vigurs,avigurs2b@cafepress.com,Female,223.144.58.137
85,Kaye,Streater,kstreater2c@scientificamerican.com,Female,136.146.240.196
86,Dickie,Harback,dharback2d@dot.gov,Male,212.102.93.47
87,Chuck,Brasher,cbrasher2e@delicious.com,Male,175.208.219.194
88,Eudora,Oda,eoda2f@sitemeter.com,Female,109.227.221.40
89,Willem,Di Carlo,wdicarlo2g@ca.gov,Male,226.67.122.14
90,Morey,Dreher,mdreher2h@youtube.com,Male,54.111.174.181
91,Jeni,Geindre,jgeindre2i@t-online.de,Female,13.192.228.154
92,Abigail,Ranald,aranald2j@abc.net.au,Female,33.68.184.162
93,Flossi,Stein,fstein2k@imageshack.us,Polygender,60.0.187.30
94,Roy,Levane,rlevane2l@hc360.com,Male,243.73.200.72
95,Edita,Eggins,eeggins2m@nba.com,Female,100.206.110.166
96,Rivalee,Voden,rvoden2n@chicagotribune.com,Female,183.195.251.121
97,Evyn,Howells,ehowells2o@example.com,Male,21.151.109.52
98,Pierce,Gwinnell,pgwinnell2p@nymag.com,Male,232.181.192.115
99,Lefty,Northen,lnorthen2q@oaic.gov.au,Male,63.5.183.152
100,Antonius,Schapiro,aschapiro2r@symantec.com,Male,151.164.98.5
101,Toby,MacCorley,tmaccorley2s@cloudflare.com,Male,218.12.229.193
102,Dela,Kenner,dkenner2t@drupal.org,Female,125.236.65.101
103,Ransom,Joslow,rjoslow2u@europa.eu,Male,15.61.46.78
104,Loraine,Newart,lnewart2v@globo.com,Female,146.58.84.114
105,Aileen,Hayworth,ahayworth2w@vk.com,Female,62.216.104.197
106,Freddy,Breffit,fbreffit2x@github.io,Female,68.183.0.11
107,Flynn,Fredson,ffredson2y@smugmug.com,Genderfluid,249.84.129.91
108,Wendi,Gealle,wgealle2z@shareasale.com,Agender,253.138.222.141
109,Querida,Thirkettle,qthirkettle30@bloomberg.com,Female,205.35.128.83
110,Jere,Shimmans,jshimmans31@google.co.jp,Female,57.234.145.171
111,Daphne,Legrice,dlegrice32@freewebs.com,Female,73.162.111.52
112,Genni,Yurinov,gyurinov33@baidu.com,Non-binary,70.30.208.219
113,Reg,Michael,rmichael34@telegraph.co.uk,Male,163.47.57.160
114,Pedro,Records,precords35@google.it,Male,228.214.146.112
115,Carrissa,Ducker,cducker36@ucoz.ru,Female,255.20.182.43
116,Papagena,Whorlton,pwhorlton37@123-reg.co.uk,Female,207.99.28.26
117,Corinna,Lempke,clempke38@studiopress.com,Female,70.32.79.240
118,Owen,Cardoe,ocardoe39@yandex.ru,Male,233.249.72.111
119,Sula,Craigmyle,scraigmyle3a@si.edu,Female,33.12.32.95
120,Wood,Astles,wastles3b@alexa.com,Male,75.61.162.92
121,Rossy,Dalyell,rdalyell3c@seattletimes.com,Male,176.74.153.169
122,Freddi,Keizman,fkeizman3d@japanpost.jp,Female,167.207.140.72
123,June,Ovise,jovise3e@slate.com,Agender,157.104.184.38
124,Binnie,Brugemann,bbrugemann3f@twitpic.com,Female,121.48.71.37
125,Peggi,Trappe,ptrappe3g@odnoklassniki.ru,Female,218.88.243.221
126,Elijah,Pinxton,epinxton3h@youtu.be,Male,191.189.158.68
127,Honor,Partkya,hpartkya3i@live.com,Female,245.27.241.122
128,Madelon,McMains,mmcmains3j@weebly.com,Female,222.58.2.220
129,Sigfried,Alessandrini,salessandrini3k@cnn.com,Male,27.211.46.108
130,Lemmy,Moland,lmoland3l@discovery.com,Male,64.152.94.46
131,Joana,Shipston,jshipston3m@bravesites.com,Female,114.109.37.80
132,Donnell,Mirfield,dmirfield3n@imdb.com,Male,173.251.204.162
133,Jarrod,Kemwal,jkemwal3o@ehow.com,Male,26.72.57.243
134,Harley,Hush,hhush3p@google.de,Male,104.62.249.169
135,Angeline,Swarbrick,aswarbrick3q@bravesites.com,Female,230.104.90.86
136,Fairfax,Grouvel,fgrouvel3r@google.es,Male,198.42.135.25
137,Laurence,Muggleton,lmuggleton3s@sbwire.com,Genderqueer,31.254.113.48
138,Celisse,Galier,cgalier3t@bizjournals.com,Female,218.64.231.8
139,Pancho,Lowndesbrough,plowndesbrough3u@booking.com,Male,244.181.208.87
140,Philly,Madgin,pmadgin3v@economist.com,Female,50.25.45.250
141,Amanda,Shottin,ashottin3w@ibm.com,Female,42.154.93.233
142,Aretha,Andraud,aandraud3x@ameblo.jp,Female,110.36.107.230
143,Hunfredo,Lukes,hlukes3y@wp.com,Male,25.190.108.145
144,Mabel,Murrell,mmurrell3z@is.gd,Female,123.69.14.170
145,Harriott,Benkin,hbenkin40@example.com,Female,25.114.14.232
146,Byrom,Bloan,bbloan41@theguardian.com,Male,221.156.95.92
147,Siegfried,McGaugie,smcgaugie42@surveymonkey.com,Male,0.247.243.255
148,Nolana,Neath,nneath43@oakley.com,Female,8.59.135.86
149,Obidiah,Coye,ocoye44@arizona.edu,Male,33.164.226.217
150,Tessie,Rumke,trumke45@soundcloud.com,Female,137.217.4.224
151,Sandi,Ceci,sceci46@livejournal.com,Female,9.188.145.158
152,Alain,Draco,adraco47@rambler.ru,Male,127.23.150.53
153,Gwenora,D'Onise,gdonise48@discuz.net,Female,66.82.203.56
154,Teddi,Danforth,tdanforth49@baidu.com,Female,69.231.182.157
155,Ferrell,Artrick,fartrick4a@shinystat.com,Male,114.189.129.28
156,Redford,McDermid,rmcdermid4b@fc2.com,Genderqueer,169.8.85.222
157,Blanca,Bees,bbees4c@dmoz.org,Female,17.68.191.41
158,Sigfried,Lavigne,slavigne4d@stanford.edu,Male,31.105.40.45
159,Tricia,Fatkin,tfatkin4e@blog.com,Bigender,60.110.64.136
160,Auroora,Muffett,amuffett4f@sogou.com,Female,115.254.6.239
161,Lexis,Grimes,lgrimes4g@angelfire.com,Female,15.38.118.159
162,Thorny,Niessen,tniessen4h@altervista.org,Male,222.22.195.193
163,Ophelie,Geldart,ogeldart4i@last.fm,Female,21.198.205.201
164,Madelon,Widdison,mwiddison4j@latimes.com,Female,7.169.116.226
165,Tom,Frederick,tfrederick4k@typepad.com,Male,24.252.97.168
166,Edwin,Moodie,emoodie4l@domainmarket.com,Male,9.25.154.135
167,Elyse,Mariotte,emariotte4m@furl.net,Female,144.105.71.250
168,Frankie,Wolpert,fwolpert4n@ft.com,Male,63.88.192.75
169,Norton,Caras,ncaras4o@sfgate.com,Male,204.26.42.52
170,Pall,Dewis,pdewis4p@house.gov,Male,22.147.109.99
171,Felice,Crolly,fcrolly4q@mysql.com,Female,176.178.73.188
172,Lizette,Breakspear,lbreakspear4r@acquirethisname.com,Female,250.108.106.135
173,Beverlee,MacCleay,bmaccleay4s@bluehost.com,Female,211.143.106.66
174,Krispin,Kingsland,kkingsland4t@instagram.com,Male,190.49.10.250
175,Devan,Loxston,dloxston4u@amazon.de,Female,226.188.23.17
176,Joscelin,Gilpin,jgilpin4v@virginia.edu,Female,208.127.116.8
177,Gabbi,Mardle,gmardle4w@cpanel.net,Female,172.62.19.222
178,Gardie,Crosfield,gcrosfield4x@java.com,Male,81.9.10.36
179,Padriac,Shoorbrooke,pshoorbrooke4y@soup.io,Genderfluid,23.114.190.94
180,Isacco,Dionisetto,idionisetto4z@fastcompany.com,Male,93.165.48.34
181,Caesar,Casel,ccasel50@hubpages.com,Male,103.106.47.122
182,Therese,Ounsworth,tounsworth51@craigslist.org,Female,57.0.140.21
183,Charlton,Brigman,cbrigman52@t.co,Male,15.32.108.217
184,Shurlock,Ithell,sithell53@stanford.edu,Male,76.33.165.154
185,Dame,Bissill,dbissill54@lycos.com,Male,102.185.17.95
186,Corine,Litterick,clitterick55@timesonline.co.uk,Female,203.195.186.205
187,Alix,Bearns,abearns56@addtoany.com,Male,112.202.94.195
188,Trudey,Goudge,tgoudge57@barnesandnoble.com,Female,27.222.201.69
189,Valera,Langcastle,vlangcastle58@bloglines.com,Female,107.215.253.198
190,Cob,Yoxen,cyoxen59@freewebs.com,Male,24.221.228.128
191,Illa,Bolduc,ibolduc5a@dot.gov,Female,213.161.208.73
192,Retha,Limerick,rlimerick5b@php.net,Female,235.196.114.0
193,Ewen,Marty,emarty5c@bing.com,Male,236.149.201.140
194,Ilise,Wooller,iwooller5d@narod.ru,Female,33.246.95.221
195,Ashlen,Daldan,adaldan5e@dailymail.co.uk,Female,252.251.238.179
196,Ingeborg,Cluet,icluet5f@tiny.cc,Female,242.163.55.254
197,Merwin,Rechert,mrechert5g@themeforest.net,Male,6.81.137.218
198,Horace,Hasker,hhasker5h@quantcast.com,Male,13.203.39.111
199,Shelton,Bickle,sbickle5i@columbia.edu,Male,186.139.181.168
200,Creighton,Gwioneth,cgwioneth5j@ca.gov,Male,213.103.121.111
201,Nester,Hockell,nhockell5k@google.com.br,Male,98.218.46.126
202,Melisse,Muscat,mmuscat5l@amazon.com,Female,228.30.75.143
203,Heddi,Trowbridge,htrowbridge5m@yellowbook.com,Polygender,4.235.248.197
204,Branden,Lammerding,blammerding5n@nps.gov,Bigender,197.87.131.177
205,Quinn,Hanley,qhanley5o@istockphoto.com,Male,231.121.34.131
206,Joellyn,Rippingall,jrippingall5p@lycos.com,Female,233.211.141.131
207,Alyosha,Franiak,afraniak5q@wunderground.com,Genderfluid,158.5.162.232
208,Nowell,Prendiville,nprendiville5r@free.fr,Male,145.15.254.71
209,Hart,Castelli,hcastelli5s@friendfeed.com,Male,8.110.128.174
210,Liane,Tettersell,ltettersell5t@ucoz.com,Female,76.96.78.119
211,Jere,Deacock,jdeacock5u@4shared.com,Male,255.5.51.87
212,William,Spellman,wspellman5v@sogou.com,Non-binary,108.245.142.61
213,Brnaby,Divver,bdivver5w@macromedia.com,Male,61.66.81.47
214,Gae,Ranby,granby5x@bluehost.com,Female,254.229.251.109
215,Jennie,Northley,jnorthley5y@phoca.cz,Female,13.123.4.205
216,Travus,Meneer,tmeneer5z@bluehost.com,Male,206.189.4.204
217,Karalee,Klosterman,kklosterman60@marriott.com,Female,239.240.202.17
218,Sebastiano,Sadler,ssadler61@so-net.ne.jp,Male,241.14.101.200
219,Ramsey,Formoy,rformoy62@cpanel.net,Male,118.89.15.13
220,Jacynth,Chese,jchese63@tiny.cc,Female,9.38.30.139
221,Lazarus,Boys,lboys64@symantec.com,Male,11.101.66.42
222,Thedrick,Fleis,tfleis65@hexun.com,Polygender,195.28.1.160
223,Suzie,Aslin,saslin66@live.com,Female,191.83.49.45
224,Weider,Gorst,wgorst67@w3.org,Male,197.184.222.160
225,Venus,Juorio,vjuorio68@hubpages.com,Female,75.238.104.1
226,Nealson,Judd,njudd69@spotify.com,Male,154.221.222.70
227,Arther,Darwent,adarwent6a@state.tx.us,Male,195.144.13.109
228,Thomasine,Seear,tseear6b@mac.com,Female,247.140.128.86
229,Wye,Wash,wwash6c@123-reg.co.uk,Male,130.92.75.161
230,Tiena,Jarratt,tjarratt6d@skype.com,Female,199.45.140.61
231,Alene,Hirjak,ahirjak6e@eventbrite.com,Female,81.230.115.123
232,Earle,Brind,ebrind6f@smugmug.com,Male,194.60.141.226
233,Phaedra,Gronno,pgronno6g@archive.org,Female,49.191.248.47
234,Rod,Battabee,rbattabee6h@nih.gov,Male,52.65.203.219
235,Adella,Lamy,alamy6i@shutterfly.com,Genderfluid,79.20.116.187
236,Marysa,MacParlan,mmacparlan6j@auda.org.au,Female,38.27.184.41
237,Esra,Heald,eheald6k@latimes.com,Male,183.145.233.6
238,Eadith,Shalders,eshalders6l@pagesperso-orange.fr,Agender,221.132.236.128
239,Brnaba,Ebanks,bebanks6m@soundcloud.com,Male,71.234.74.202
240,Simon,Behne,sbehne6n@pinterest.com,Male,57.105.6.180
241,Ernst,Matiasek,ematiasek6o@timesonline.co.uk,Male,67.149.164.121
242,Marsh,Bennington,mbennington6p@psu.edu,Male,246.84.203.226
243,Denyse,Alloway,dalloway6q@storify.com,Female,108.209.181.28
244,Charita,Jumont,cjumont6r@ucoz.ru,Female,93.181.168.194
245,Ludvig,Tainton,ltainton6s@webs.com,Non-binary,96.184.204.15
246,Boigie,Stanborough,bstanborough6t@princeton.edu,Male,107.189.97.118
247,Salomi,Whiteside,swhiteside6u@diigo.com,Female,27.105.93.126
248,Cate,Gillbey,cgillbey6v@forbes.com,Female,232.97.205.67
249,Franciskus,Dosdale,fdosdale6w@gizmodo.com,Male,83.193.158.212
250,Annemarie,Kimberly,akimberly6x@latimes.com,Non-binary,36.24.23.212
251,Buddy,Twiggs,btwiggs6y@dedecms.com,Male,107.96.17.203
252,Corry,Clemenceau,cclemenceau6z@com.com,Female,251.244.39.68
253,Konstantine,Llywarch,kllywarch70@dmoz.org,Male,79.93.36.235
254,Myles,Hirtz,mhirtz71@discovery.com,Male,206.228.213.131
255,Tuesday,Sendall,tsendall72@archive.org,Female,61.17.197.134
256,Elsy,Laban,elaban73@printfriendly.com,Genderfluid,232.165.129.49
257,Cathi,Wasling,cwasling74@reddit.com,Female,185.43.213.88
258,Holly-anne,Flello,hflello75@imdb.com,Female,64.118.225.101
259,Iolande,Lynagh,ilynagh76@bravesites.com,Bigender,40.159.48.98
260,Nils,Kundert,nkundert77@myspace.com,Male,23.62.170.100
261,Abby,Cambridge,acambridge78@barnesandnoble.com,Male,56.34.180.170
262,Marie-jeanne,Maypowder,mmaypowder79@github.io,Female,204.121.235.122
263,Lannie,McCready,lmccready7a@ucoz.com,Male,70.84.170.84
264,Helge,Dixcey,hdixcey7b@tripod.com,Female,187.192.127.195
265,Glennie,Janku,gjanku7c@domainmarket.com,Female,230.14.210.94
266,Chancey,Marin,cmarin7d@prweb.com,Male,169.38.15.105
267,Lula,Kibel,lkibel7e@timesonline.co.uk,Non-binary,78.62.161.83
268,Mathian,Tremethack,mtremethack7f@sina.com.cn,Male,1.164.34.88
269,Humfrid,Storre,hstorre7g@jalbum.net,Male,129.238.173.161
270,Janenna,Pimlott,jpimlott7h@ihg.com,Female,194.141.226.53
271,Liza,Vaggers,lvaggers7i@usgs.gov,Female,229.21.212.171
272,Melinde,Haker,mhaker7j@answers.com,Female,96.97.37.12
273,Ailey,Cabble,acabble7k@people.com.cn,Female,73.237.244.154
274,Amerigo,Kalinsky,akalinsky7l@livejournal.com,Male,89.38.171.141
275,Anette,Renfield,arenfield7m@bbb.org,Female,128.137.61.143
276,Maura,MacDwyer,mmacdwyer7n@marriott.com,Female,15.116.106.198
277,Bobby,Caroll,bcaroll7o@cocolog-nifty.com,Female,126.60.184.132
278,Tedmund,Lefley,tlefley7p@github.com,Non-binary,90.249.176.97
279,Valentine,Moan,vmoan7q@fc2.com,Male,14.19.118.253
280,Lindy,Baumert,lbaumert7r@topsy.com,Female,243.199.101.241
281,Nina,Chicchetto,nchicchetto7s@wikipedia.org,Female,108.232.24.120
282,Geneva,Chesterfield,gchesterfield7t@umn.edu,Female,197.231.230.231
283,Nessy,Tomala,ntomala7u@webs.com,Female,73.151.86.155
284,Normy,Cowx,ncowx7v@census.gov,Male,164.145.178.27
285,Mervin,Deshorts,mdeshorts7w@bing.com,Male,64.165.185.131
286,Hew,Sweating,hsweating7x@yahoo.com,Male,12.81.163.94
287,Aurea,Adamolli,aadamolli7y@jiathis.com,Female,240.211.203.85
288,Erik,Edson,eedson7z@goodreads.com,Male,149.96.37.138
289,Dwayne,Diss,ddiss80@tamu.edu,Male,23.110.213.254
290,Lauritz,Spurdon,lspurdon81@si.edu,Non-binary,89.46.131.103
291,Mada,Sneezem,msneezem82@forbes.com,Female,223.53.199.170
292,Locke,Gowanson,lgowanson83@mozilla.com,Male,23.12.70.251
293,Carilyn,Gorusso,cgorusso84@bigcartel.com,Female,142.46.215.156
294,Clyve,Karpe,ckarpe85@amazon.co.jp,Male,154.218.124.61
295,Ashbey,Gamet,agamet86@51.la,Male,158.172.56.126
296,Andrew,Grodden,agrodden87@tinypic.com,Male,21.190.235.68
297,Letitia,Cantrill,lcantrill88@cornell.edu,Female,166.15.135.101
298,Selle,Vakhlov,svakhlov89@slate.com,Female,36.242.248.205
299,Johnath,Symon,jsymon8a@ebay.co.uk,Non-binary,18.170.58.174
300,Davina,Ghidini,dghidini8b@blogger.com,Female,226.175.254.104
301,Phebe,Keeley,pkeeley8c@auda.org.au,Female,4.200.25.122
302,Egor,Fereday,efereday8d@cargocollective.com,Male,93.221.4.244
303,Dewie,Bottle,dbottle8e@ed.gov,Male,92.30.245.52
304,Lucais,Robbins,lrobbins8f@cdbaby.com,Male,58.211.96.10
305,Peta,Dounbare,pdounbare8g@google.com.br,Female,112.145.69.81
306,Roz,Stearndale,rstearndale8h@spiegel.de,Non-binary,120.202.81.167
307,Erick,Dawid,edawid8i@amazon.co.uk,Male,84.11.244.129
308,Wiatt,Skentelbury,wskentelbury8j@sciencedirect.com,Male,173.242.238.47
309,Engracia,Squirrell,esquirrell8k@ihg.com,Female,188.241.205.189
310,Toddy,Castletine,tcastletine8l@yolasite.com,Genderfluid,77.23.87.42
311,Tara,Lambertini,tlambertini8m@live.com,Female,212.161.3.18
312,Harmon,MacNeilly,hmacneilly8n@europa.eu,Male,247.191.122.40
313,Wesley,Martindale,wmartindale8o@nymag.com,Male,139.247.102.83
314,Chev,Brigdale,cbrigdale8p@youku.com,Male,125.113.55.177
315,Gun,Aris,garis8q@google.com.hk,Male,195.178.131.23
316,Reinaldos,Yurukhin,ryurukhin8r@parallels.com,Male,197.53.105.254
317,Lauryn,Bozier,lbozier8s@hubpages.com,Female,87.142.53.25
318,Sandro,Savins,ssavins8t@hatena.ne.jp,Male,139.195.153.29
319,Mercy,Reddoch,mreddoch8u@seesaa.net,Female,119.248.224.2
320,Briney,Walch,bwalch8v@umich.edu,Female,95.92.254.155
321,Matthaeus,Stonebridge,mstonebridge8w@cdc.gov,Male,181.229.38.72
322,Latia,Habbon,lhabbon8x@abc.net.au,Female,179.103.32.45
323,Preston,Napolitano,pnapolitano8y@amazon.com,Male,86.84.143.110
324,Darice,Caris,dcaris8z@marriott.com,Female,70.214.243.144
325,Dierdre,Iacovolo,diacovolo90@weebly.com,Female,166.154.169.37
326,Dallas,Carnew,dcarnew91@latimes.com,Male,225.184.135.70
327,Jackson,Coupar,jcoupar92@imgur.com,Male,141.230.249.10
328,Ebenezer,Chatelain,echatelain93@dedecms.com,Male,192.110.150.102
329,Nicolea,Newlyn,nnewlyn94@google.nl,Female,101.248.98.177
330,Em,Wolpert,ewolpert95@domainmarket.com,Female,234.61.129.156
331,Lucio,Layland,llayland96@ihg.com,Male,226.91.85.222
332,Myrtle,MacDonagh,mmacdonagh97@blogger.com,Female,254.222.196.90
333,Abbi,Jakubovitch,ajakubovitch98@example.com,Female,111.202.55.45
334,Rici,Ainley,rainley99@addtoany.com,Non-binary,232.85.36.168
335,Atlante,Lingley,alingley9a@bandcamp.com,Female,104.204.179.254
336,Thornie,Wiz,twiz9b@weather.com,Non-binary,220.96.151.123
337,Antoinette,Lenoir,alenoir9c@amazon.de,Female,74.49.111.57
338,Enrique,Riddick,eriddick9d@zimbio.com,Male,92.224.154.52
339,Taddeusz,MacConnel,tmacconnel9e@instagram.com,Genderqueer,241.31.192.210
340,Patrick,Berthe,pberthe9f@weebly.com,Male,74.62.96.89
341,Alec,Nyland,anyland9g@pen.io,Male,200.248.226.249
342,Jamesy,Dreigher,jdreigher9h@qq.com,Genderqueer,235.219.10.12
343,Myrna,Espinal,mespinal9i@slideshare.net,Female,181.156.197.5
344,Deedee,Gerssam,dgerssam9j@photobucket.com,Female,163.53.81.153
345,Rube,Daftor,rdaftor9k@springer.com,Male,89.11.130.66
346,Carol,Stobie,cstobie9l@nytimes.com,Female,204.167.65.225
347,Della,Gurnee,dgurnee9m@live.com,Female,239.76.30.110
348,Arne,Dominico,adominico9n@issuu.com,Male,148.134.147.16
349,Ashely,Freer,afreer9o@4shared.com,Female,103.18.83.192
350,Freda,Windows,fwindows9p@youku.com,Female,242.17.58.44
351,Margit,Rounsivall,mrounsivall9q@sciencedirect.com,Female,210.54.113.212
352,Dud,Goodfellowe,dgoodfellowe9r@360.cn,Male,92.194.132.171
353,Constancia,Riddock,criddock9s@yellowpages.com,Female,7.195.175.183
354,Crissy,Schrieves,cschrieves9t@soundcloud.com,Female,197.212.91.57
355,Randie,Pietruschka,rpietruschka9u@tinypic.com,Male,204.156.142.140
356,Elora,Castanie,ecastanie9v@acquirethisname.com,Female,235.224.150.98
357,Valerye,Brunroth,vbrunroth9w@flavors.me,Genderqueer,31.255.182.15
358,Lauritz,Joska,ljoska9x@shop-pro.jp,Male,43.27.5.172
359,Brittany,Carlon,bcarlon9y@salon.com,Female,254.88.36.76
360,Berty,Bemment,bbemment9z@princeton.edu,Male,247.116.32.132
361,Gladi,Branscomb,gbranscomba0@yahoo.com,Female,172.170.137.241
362,Bertie,Haspineall,bhaspinealla1@reverbnation.com,Female,177.48.133.5
363,Euell,Peedell,epeedella2@google.com.hk,Male,114.102.11.90
364,Merry,Wehner,mwehnera3@netscape.com,Female,138.238.21.51
365,Ancell,Raithby,araithbya4@instagram.com,Male,73.194.123.70
366,Marena,Cramond,mcramonda5@abc.net.au,Female,248.163.148.32
367,Johnnie,Karpov,jkarpova6@si.edu,Male,20.100.52.120
368,Andras,Abella,aabellaa7@forbes.com,Male,41.232.68.95
369,Nil,Scorah,nscoraha8@qq.com,Male,48.125.194.42
370,Jandy,Sellack,jsellacka9@csmonitor.com,Female,200.95.19.33
371,Chaddie,Wisedale,cwisedaleaa@xing.com,Male,73.103.250.182
372,Lidia,Oller,lollerab@pcworld.com,Female,143.24.77.10
373,Kermy,Haly,khalyac@freewebs.com,Male,231.230.246.180
374,Hermia,D'orsay,hdorsayad@biglobe.ne.jp,Female,44.211.26.111
375,Tilly,Klees,tkleesae@nih.gov,Female,253.162.175.119
376,Gibbie,Bourbon,gbourbonaf@dagondesign.com,Male,76.135.163.127
377,Thornton,Finlayson,tfinlaysonag@jimdo.com,Male,168.51.201.89
378,Colman,Lamanby,clamanbyah@edublogs.org,Male,232.152.176.46
379,Jany,Priscott,jpriscottai@mlb.com,Female,56.212.173.44
380,Hinze,Baker,hbakeraj@jiathis.com,Male,161.231.184.149
381,Hershel,Chinnick,hchinnickak@symantec.com,Male,11.103.144.53
382,Glen,Galea,ggaleaal@cafepress.com,Male,151.36.10.152
383,Constancy,Kopje,ckopjeam@businesswire.com,Female,38.37.243.64
384,Netty,Cassley,ncassleyan@amazon.com,Female,137.236.144.101
385,Sawyer,Severy,sseveryao@elpais.com,Male,24.64.141.158
386,Prinz,Gooms,pgoomsap@joomla.org,Male,156.189.55.199
387,Karel,Amies,kamiesaq@japanpost.jp,Female,36.30.237.236
388,Rubi,Belz,rbelzar@sitemeter.com,Female,82.200.254.69
389,Hana,Stobie,hstobieas@skype.com,Female,140.82.73.162
390,Gibby,Jirka,gjirkaat@sourceforge.net,Male,199.246.17.10
391,Linnie,Caulier,lcaulierau@cisco.com,Female,60.14.42.60
392,Tracey,Alkins,talkinsav@msu.edu,Female,66.162.167.64
393,Aloin,Somerlie,asomerlieaw@linkedin.com,Male,95.195.13.214
394,Arnuad,Wink,awinkax@google.it,Male,189.88.35.218
395,Bibby,Barraclough,bbarracloughay@hc360.com,Female,64.159.162.14
396,Rice,Steeples,rsteeplesaz@dagondesign.com,Male,10.124.254.114
397,Woody,Dix,wdixb0@wisc.edu,Male,94.211.118.229
398,Alfie,Ochiltree,aochiltreeb1@eepurl.com,Male,190.83.246.191
399,Bartolomeo,Burchill,bburchillb2@nbcnews.com,Male,129.196.197.166
400,Andria,Waltho,awalthob3@go.com,Female,164.180.13.90
401,Phyllys,Sankey,psankeyb4@newyorker.com,Female,42.216.32.183
402,Jody,Gunbie,jgunbieb5@e-recht24.de,Bigender,168.79.111.145
403,Huntley,Kibel,hkibelb6@patch.com,Male,126.39.245.64
404,Adriana,Woller,awollerb7@unc.edu,Non-binary,30.170.10.132
405,Audrie,Rosoni,arosonib8@wikispaces.com,Female,15.24.254.204
406,Ira,Grundey,igrundeyb9@nationalgeographic.com,Female,71.177.17.118
407,Marmaduke,McGloin,mmcgloinba@quantcast.com,Male,255.83.141.225
408,Rodger,Crunkhorn,rcrunkhornbb@dyndns.org,Male,182.65.186.12
409,Chandra,Sivorn,csivornbc@forbes.com,Female,250.150.190.117
410,Tanhya,Eathorne,teathornebd@ovh.net,Agender,47.94.9.181
411,Fitz,Mecco,fmeccobe@ning.com,Male,171.206.117.76
412,Moishe,Ivasechko,mivasechkobf@theglobeandmail.com,Male,183.29.124.13
413,Oralle,Wabersich,owabersichbg@cocolog-nifty.com,Genderfluid,68.122.48.114
414,Brittney,Burdekin,bburdekinbh@diigo.com,Female,169.201.110.165
415,Karen,Kelby,kkelbybi@telegraph.co.uk,Female,123.28.227.108
416,Gus,Froschauer,gfroschauerbj@state.gov,Female,252.29.71.161
417,Elisa,Pirelli,epirellibk@cbslocal.com,Female,82.16.143.144
418,Ugo,Manvelle,umanvellebl@diigo.com,Male,87.49.27.122
419,Winnie,McMillan,wmcmillanbm@themeforest.net,Female,149.132.243.50
420,Arleyne,Tosh,atoshbn@usatoday.com,Polygender,123.71.11.63
421,Chery,Le feaver,clefeaverbo@java.com,Female,38.63.150.153
422,Luca,Ellice,lellicebp@wikimedia.org,Male,6.164.167.173
423,Ingram,Heild,iheildbq@huffingtonpost.com,Polygender,0.124.220.144
424,Rosabelle,Sketchley,rsketchleybr@hibu.com,Non-binary,156.225.216.203
425,Car,O'Gleasane,cogleasanebs@etsy.com,Male,117.248.37.135
426,Verla,Jest,vjestbt@ebay.com,Bigender,70.45.15.72
427,Alicia,Verecker,avereckerbu@illinois.edu,Female,22.221.103.120
428,Kenton,Bartelet,kbarteletbv@tmall.com,Male,15.48.217.92
429,Blake,Ellacott,bellacottbw@vkontakte.ru,Male,39.2.227.79
430,Ewell,Baldini,ebaldinibx@hud.gov,Male,57.189.66.113
431,Grady,Friar,gfriarby@scientificamerican.com,Male,141.224.145.21
432,Rutger,Pulford,rpulfordbz@mysql.com,Male,14.203.127.10
433,Catherina,Yallowley,cyallowleyc0@g.co,Female,90.239.218.171
434,Marshal,Scurrell,mscurrellc1@salon.com,Male,155.221.45.52
435,Andi,Iacobini,aiacobinic2@bloglovin.com,Female,83.46.9.177
436,Siana,Luety,sluetyc3@histats.com,Female,76.132.112.72
437,Kit,O'Corhane,kocorhanec4@uol.com.br,Male,63.160.103.22
438,Mylo,Blasgen,mblasgenc5@mac.com,Male,85.215.96.110
439,Trey,Hebblewaite,thebblewaitec6@npr.org,Male,231.229.155.157
440,Morissa,Taphouse,mtaphousec7@imdb.com,Female,37.165.180.18
441,Horatia,Seeger,hseegerc8@ft.com,Female,133.113.237.246
442,Ardenia,Corrao,acorraoc9@icio.us,Female,13.254.194.68
443,Wilfred,Shallcroff,wshallcroffca@zimbio.com,Male,93.86.4.136
444,Hymie,Poetz,hpoetzcb@adobe.com,Male,97.90.193.141
445,Arleen,Andresser,aandressercc@csmonitor.com,Female,136.4.125.61
446,Angeli,Pogg,apoggcd@github.io,Male,83.245.233.200
447,Krishnah,Woodrow,kwoodrowce@guardian.co.uk,Male,87.84.197.192
448,Meyer,Scheffel,mscheffelcf@businesswire.com,Male,179.218.57.48
449,Shayne,Vedmore,svedmorecg@taobao.com,Male,23.52.14.36
450,Camilla,Blanc,cblancch@dropbox.com,Female,127.125.159.1
451,Tibold,Sked,tskedci@icq.com,Male,102.90.159.92
452,Blancha,Sandeman,bsandemancj@jimdo.com,Female,4.84.40.118
453,Halsy,Lenox,hlenoxck@bbb.org,Male,216.72.4.17
454,Randy,Palfreeman,rpalfreemancl@google.com.hk,Female,202.126.4.249
455,Cahra,Childes,cchildescm@archive.org,Female,74.17.65.133
456,Giselle,McIlvaney,gmcilvaneycn@wikia.com,Female,76.197.83.146
457,Ruddie,Peert,rpeertco@livejournal.com,Male,99.151.202.112
458,Franciskus,Worley,fworleycp@princeton.edu,Male,30.9.45.179
459,Allsun,Burder,aburdercq@youtube.com,Female,117.76.187.202
460,Derek,Crevagh,dcrevaghcr@netvibes.com,Male,25.24.18.224
461,Lyell,Sheere,lsheerecs@microsoft.com,Male,19.201.78.245
462,Murdoch,Folomkin,mfolomkinct@amazonaws.com,Male,4.178.253.107
463,Rodger,Pherps,rpherpscu@elegantthemes.com,Male,17.203.231.188
464,Peggi,Keller,pkellercv@goo.ne.jp,Female,57.143.118.123
465,Ahmad,Bool,aboolcw@deliciousdays.com,Male,152.254.3.245
466,Sharia,Horche,shorchecx@twitter.com,Genderfluid,146.54.195.67
467,Roxanne,Speight,rspeightcy@ameblo.jp,Female,77.195.184.156
468,Berty,Arnopp,barnoppcz@foxnews.com,Male,112.108.239.184
469,Reynold,Shirtliff,rshirtliffd0@alexa.com,Male,100.187.77.215
470,Justen,Strudwick,jstrudwickd1@china.com.cn,Male,53.193.104.12
471,Wendeline,Morrid,wmorridd2@chicagotribune.com,Female,123.24.94.43
472,Angelico,Cawthera,acawtherad3@bloglovin.com,Male,230.23.6.152
473,Wallache,Gaine of England,wgaineofenglandd4@about.me,Male,64.109.203.150
474,Tyrus,De la Perrelle,tdelaperrelled5@craigslist.org,Male,73.66.197.21
475,Cilka,Meneer,cmeneerd6@t-online.de,Female,33.157.103.73
476,Mae,Hamper,mhamperd7@pcworld.com,Female,146.35.93.213
477,Violette,Belfit,vbelfitd8@vinaora.com,Female,126.103.182.170
478,Lissie,Kastel,lkasteld9@cafepress.com,Female,20.50.218.139
479,Amy,Lacasa,alacasada@wordpress.org,Female,77.207.75.212
480,Giselbert,Woollard,gwoollarddb@barnesandnoble.com,Male,58.11.171.6
481,Brigham,Roskruge,broskrugedc@businesswire.com,Polygender,82.63.29.135
482,Felizio,McQuillan,fmcquillandd@is.gd,Male,120.188.65.160
483,Sissy,Nolton,snoltonde@go.com,Bigender,165.185.240.174
484,Herold,Jacobs,hjacobsdf@cnbc.com,Male,18.83.15.127
485,Arlan,Mudle,amudledg@wordpress.org,Male,229.151.24.115
486,Seumas,Mathet,smathetdh@ebay.com,Male,185.228.234.2
487,Bertrando,Jager,bjagerdi@wiley.com,Genderqueer,79.230.167.203
488,Ashton,Silman,asilmandj@aol.com,Bigender,205.66.163.71
489,Riannon,Reisk,rreiskdk@symantec.com,Female,130.22.186.123
490,Jozef,Stanbridge,jstanbridgedl@java.com,Male,18.103.103.41
491,Ibrahim,Collinson,icollinsondm@usda.gov,Male,235.114.136.224
492,Myrvyn,Rulf,mrulfdn@google.com.au,Male,249.101.233.22
493,Jere,Swayland,jswaylanddo@imageshack.us,Female,247.199.73.15
494,Jeanie,Jeakins,jjeakinsdp@blogger.com,Female,132.137.60.124
495,Milzie,Drains,mdrainsdq@virginia.edu,Female,31.76.60.23
496,Kin,Claire,kclairedr@gmpg.org,Male,203.180.221.92
497,Sharlene,Wheelhouse,swheelhouseds@phpbb.com,Female,238.72.238.83
498,Hernando,Mulqueeny,hmulqueenydt@businessinsider.com,Male,153.79.73.15
499,Debora,Rozalski,drozalskidu@constantcontact.com,Female,99.215.62.202
500,Sara,Boate,sboatedv@about.com,Female,75.120.123.246
501,Felike,Meaden,fmeadendw@tinypic.com,Genderfluid,193.131.1.184
502,Emile,McCome,emccomedx@symantec.com,Male,53.88.212.125
503,Gratiana,Jennison,gjennisondy@taobao.com,Female,152.156.228.101
504,Adeline,Astell,aastelldz@telegraph.co.uk,Polygender,1.254.219.48
505,Guntar,Pickrell,gpickrelle0@unesco.org,Male,32.148.148.74
506,Nanci,Tummond,ntummonde1@bing.com,Female,187.5.125.236
507,Marcelle,Chantree,mchantreee2@soup.io,Female,161.73.12.103
508,Linn,Cornil,lcornile3@t.co,Male,158.11.136.85
509,Jane,Brane,jbranee4@1und1.de,Female,53.211.65.127
510,Brockie,Naismith,bnaismithe5@newyorker.com,Male,102.166.96.26
511,Johnnie,Ellis,jellise6@reference.com,Male,101.38.104.108
512,Jonell,Renwick,jrenwicke7@smugmug.com,Polygender,188.27.129.174
513,Ara,Rein,areine8@rambler.ru,Female,14.11.115.164
514,Elisa,Diloway,edilowaye9@infoseek.co.jp,Female,145.105.80.227
515,Rurik,MacLice,rmacliceea@reverbnation.com,Male,214.202.163.222
516,Isador,Marchent,imarchenteb@goodreads.com,Male,8.62.55.97
517,Berny,Antuk,bantukec@histats.com,Female,57.189.89.150
518,Kellen,Maccrae,kmaccraeed@bloglines.com,Female,168.150.104.169
519,Ignazio,Gallifont,igallifontee@webs.com,Male,254.176.72.177
520,Lenci,Tohill,ltohillef@aboutads.info,Male,237.161.44.107
521,Blinni,Micheau,bmicheaueg@surveymonkey.com,Female,210.79.1.212
522,Glenn,O'Loughane,goloughaneeh@indiegogo.com,Male,73.86.143.187
523,Lamond,Suggate,lsuggateei@bravesites.com,Male,140.64.149.171
524,Franky,Stenton,fstentonej@w3.org,Male,255.150.157.78
525,Nilson,Bartunek,nbartunekek@github.io,Male,236.181.88.105
526,Deva,Konertz,dkonertzel@networkadvertising.org,Female,175.40.37.177
527,Bart,Mangenot,bmangenotem@naver.com,Male,175.122.137.20
528,Jermayne,MacAnellye,jmacanellyeen@google.de,Male,249.30.1.200
529,Katharyn,Bracher,kbrachereo@yelp.com,Agender,219.224.126.191
530,Dieter,Pamphilon,dpamphilonep@eepurl.com,Male,89.189.183.153
531,Sheeree,Giraudeau,sgiraudeaueq@clickbank.net,Female,254.152.68.33
532,Fernandina,Nowland,fnowlander@wikia.com,Female,152.85.253.50
533,Dorelia,Hussell,dhusselles@bluehost.com,Female,211.63.174.172
534,Bobine,Smout,bsmoutet@mlb.com,Female,151.116.89.227
535,Aurelea,Laming,alamingeu@nyu.edu,Female,239.161.46.243
536,Ryley,Chesterton,rchestertonev@tuttocitta.it,Male,0.145.0.63
537,Angelita,Ruffey,aruffeyew@businesswire.com,Female,109.56.4.144
538,Dody,Kenelin,dkenelinex@mapquest.com,Female,148.26.72.122
539,Theodor,Alwin,talwiney@hibu.com,Male,56.101.54.255
540,Reinhold,Liddington,rliddingtonez@xrea.com,Male,225.75.96.0
541,Ricky,Grinsdale,rgrinsdalef0@simplemachines.org,Genderfluid,241.25.140.17
542,Keir,Tumasian,ktumasianf1@slashdot.org,Male,196.155.233.92
543,Sherlocke,Pittendreigh,spittendreighf2@istockphoto.com,Non-binary,87.125.42.53
544,Shandra,McCutcheon,smccutcheonf3@blogger.com,Female,20.32.1.0
545,Chaunce,Kerby,ckerbyf4@tinypic.com,Agender,132.126.65.187
546,Lauraine,Widdowes,lwiddowesf5@census.gov,Female,245.0.119.182
547,Matty,MacGinlay,mmacginlayf6@imgur.com,Male,26.241.46.102
548,Maxy,Lindback,mlindbackf7@globo.com,Male,109.92.239.60
549,Kennedy,Coomes,kcoomesf8@blogspot.com,Male,41.245.170.78
550,Edward,Kerswill,ekerswillf9@bandcamp.com,Male,175.126.227.207
551,Keary,Yeoman,kyeomanfa@xing.com,Male,141.146.81.134
552,Matias,Swyre,mswyrefb@bizjournals.com,Male,228.253.195.170
553,Celestina,Edison,cedisonfc@i2i.jp,Female,29.158.160.25
554,Thaxter,Furman,tfurmanfd@businessweek.com,Male,91.178.237.203
555,Willow,Element,welementfe@sbwire.com,Genderqueer,127.155.56.114
556,Brianne,Deeney,bdeeneyff@ask.com,Female,234.104.122.206
557,Weston,Beumant,wbeumantfg@webeden.co.uk,Male,4.195.62.157
558,Janot,Prosser,jprosserfh@hatena.ne.jp,Female,242.67.175.233
559,Clay,Gerckens,cgerckensfi@dailymail.co.uk,Male,169.92.227.147
560,Tobey,Tomkins,ttomkinsfj@theatlantic.com,Bigender,230.94.53.1
561,Marcellus,Coppins,mcoppinsfk@moonfruit.com,Male,107.41.134.158
562,Hobey,Rogge,hroggefl@narod.ru,Male,18.229.216.197
563,Piggy,Bilbie,pbilbiefm@symantec.com,Male,161.187.214.36
564,Jocelyne,Everard,jeverardfn@sphinn.com,Female,187.103.30.86
565,Jan,Bottelstone,jbottelstonefo@wix.com,Male,165.8.114.33
566,Roderigo,Thaller,rthallerfp@globo.com,Male,141.77.0.30
567,Bennie,Klaussen,bklaussenfq@cornell.edu,Male,99.33.58.184
568,Ricard,Spenton,rspentonfr@diigo.com,Male,74.143.54.32
569,Owen,Jopson,ojopsonfs@nps.gov,Male,153.65.221.4
570,Winthrop,Korb,wkorbft@sfgate.com,Male,207.152.184.119
571,Ozzy,Langford,olangfordfu@sohu.com,Male,4.140.23.245
572,Chloris,Turville,cturvillefv@omniture.com,Female,242.67.167.198
573,Cosetta,Loidl,cloidlfw@mapquest.com,Female,164.228.18.87
574,Nessi,Townson,ntownsonfx@newsvine.com,Genderfluid,83.89.163.58
575,Karlotte,Van Hesteren,kvanhesterenfy@answers.com,Polygender,203.229.84.215
576,Lebbie,Bloomer,lbloomerfz@blogspot.com,Female,30.28.53.113
577,Georgine,Longthorne,glongthorneg0@nydailynews.com,Female,116.148.190.94
578,Luce,Unwin,lunwing1@uiuc.edu,Female,149.204.47.231
579,Willa,Blayney,wblayneyg2@nature.com,Genderqueer,189.182.14.70
580,Scotty,Blackall,sblackallg3@facebook.com,Male,121.64.71.158
581,Courtnay,McTague,cmctagueg4@examiner.com,Male,145.192.99.99
582,Bondy,Devonald,bdevonaldg5@simplemachines.org,Genderfluid,48.168.21.139
583,Yorgos,Chifney,ychifneyg6@sciencedirect.com,Male,72.172.134.225
584,Car,Meeking,cmeekingg7@yellowpages.com,Male,59.132.229.97
585,Martie,Philippon,mphilippong8@cbc.ca,Female,93.211.1.0
586,Neddie,Seary,nsearyg9@nsw.gov.au,Bigender,208.253.200.96
587,Nessi,Desquesnes,ndesquesnesga@netlog.com,Female,255.160.49.95
588,Sheilah,Bridgstock,sbridgstockgb@wp.com,Female,154.65.154.231
589,Gerda,Kippie,gkippiegc@huffingtonpost.com,Female,178.239.153.157
590,Eirena,Shorto,eshortogd@disqus.com,Female,140.44.199.241
591,Reggi,McKinlay,rmckinlayge@simplemachines.org,Female,114.232.83.200
592,Trescha,D'Adda,tdaddagf@4shared.com,Female,148.123.130.97
593,Sarge,Adamolli,sadamolligg@blog.com,Male,238.95.75.189
594,Joyann,Will,jwillgh@about.com,Female,155.188.86.58
595,Giustina,Hince,ghincegi@1und1.de,Female,132.27.14.247
596,Zsazsa,Pachta,zpachtagj@cafepress.com,Female,251.22.202.122
597,Mabel,Valdes,mvaldesgk@vimeo.com,Female,185.205.56.75
598,Arther,Watting,awattinggl@usnews.com,Male,251.38.194.39
599,Raeann,Phinnessy,rphinnessygm@desdev.cn,Female,187.6.149.98
600,Aylmar,Helwig,ahelwiggn@hostgator.com,Male,173.76.115.225
601,Justino,Dummett,jdummettgo@shareasale.com,Male,106.247.138.194
602,Rurik,Fitter,rfittergp@e-recht24.de,Agender,146.38.227.117
603,Donna,Cardwell,dcardwellgq@princeton.edu,Female,195.64.111.209
604,Sallie,Robberts,srobbertsgr@auda.org.au,Female,199.46.93.192
605,Gabbey,Ilbert,gilbertgs@arizona.edu,Female,15.171.170.23
606,Bethena,Menaul,bmenaulgt@scribd.com,Female,220.115.182.252
607,Yvor,Scholefield,yscholefieldgu@stumbleupon.com,Male,56.45.255.238
608,Carlina,Hince,chincegv@purevolume.com,Female,109.97.208.6
609,Oby,Howroyd,ohowroydgw@bravesites.com,Male,77.225.82.115
610,Gracie,Farquarson,gfarquarsongx@google.co.uk,Female,33.22.78.63
611,Lelah,Ungerer,lungerergy@dailymail.co.uk,Female,213.28.7.73
612,Lexy,Gantz,lgantzgz@marriott.com,Agender,205.54.234.129
613,Freddy,Swigger,fswiggerh0@cisco.com,Female,9.173.110.181
614,Caralie,Neath,cneathh1@themeforest.net,Female,54.20.39.138
615,Georgette,Clemenceau,gclemenceauh2@sitemeter.com,Female,148.248.52.133
616,Elisabetta,Knightsbridge,eknightsbridgeh3@infoseek.co.jp,Female,55.210.240.114
617,Eudora,Tompion,etompionh4@gmpg.org,Female,94.36.208.5
618,Justin,Caudrey,jcaudreyh5@usgs.gov,Male,151.155.222.94
619,Phebe,Gullyes,pgullyesh6@thetimes.co.uk,Female,64.221.253.1
620,Harlene,Churchyard,hchurchyardh7@reference.com,Female,231.151.155.88
621,Laverne,Tomblings,ltomblingsh8@apple.com,Female,249.240.171.47
622,Lacy,Cosyns,lcosynsh9@businessinsider.com,Genderqueer,7.218.222.170
623,Ginevra,Bow,gbowha@buzzfeed.com,Female,29.135.45.153
624,Janeva,Cathro,jcathrohb@quantcast.com,Female,168.225.231.36
625,Ruggiero,Brakewell,rbrakewellhc@dot.gov,Male,240.84.64.46
626,Taryn,Pullin,tpullinhd@apple.com,Female,237.104.137.100
627,Tedra,McComiskey,tmccomiskeyhe@zdnet.com,Female,166.211.63.95
628,Jarid,Jedrzaszkiewicz,jjedrzaszkiewiczhf@mozilla.com,Male,171.240.254.82
629,Kinsley,Pharoah,kpharoahhg@weather.com,Male,31.195.186.55
630,Georgetta,Leamon,gleamonhh@tripod.com,Female,166.87.198.206
631,Clayborn,Scotchmor,cscotchmorhi@princeton.edu,Male,90.195.230.180
632,Aldin,Spatoni,aspatonihj@cbslocal.com,Male,0.239.210.42
633,Felicio,Gagin,fgaginhk@acquirethisname.com,Male,83.133.135.174
634,Edan,Routham,erouthamhl@issuu.com,Male,104.15.222.145
635,Dasi,Cocke,dcockehm@amazon.de,Female,69.16.222.73
636,Orlan,Perris,operrishn@dyndns.org,Male,188.151.206.37
637,Aliza,Mowett,amowettho@wunderground.com,Female,223.213.172.159
638,Kaycee,Daldry,kdaldryhp@usnews.com,Female,234.180.91.179
639,Sarene,Rau,srauhq@bbb.org,Female,119.9.84.191
640,Lorri,Roslen,lroslenhr@yahoo.com,Female,166.36.120.210
641,Fionnula,Hammett,fhammetths@lycos.com,Female,62.146.16.240
642,Suellen,Roylance,sroylanceht@sina.com.cn,Female,216.92.66.27
643,Damaris,Albasiny,dalbasinyhu@nps.gov,Genderfluid,228.153.33.236
644,Eddi,De Courtney,edecourtneyhv@tinypic.com,Female,30.193.1.177
645,Travis,Bousler,tbouslerhw@ibm.com,Male,252.202.194.187
646,Bondie,Dupoy,bdupoyhx@themeforest.net,Male,181.96.213.97
647,Vyky,O'Corhane,vocorhanehy@deliciousdays.com,Non-binary,103.81.215.13
648,Kass,Halshaw,khalshawhz@noaa.gov,Female,218.228.153.109
649,Glynn,McVaugh,gmcvaughi0@hp.com,Male,225.251.8.217
650,Giovanna,Emmanuele,gemmanuelei1@nbcnews.com,Female,140.73.128.191
651,Rhetta,Borghese,rborghesei2@smh.com.au,Female,49.110.230.156
652,Ker,Godfree,kgodfreei3@ocn.ne.jp,Polygender,161.116.224.5
653,Rolland,Dowdney,rdowdneyi4@microsoft.com,Male,179.141.238.182
654,Gavra,Cohani,gcohanii5@mashable.com,Female,149.39.218.123
655,Bonnee,Winsbury,bwinsburyi6@liveinternet.ru,Female,147.215.212.226
656,Jens,Stoffer,jstofferi7@twitter.com,Male,217.154.34.176
657,Callean,Boyett,cboyetti8@livejournal.com,Male,96.36.74.192
658,Dani,Millwall,dmillwalli9@rambler.ru,Female,56.225.26.38
659,Dirk,Mathou,dmathouia@noaa.gov,Male,192.24.184.43
660,Lorne,Heersema,lheersemaib@wp.com,Male,129.177.153.42
661,Abbot,Vuitte,avuitteic@bloglines.com,Agender,105.192.126.92
662,Luca,Yo,lyoid@1688.com,Male,168.252.68.164
663,Donia,Melross,dmelrossie@slashdot.org,Female,24.136.91.152
664,Melanie,Taylerson,mtaylersonif@php.net,Female,228.17.243.217
665,Starlin,Ashman,sashmanig@com.com,Female,90.220.128.52
666,Angelica,Onians,aoniansih@cam.ac.uk,Female,208.221.201.185
667,Joye,Morena,jmorenaii@rambler.ru,Female,118.198.47.126
668,Alberto,Colliver,acolliverij@cornell.edu,Male,90.27.83.47
669,Valene,Craigg,vcraiggik@woothemes.com,Female,217.252.178.130
670,Hercules,Fullard,hfullardil@newsvine.com,Male,209.58.218.127
671,Rand,Whiffin,rwhiffinim@plala.or.jp,Agender,240.240.220.71
672,Fernando,Tighe,ftighein@hud.gov,Male,87.99.205.187
673,Luigi,Lergan,llerganio@biblegateway.com,Male,62.167.91.43
674,Felike,Cornejo,fcornejoip@arstechnica.com,Male,120.139.125.183
675,Cris,Chamberlin,cchamberliniq@cnbc.com,Female,229.30.14.195
676,Lise,Roycroft,lroycroftir@cloudflare.com,Bigender,28.254.51.209
677,Hertha,Jauncey,hjaunceyis@sohu.com,Female,33.193.31.99
678,Alix,Ponder,aponderit@irs.gov,Male,219.87.25.194
679,Garey,Charke,gcharkeiu@opensource.org,Male,4.237.226.109
680,Hanson,Martugin,hmartuginiv@goodreads.com,Male,18.181.124.76
681,Giorgia,Mates,gmatesiw@examiner.com,Female,156.152.158.69
682,Pietra,Biasini,pbiasiniix@hexun.com,Female,224.229.247.112
683,Clemente,Lunnon,clunnoniy@tuttocitta.it,Male,210.2.156.160
684,Florenza,Bettlestone,fbettlestoneiz@merriam-webster.com,Polygender,58.123.141.74
685,Alis,Brothwell,abrothwellj0@china.com.cn,Female,177.1.68.216
686,Jon,Sheaf,jsheafj1@myspace.com,Male,23.184.156.151
687,Nisse,Courteney,ncourteneyj2@xing.com,Agender,124.96.152.129
688,Deva,Feore,dfeorej3@diigo.com,Female,83.207.69.82
689,Granger,Cushion,gcushionj4@auda.org.au,Male,45.37.51.125
690,Devy,China,dchinaj5@tmall.com,Male,218.30.33.176
691,Brian,Seldner,bseldnerj6@cbsnews.com,Male,198.35.159.10
692,Trumaine,Bramelt,tbrameltj7@msu.edu,Male,5.96.135.136
693,Khalil,Pascoe,kpascoej8@lycos.com,Male,11.139.27.11
694,Tyrone,Greathead,tgreatheadj9@sphinn.com,Male,172.194.149.161
695,Brian,Hartland,bhartlandja@arstechnica.com,Male,61.196.233.169
696,Tiffi,Derye-Barrett,tderyebarrettjb@exblog.jp,Female,138.191.171.140
697,Edan,Pagnin,epagninjc@hp.com,Male,206.202.51.95
698,Stanly,Selvester,sselvesterjd@imgur.com,Male,243.178.155.173
699,Raimund,Larrad,rlarradje@earthlink.net,Male,211.13.159.47
700,Bendix,Dunk,bdunkjf@wikispaces.com,Male,71.234.154.214
701,Charmian,Boribal,cboribaljg@microsoft.com,Female,128.137.122.81
702,Ilise,Dickin,idickinjh@imgur.com,Female,248.6.34.178
703,Drusy,Berrisford,dberrisfordji@live.com,Female,253.77.14.251
704,Tucker,Sancraft,tsancraftjj@soup.io,Male,153.2.116.175
705,Marjory,Kimbling,mkimblingjk@mail.ru,Female,237.201.174.184
706,Tibold,Whitehurst,twhitehurstjl@51.la,Male,244.231.11.17
707,Courtney,Livett,clivettjm@yolasite.com,Male,110.231.1.91
708,Marlow,Plastow,mplastowjn@gmpg.org,Male,79.123.111.231
709,Warner,Scougall,wscougalljo@craigslist.org,Male,172.255.23.132
710,Hallie,Sanderson,hsandersonjp@kickstarter.com,Female,172.198.27.150
711,Silvan,Bodechon,sbodechonjq@paginegialle.it,Male,222.91.249.182
712,Marlee,Baumaier,mbaumaierjr@gnu.org,Female,54.136.192.115
713,Hilde,Borlease,hborleasejs@harvard.edu,Female,173.144.70.138
714,Lorena,Trighton,ltrightonjt@accuweather.com,Female,52.41.216.250
715,Kennett,MacCague,kmaccagueju@alexa.com,Non-binary,45.31.218.137
716,Ronica,Kalisch,rkalischjv@mlb.com,Female,96.227.159.187
717,Codee,Chason,cchasonjw@dagondesign.com,Female,80.177.9.244
718,Hewie,Raggatt,hraggattjx@phpbb.com,Male,220.113.104.255
719,Mala,Bromhead,mbromheadjy@godaddy.com,Female,167.5.194.18
720,Beulah,Alvis,balvisjz@google.de,Bigender,56.79.39.210
721,Sydney,Sonnenschein,ssonnenscheink0@salon.com,Female,96.171.236.192
722,Micah,Powers,mpowersk1@flickr.com,Male,213.118.232.127
723,Lulita,Pittham,lpitthamk2@alexa.com,Female,136.48.36.191
724,Ty,Titterrell,ttitterrellk3@istockphoto.com,Male,32.62.245.197
725,Garold,Kiffe,gkiffek4@dmoz.org,Male,71.67.49.3
726,Kalil,Forsey,kforseyk5@gov.uk,Male,192.47.184.30
727,Eduard,Arni,earnik6@loc.gov,Male,25.194.165.138
728,Harri,Carberry,hcarberryk7@printfriendly.com,Female,157.153.73.149
729,Mindy,Eyes,meyesk8@huffingtonpost.com,Female,117.81.92.129
730,Colas,Craigmyle,ccraigmylek9@wikipedia.org,Male,118.53.129.156
731,Herta,Scholar,hscholarka@wordpress.org,Female,37.254.93.147
732,Dorris,Liggins,dligginskb@cbslocal.com,Female,119.48.36.183
733,Barde,Pink,bpinkkc@state.tx.us,Male,213.198.151.93
734,Shani,Dunbavin,sdunbavinkd@geocities.jp,Female,21.149.54.176
735,Astrid,Gurner,agurnerke@patch.com,Female,127.204.70.102
736,Jaymie,Whitsey,jwhitseykf@java.com,Male,142.187.226.75
737,Pat,Kew,pkewkg@blogspot.com,Male,67.214.33.138
738,Morissa,Alldis,malldiskh@w3.org,Female,7.224.98.248
739,Launce,Winsbury,lwinsburyki@wired.com,Male,164.125.180.7
740,Andie,Lyfe,alyfekj@fastcompany.com,Male,239.219.45.56
741,Travis,Johnikin,tjohnikinkk@github.io,Male,215.32.212.102
742,Junette,Keijser,jkeijserkl@macromedia.com,Female,142.105.4.16
743,Kania,Villa,kvillakm@tiny.cc,Polygender,232.70.111.99
744,Franciskus,Cregeen,fcregeenkn@is.gd,Male,184.161.153.108
745,Catrina,Millberg,cmillbergko@berkeley.edu,Female,251.190.73.93
746,Christine,Easlea,ceasleakp@comcast.net,Female,208.202.62.79
747,Everett,Sheer,esheerkq@loc.gov,Male,35.33.69.195
748,Morton,Deppe,mdeppekr@time.com,Male,255.226.218.182
749,Stanton,Provost,sprovostks@ocn.ne.jp,Male,49.127.212.200
750,Kissiah,Jerdan,kjerdankt@time.com,Female,87.10.219.17
751,Emmott,McKeady,emckeadyku@cnn.com,Male,79.37.140.123
752,Shandie,Summersby,ssummersbykv@dropbox.com,Female,183.38.184.13
753,Nikolaos,Kulver,nkulverkw@typepad.com,Male,231.221.73.149
754,Yehudit,Hindrich,yhindrichkx@reverbnation.com,Male,102.170.188.148
755,Hirsch,Stoltz,hstoltzky@google.fr,Male,204.214.205.201
756,Stanly,McKinn,smckinnkz@tinyurl.com,Genderqueer,13.117.8.215
757,Hedwiga,Skain,hskainl0@ftc.gov,Female,234.70.206.6
758,Sharlene,Seyfart,sseyfartl1@blogs.com,Female,210.88.185.173
759,Jobi,Jayes,jjayesl2@myspace.com,Female,143.135.231.235
760,Fannie,Inkle,finklel3@state.tx.us,Female,224.52.75.33
761,Daisey,Kristof,dkristofl4@mysql.com,Female,225.122.172.59
762,Tony,Zoanetti,tzoanettil5@ask.com,Male,186.126.15.26
763,Jaye,Yousef,jyousefl6@tumblr.com,Male,189.206.167.72
764,Bert,Freyne,bfreynel7@vk.com,Male,157.41.165.157
765,Madelon,Caddy,mcaddyl8@cam.ac.uk,Female,208.240.219.44
766,Pavla,Tingley,ptingleyl9@reference.com,Female,64.175.34.191
767,Barbi,Pithie,bpithiela@latimes.com,Female,2.203.249.27
768,Tye,Buncher,tbuncherlb@ca.gov,Male,37.105.223.207
769,Silvain,Leyes,sleyeslc@squarespace.com,Male,77.31.66.76
770,Grenville,Fittis,gfittisld@arizona.edu,Male,150.74.29.221
771,Adriaens,Treadaway,atreadawayle@dailymotion.com,Female,124.202.26.20
772,Pierette,Rieger,priegerlf@oaic.gov.au,Female,75.229.168.171
773,Nathanil,Rozet,nrozetlg@springer.com,Genderfluid,117.204.66.145
774,Teresa,Kinrade,tkinradelh@multiply.com,Female,0.108.66.13
775,Jerry,Thomas,jthomasli@reference.com,Male,231.56.85.198
776,Ervin,Sibly,esiblylj@uol.com.br,Male,17.142.112.206
777,Aprilette,Molder,amolderlk@plala.or.jp,Female,233.236.164.66
778,Juline,Stud,jstudll@time.com,Female,106.12.117.35
779,Joly,Dmych,jdmychlm@uiuc.edu,Female,169.155.60.219
780,Wylie,MacNeillie,wmacneillieln@istockphoto.com,Polygender,0.90.59.24
781,Kellyann,De Witt,kdewittlo@sfgate.com,Female,36.137.153.31
782,Druci,Brewitt,dbrewittlp@delicious.com,Female,29.58.192.98
783,Raven,Gleader,rgleaderlq@studiopress.com,Female,199.210.128.2
784,Wald,Dofty,wdoftylr@theatlantic.com,Male,234.176.243.50
785,Loreen,Kinsell,lkinsellls@mail.ru,Genderfluid,189.199.19.196
786,Jenni,Duckerin,jduckerinlt@ehow.com,Female,182.46.172.152
787,Janie,Pettet,jpettetlu@dedecms.com,Female,196.61.225.161
788,Shirline,Bowcher,sbowcherlv@nbcnews.com,Female,53.235.144.220
789,Belvia,Meneghi,bmeneghilw@blogs.com,Female,57.28.167.223
790,Bartholomeus,Molnar,bmolnarlx@posterous.com,Male,98.14.103.191
791,Marvin,Norssister,mnorssisterly@delicious.com,Male,208.207.59.104
792,Corenda,Purviss,cpurvisslz@go.com,Female,185.20.112.171
793,Dougie,Paullin,dpaullinm0@arizona.edu,Male,2.212.215.13
794,Carlye,Dominguez,cdominguezm1@so-net.ne.jp,Female,129.136.4.120
795,Jocelyn,Summerrell,jsummerrellm2@t-online.de,Female,111.232.196.12
796,Zsazsa,O'Scully,zoscullym3@t-online.de,Female,150.47.206.153
797,Wit,Salzberg,wsalzbergm4@harvard.edu,Male,222.166.245.149
798,Angie,Cousin,acousinm5@google.com.au,Female,40.29.248.107
799,Alexandr,Karlsson,akarlssonm6@independent.co.uk,Male,61.21.235.248
800,Merle,Lanfere,mlanferem7@yellowpages.com,Male,59.245.233.243
801,Bernette,Theis,btheism8@livejournal.com,Female,102.232.234.2
802,Izak,Houdmont,ihoudmontm9@loc.gov,Male,111.67.152.206
803,Elfrieda,Wrankling,ewranklingma@marketwatch.com,Female,95.2.84.203
804,Dodi,Billington,dbillingtonmb@tumblr.com,Female,62.100.159.189
805,Claiborne,Rutty,cruttymc@vk.com,Male,105.205.124.168
806,Boris,Dissman,bdissmanmd@sakura.ne.jp,Male,100.46.46.188
807,Ethe,Oller,eollerme@ft.com,Male,187.68.48.5
808,Mel,Lewton,mlewtonmf@hhs.gov,Genderqueer,32.130.205.171
809,Elspeth,Klement,eklementmg@timesonline.co.uk,Female,254.79.85.154
810,Stu,Knowler,sknowlermh@tuttocitta.it,Male,179.235.218.147
811,Robinet,Lethem,rlethemmi@myspace.com,Male,88.193.97.76
812,Efren,Kira,ekiramj@ow.ly,Male,229.254.25.173
813,Nathan,Szreter,nszretermk@typepad.com,Male,47.28.246.161
814,Misti,Cottier,mcottierml@shutterfly.com,Female,76.77.69.29
815,Adolpho,McCombe,amccombemm@meetup.com,Male,42.170.113.113
816,Redd,Beggi,rbeggimn@barnesandnoble.com,Male,150.118.150.110
817,Gilligan,Serjeantson,gserjeantsonmo@a8.net,Female,160.236.205.133
818,Rance,Maidlow,rmaidlowmp@cdbaby.com,Male,223.216.254.217
819,Alphard,Layland,alaylandmq@bizjournals.com,Polygender,28.166.230.234
820,Katerine,Slowgrove,kslowgrovemr@state.tx.us,Female,108.13.158.230
821,Pat,McAree,pmcareems@washingtonpost.com,Female,152.48.147.0
822,Augustine,Maevela,amaevelamt@phpbb.com,Female,153.166.47.87
823,Patrick,Sonschein,psonscheinmu@unesco.org,Agender,225.52.143.75
824,Andromache,Goldby,agoldbymv@google.ca,Female,110.195.140.152
825,Lorrayne,Crofthwaite,lcrofthwaitemw@moonfruit.com,Female,113.95.73.189
826,Ingemar,Hollow,ihollowmx@homestead.com,Male,201.103.251.19
827,Fancy,Rhoades,frhoadesmy@globo.com,Female,22.60.189.189
828,Homerus,Giacopelo,hgiacopelomz@state.tx.us,Male,14.235.169.10
829,Peggy,Peskett,ppeskettn0@sun.com,Female,61.164.164.147
830,Emelen,Fairbrother,efairbrothern1@scribd.com,Male,66.193.100.140
831,Jeanne,Coffin,jcoffinn2@pinterest.com,Female,217.223.152.55
832,Yule,Hosburn,yhosburnn3@cnn.com,Male,139.18.42.165
833,Jackie,Ca,jcan4@toplist.cz,Agender,241.137.164.75
834,Winn,Brimble,wbrimblen5@reuters.com,Male,61.243.148.109
835,De,Arrighini,darrighinin6@reuters.com,Female,75.151.239.110
836,Dorothy,Snowling,dsnowlingn7@constantcontact.com,Female,216.6.19.25
837,Ado,Lelliott,alelliottn8@blogger.com,Male,162.42.120.185
838,Ruth,Shorten,rshortenn9@foxnews.com,Female,178.197.96.247
839,Norbert,Cagan,ncaganna@opensource.org,Male,243.71.204.84
840,Tricia,Kobiera,tkobieranb@paypal.com,Female,220.177.110.206
841,Kerianne,Menis,kmenisnc@tuttocitta.it,Female,253.203.56.19
842,Alayne,Storror,astorrornd@fastcompany.com,Female,227.81.72.129
843,Crichton,Mellmoth,cmellmothne@ibm.com,Male,9.225.194.84
844,Jessica,Winders,jwindersnf@soup.io,Female,240.235.181.34
845,Grayce,Leverette,gleveretteng@disqus.com,Female,161.97.129.239
846,Diandra,Piercy,dpiercynh@answers.com,Female,192.183.5.38
847,Kendricks,Stodhart,kstodhartni@intel.com,Male,182.156.91.6
848,Annecorinne,Debenham,adebenhamnj@amazonaws.com,Female,244.237.52.85
849,Aloysius,Paul,apaulnk@prnewswire.com,Male,68.132.150.122
850,Orv,Bambra,obambranl@google.co.uk,Male,70.237.225.13
851,Milo,McElmurray,mmcelmurraynm@geocities.com,Male,11.247.4.94
852,Arturo,Broadnicke,abroadnickenn@delicious.com,Male,233.112.214.186
853,Christy,Muffett,cmuffettno@ucoz.ru,Female,117.126.65.50
854,Maggy,Rijkeseis,mrijkeseisnp@wordpress.org,Female,72.88.125.162
855,Chelsea,Gemmell,cgemmellnq@businessweek.com,Female,177.1.163.243
856,Amargo,Alloisi,aalloisinr@pbs.org,Agender,108.88.150.33
857,Dion,Brosetti,dbrosettins@sakura.ne.jp,Female,173.237.220.5
858,Gerrie,Koeppke,gkoeppkent@posterous.com,Male,72.63.239.84
859,Kele,Hoggins,khogginsnu@slashdot.org,Male,151.201.32.124
860,Sancho,Clemmey,sclemmeynv@imageshack.us,Male,248.27.31.228
861,Andres,Oosthout de Vree,aoosthoutdevreenw@ning.com,Male,241.183.188.88
862,Gill,Jenkison,gjenkisonnx@guardian.co.uk,Male,246.107.8.238
863,Elvina,Dogerty,edogertyny@altervista.org,Female,129.5.203.119
864,Doloritas,Bouchard,dbouchardnz@altervista.org,Female,244.58.121.246
865,Bobbee,Vlasenkov,bvlasenkovo0@edublogs.org,Female,218.205.107.158
866,Immanuel,Eede,ieedeo1@bluehost.com,Male,16.125.230.193
867,Alex,Elleray,aellerayo2@reference.com,Male,192.93.112.149
868,Noah,M'Chirrie,nmchirrieo3@nih.gov,Male,31.135.186.111
869,Gabby,Kuschke,gkuschkeo4@sbwire.com,Male,20.255.234.100
870,Windham,Domerq,wdomerqo5@issuu.com,Male,21.8.33.130
871,Ignacius,Howle,ihowleo6@blogspot.com,Male,76.253.217.199
872,Engracia,Stronach,estronacho7@webs.com,Female,116.161.78.78
873,Bartholomeo,Willimot,bwillimoto8@youtu.be,Male,175.207.0.33
874,Rance,Tousy,rtousyo9@cnbc.com,Male,110.63.18.161
875,Phoebe,Enterlein,penterleinoa@elpais.com,Female,143.210.179.9
876,Karoly,Nathon,knathonob@yolasite.com,Female,116.232.113.7
877,Arther,Bamell,abamelloc@wp.com,Male,6.79.127.225
878,Marve,Stavers,mstaversod@umn.edu,Male,104.48.108.131
879,Ansell,Wyd,awydoe@google.ca,Male,54.74.219.84
880,Burgess,McIlhagga,bmcilhaggaof@whitehouse.gov,Male,108.154.227.113
881,Griselda,Wardlaw,gwardlawog@friendfeed.com,Female,82.18.124.82
882,Ivy,Fortun,ifortunoh@360.cn,Female,119.160.230.140
883,Celinda,Scipsey,cscipseyoi@1und1.de,Female,172.148.69.57
884,Babita,Lebond,blebondoj@narod.ru,Female,116.144.168.209
885,Karilynn,Racine,kracineok@boston.com,Female,41.27.218.189
886,Darcey,Turville,dturvilleol@deliciousdays.com,Female,157.211.181.57
887,Auberta,Assaf,aassafom@livejournal.com,Female,57.161.51.165
888,Goober,Andreini,gandreinion@flickr.com,Male,11.63.219.20
889,Shayna,Loukes,sloukesoo@chronoengine.com,Female,93.206.218.74
890,Allie,Norville,anorvilleop@wp.com,Male,54.140.172.94
891,Birk,Ebdon,bebdonoq@nasa.gov,Male,0.252.83.81
892,Corinna,Stanesby,cstanesbyor@lycos.com,Female,171.95.230.59
893,Vanya,Henaughan,vhenaughanos@themeforest.net,Female,157.105.253.13
894,Jean,Reskelly,jreskellyot@usgs.gov,Genderfluid,249.34.132.13
895,Dougie,Cummine,dcummineou@vistaprint.com,Male,63.88.148.221
896,Calypso,Asman,casmanov@mtv.com,Bigender,29.251.91.75
897,Piper,Canning,pcanningow@webeden.co.uk,Female,16.191.33.197
898,Blair,Corran,bcorranox@squidoo.com,Female,38.50.149.61
899,Cristin,Gajewski,cgajewskioy@usatoday.com,Female,66.137.53.66
900,Corry,Olivier,colivieroz@ted.com,Female,222.178.102.229
901,Port,Jerzak,pjerzakp0@weebly.com,Male,52.47.190.63
902,Emmaline,Broke,ebrokep1@symantec.com,Female,168.171.24.246
903,Wat,McNea,wmcneap2@indiegogo.com,Male,12.240.85.133
904,Fabian,Frays,ffraysp3@ox.ac.uk,Male,226.64.221.57
905,Amalia,Oiseau,aoiseaup4@is.gd,Female,253.190.185.238
906,Correy,Balding,cbaldingp5@vk.com,Non-binary,71.116.102.216
907,Rafaello,Kerkham,rkerkhamp6@com.com,Male,109.67.30.130
908,Annelise,Ouslem,aouslemp7@digg.com,Female,48.189.23.242
909,Orsa,Schneidar,oschneidarp8@ycombinator.com,Female,71.239.218.236
910,Sibel,Clendinning,sclendinningp9@twitter.com,Female,83.54.137.109
911,Muffin,Braganca,mbragancapa@blogspot.com,Female,89.247.199.50
912,Karry,Overstone,koverstonepb@sun.com,Female,194.149.250.249
913,Micky,Ranscome,mranscomepc@state.gov,Female,255.20.57.80
914,Siusan,Jaycocks,sjaycockspd@taobao.com,Female,23.129.31.206
915,Nevsa,Abramowitz,nabramowitzpe@theatlantic.com,Female,125.249.173.210
916,Martie,Bouldon,mbouldonpf@alexa.com,Polygender,81.162.206.219
917,Orren,Warbrick,owarbrickpg@xinhuanet.com,Male,150.217.225.216
918,Alessandra,Goady,agoadyph@bravesites.com,Female,221.57.2.84
919,Rozanne,Ubsdall,rubsdallpi@yellowpages.com,Female,30.191.152.134
920,Sayers,Akenhead,sakenheadpj@washington.edu,Male,129.42.235.194
921,Shanan,Meaders,smeaderspk@dell.com,Male,154.87.233.178
922,Elwood,Cortnay,ecortnaypl@exblog.jp,Bigender,123.128.91.39
923,Conroy,Treeby,ctreebypm@addthis.com,Male,126.102.100.214
924,Con,Girogetti,cgirogettipn@arstechnica.com,Female,193.131.157.163
925,Kellen,Ponten,kpontenpo@pagesperso-orange.fr,Female,190.79.206.136
926,Brandtr,Arundel,barundelpp@si.edu,Male,184.65.67.102
927,Katharina,Stedson,kstedsonpq@ameblo.jp,Female,109.68.221.189
928,Corinne,Abson,cabsonpr@state.tx.us,Female,20.75.86.244
929,Vince,Rimmer,vrimmerps@shinystat.com,Male,56.240.4.189
930,Lydon,Beagin,lbeaginpt@seesaa.net,Male,146.109.214.63
931,Jesus,Jahnel,jjahnelpu@timesonline.co.uk,Male,132.91.222.183
932,Tomasine,Cracoe,tcracoepv@fotki.com,Female,33.53.221.8
933,Evanne,Davoren,edavorenpw@sciencedaily.com,Female,9.213.235.236
934,Ula,Pache,upachepx@webmd.com,Female,86.87.84.53
935,Ruddy,Olphert,rolphertpy@barnesandnoble.com,Agender,105.133.11.109
936,Wes,Herkess,wherkesspz@unc.edu,Male,235.116.132.232
937,Elke,Fawdry,efawdryq0@nsw.gov.au,Female,47.92.51.62
938,Alis,Tomei,atomeiq1@oracle.com,Female,43.24.169.17
939,Rupert,Hrihorovich,rhrihorovichq2@jigsy.com,Male,162.137.101.123
940,Orson,Rikkard,orikkardq3@home.pl,Male,15.59.132.105
941,Fiorenze,Samwyse,fsamwyseq4@typepad.com,Female,206.192.144.48
942,Boony,Jeroch,bjerochq5@weibo.com,Polygender,93.29.181.212
943,Zondra,Fills,zfillsq6@163.com,Female,220.75.167.179
944,Waylen,Wisedale,wwisedaleq7@sohu.com,Male,181.162.234.89
945,Gerald,Cant,gcantq8@comcast.net,Male,61.173.82.10
946,Bill,Steabler,bsteablerq9@berkeley.edu,Male,209.231.89.246
947,Brandy,Biddleston,bbiddlestonqa@dion.ne.jp,Male,254.65.212.253
948,Robinson,Oehm,roehmqb@google.ru,Male,9.87.79.202
949,Godfree,Briskey,gbriskeyqc@linkedin.com,Male,193.131.113.22
950,Skye,Ainsley,sainsleyqd@fda.gov,Male,83.89.233.78
951,Zoe,Staddom,zstaddomqe@illinois.edu,Female,32.219.159.215
952,Silas,Grundle,sgrundleqf@mapquest.com,Male,26.207.217.233
953,Fancy,Midden,fmiddenqg@intel.com,Female,243.14.75.27
954,Jimmy,Wiggins,jwigginsqh@mtv.com,Polygender,162.164.214.208
955,Merci,Garritley,mgarritleyqi@mac.com,Female,16.52.187.41
956,Jenni,Pawel,jpawelqj@unicef.org,Female,101.97.197.16
957,Ebba,Dargavel,edargavelqk@so-net.ne.jp,Female,209.150.66.147
958,Eddie,Allden,ealldenql@pcworld.com,Male,67.230.23.18
959,Lilas,Atcheson,latchesonqm@weebly.com,Female,241.121.176.219
960,Agustin,Jaher,ajaherqn@cyberchimps.com,Male,29.103.8.115
961,Flory,Carverhill,fcarverhillqo@blinklist.com,Male,240.110.101.99
962,Bertram,Burgwyn,bburgwynqp@youtube.com,Male,29.58.227.56
963,Juline,Clemenson,jclemensonqq@pagesperso-orange.fr,Female,25.71.36.139
964,Jere,Breit,jbreitqr@mediafire.com,Male,213.126.191.115
965,Ferne,Whellams,fwhellamsqs@arstechnica.com,Female,106.214.54.81
966,Marigold,Smorfit,msmorfitqt@cnet.com,Female,135.57.164.176
967,Petronilla,Frentz,pfrentzqu@washington.edu,Female,110.53.179.218
968,Renie,Reffe,rreffeqv@networksolutions.com,Female,35.52.187.185
969,Barron,Wolverson,bwolversonqw@theglobeandmail.com,Male,165.221.221.83
970,Rourke,Peyzer,rpeyzerqx@livejournal.com,Male,8.65.190.241
971,Hussein,Surcomb,hsurcombqy@twitter.com,Male,8.198.231.233
972,Stevana,Schuck,sschuckqz@blog.com,Female,25.15.51.210
973,Chere,Yurkov,cyurkovr0@phpbb.com,Female,189.247.200.232
974,Francene,Dearness,fdearnessr1@addthis.com,Female,97.206.211.189
975,Isador,Savil,isavilr2@accuweather.com,Male,170.236.215.134
976,Percival,Olin,polinr3@mac.com,Male,122.222.110.40
977,Eimile,Prando,eprandor4@fc2.com,Female,105.101.237.87
978,Myron,Kempson,mkempsonr5@fastcompany.com,Male,3.116.82.247
979,Jefferey,Bianco,jbiancor6@cornell.edu,Male,191.240.15.47
980,Meghann,Tabbernor,mtabbernorr7@godaddy.com,Female,176.134.252.201
981,Alleen,Gillopp,agilloppr8@cdbaby.com,Female,211.242.179.80
982,Franzen,Hiddsley,fhiddsleyr9@sogou.com,Male,105.143.44.60
983,Mackenzie,Kivits,mkivitsra@microsoft.com,Male,249.213.37.54
984,Hilliard,Freake,hfreakerb@examiner.com,Male,201.25.214.59
985,Dorrie,Brothers,dbrothersrc@stumbleupon.com,Female,24.166.141.219
986,Crissie,Curcher,ccurcherrd@csmonitor.com,Female,207.101.137.51
987,Robbin,Pock,rpockre@tripadvisor.com,Female,237.110.238.118
988,Kareem,Threader,kthreaderrf@blogtalkradio.com,Male,30.135.229.149
989,Loralie,Loveman,llovemanrg@cdc.gov,Female,197.251.3.90
990,Richie,Gethen,rgethenrh@apple.com,Male,184.104.32.198
991,Mohammed,Shawell,mshawellri@nbcnews.com,Male,65.88.127.54
992,Darryl,Pourvoieur,dpourvoieurrj@state.tx.us,Female,179.6.232.51
993,Claudell,Marke,cmarkerk@census.gov,Male,254.90.133.98
994,Rosalie,Kissack,rkissackrl@wordpress.com,Female,64.183.85.74
995,Georgina,Clyne,gclynerm@topsy.com,Female,12.127.175.227
996,Tybie,Ruddock,truddockrn@simplemachines.org,Non-binary,67.126.37.120
997,Ignazio,Dawidowitsch,idawidowitschro@seesaa.net,Male,176.25.55.94
998,Rouvin,Upstone,rupstonerp@discovery.com,Male,106.189.37.222
999,Catina,Hazelgreave,chazelgreaverq@fda.gov,Female,123.61.56.191
1000,Gratiana,Prati,gpratirr@businesswire.com,Female,219.182.164.135
