id,first_name,last_name,email,gender,ip_address
1,Othello,Klishin,oklishin0@joomla.org,Male,93.208.110.66
2,Druci,Hinsche,dhinsche1@aol.com,Female,212.188.160.243
3,Clem,Fittall,cfittall2@cisco.com,Female,26.130.174.123
4,Kristoforo,Gerriets,kgerriets3@newyorker.com,Male,191.211.139.216
5,Lisetta,Nertney,lnertney4@imgur.com,Female,82.124.97.174
6,Pauli,Christofol,pchristofol5@github.io,Female,141.59.155.216
7,Eberhard,Durbann,edurbann6@opensource.org,Male,33.93.137.23
8,Tiena,Alliker,talliker7@noaa.gov,Female,225.113.218.186
9,Lamond,Somerville,lsomerville8@cargocollective.com,Male,215.91.12.90
10,Aurthur,Kynett,akynett9@studiopress.com,Male,203.101.13.136
11,Clywd,Grevile,cgrevilea@cnet.com,Male,137.122.72.72
12,Sullivan,Ortmann,sortmannb@comcast.net,Agender,188.244.177.81
13,Merle,Jaquin,mjaquinc@pinterest.com,Female,192.224.194.45
14,Delilah,Crone,dcroned@theatlantic.com,Female,68.172.244.227
15,Carolan,Houlston,choulstone@bandcamp.com,Female,90.209.242.177
16,Alexio,Lantuff,alantufff@msu.edu,Male,201.216.236.190
17,Gretel,Wisby,gwisbyg@tripod.com,Female,186.2.175.142
18,Sharl,Dows,sdowsh@imgur.com,Female,138.73.179.91
19,Vassili,Wilkin,vwilkini@over-blog.com,Male,138.172.34.191
20,Jedd,Iannelli,jiannellij@time.com,Male,40.245.37.131
21,Gawain,Van Hove,gvanhovek@disqus.com,Male,239.239.135.181
22,Neall,Attaway,nattawayl@skyrock.com,Male,181.131.32.141
23,Joelly,Byrch,jbyrchm@goodreads.com,Female,108.223.149.158
24,Jaime,Rounce,jrouncen@dmoz.org,Female,76.189.115.233
25,Rona,O'Scanlan,roscanlano@google.pl,Female,227.197.75.196
26,Drusi,Weild,dweildp@washingtonpost.com,Female,51.88.68.96
27,Debor,Hanwell,dhanwellq@rediff.com,Female,106.52.162.196
28,Fay,Riccardini,friccardinir@techcrunch.com,Female,203.131.40.65
29,Bordy,Kilalea,bkilaleas@reference.com,Male,41.229.150.86
30,Saba,Jonczyk,sjonczykt@storify.com,Female,163.120.111.82
31,Wilone,McCrorie,wmccrorieu@pinterest.com,Female,112.190.221.246
32,Pauli,Burghall,pburghallv@mapy.cz,Female,34.95.69.12
33,Rodina,Sanney,rsanneyw@fastcompany.com,Bigender,71.193.3.18
34,Christoph,Leaning,cleaningx@noaa.gov,Agender,235.255.118.200
35,Blake,Lester,blestery@geocities.jp,Female,38.82.137.209
36,Adair,Simmers,asimmersz@usa.gov,Male,247.177.13.170
37,Hayes,Dibdale,hdibdale10@globo.com,Male,74.93.69.180
38,Waylon,Djordjevic,wdjordjevic11@seesaa.net,Male,241.36.137.141
39,Stormy,Lytell,slytell12@hugedomains.com,Female,73.47.6.244
40,Cal,Futter,cfutter13@weather.com,Male,197.224.84.201
41,Riley,Gowen,rgowen14@dailymotion.com,Male,157.51.64.165
42,Jarret,Parks,jparks15@constantcontact.com,Male,206.80.194.42
43,Cassius,Eccersley,ceccersley16@vimeo.com,Male,102.42.143.47
44,Michel,Bente,mbente17@google.com.br,Male,125.226.222.9
45,Scott,Levermore,slevermore18@soundcloud.com,Male,177.247.235.54
46,Vernor,Eastbrook,veastbrook19@patch.com,Male,11.37.89.114
47,Sharline,Herley,sherley1a@ifeng.com,Female,102.14.143.91
48,Stafford,Ricciardi,sricciardi1b@spotify.com,Male,247.119.169.84
49,Wit,Vance,wvance1c@youtu.be,Male,69.224.152.115
50,Shantee,Samet,ssamet1d@toplist.cz,Female,62.131.100.156
51,Kirby,Connachan,kconnachan1e@networkadvertising.org,Female,200.70.238.124
52,Lissie,Ruvel,lruvel1f@cocolog-nifty.com,Female,70.118.209.50
53,Babb,Stodd,bstodd1g@digg.com,Female,212.188.143.12
54,Graham,Pigrome,gpigrome1h@intel.com,Male,84.202.101.199
55,Brandise,Mosley,bmosley1i@salon.com,Female,40.200.91.206
56,Pincus,Ellif,pellif1j@ucoz.ru,Male,48.85.205.10
57,Dalia,Coppen,dcoppen1k@qq.com,Female,191.2.43.189
58,Gabriela,Boydle,gboydle1l@chronoengine.com,Genderfluid,14.218.26.173
59,Josi,Uglow,juglow1m@fastcompany.com,Female,112.35.152.118
60,Livvyy,Boatman,lboatman1n@umich.edu,Polygender,190.26.169.168
61,Gonzalo,Matysik,gmatysik1o@yahoo.co.jp,Male,233.146.138.14
62,Abbi,Parzis,aparzis1p@google.co.jp,Female,28.70.59.123
63,Maxi,Aronsohn,maronsohn1q@businessinsider.com,Female,190.247.110.36
64,Ediva,Patry,epatry1r@google.co.uk,Genderqueer,19.141.160.211
65,Gerrard,Wannan,gwannan1s@over-blog.com,Male,110.197.37.197
66,Dulcia,Arkil,darkil1t@harvard.edu,Female,56.4.34.71
67,Mal,Dran,mdran1u@tinypic.com,Male,70.218.13.42
68,Goran,Duval,gduval1v@cafepress.com,Male,8.228.61.11
69,Sly,Oaks,soaks1w@answers.com,Male,245.175.39.9
70,Wang,Saveall,wsaveall1x@blogs.com,Male,139.175.217.107
71,Francine,Dysert,fdysert1y@trellian.com,Female,200.172.208.9
72,Humfried,Hedley,hhedley1z@weather.com,Male,1.89.51.83
73,Vernen,Coulman,vcoulman20@quantcast.com,Male,97.77.64.221
74,Binky,Dubber,bdubber21@ebay.com,Male,101.51.107.76
75,Frank,Bleackley,fbleackley22@mediafire.com,Female,174.154.194.217
76,Jo,MacGlory,jmacglory23@photobucket.com,Male,196.4.17.252
77,Ralina,Hogben,rhogben24@google.it,Female,235.158.87.233
78,Micaela,Saines,msaines25@thetimes.co.uk,Female,145.77.37.201
79,Jaclyn,Jacks,jjacks26@about.me,Female,159.155.218.197
80,Stevie,Wraith,swraith27@opensource.org,Male,189.209.240.79
81,Gayler,Ledram,gledram28@a8.net,Male,123.193.188.206
82,Louisette,Greenman,lgreenman29@bloglovin.com,Female,151.201.28.115
83,Rebecca,Farney,rfarney2a@washingtonpost.com,Female,199.85.27.179
84,Sherlocke,Byforth,sbyforth2b@tuttocitta.it,Male,246.164.7.174
85,Ado,Humbey,ahumbey2c@vistaprint.com,Male,23.129.122.67
86,Jacobo,Scrimgeour,jscrimgeour2d@sciencedirect.com,Male,247.135.39.112
87,Hunt,Brayn,hbrayn2e@mtv.com,Male,201.243.89.152
88,Brianne,Verlinden,bverlinden2f@hubpages.com,Bigender,143.252.63.26
89,Joscelin,Falkinder,jfalkinder2g@google.com.br,Female,179.255.179.233
90,Cathee,Dimbleby,cdimbleby2h@acquirethisname.com,Female,5.45.65.48
91,Lanie,McCloy,lmccloy2i@cdc.gov,Bigender,51.24.246.190
92,Darya,Perrigo,dperrigo2j@omniture.com,Female,78.250.217.172
93,Rosette,Gabbitus,rgabbitus2k@businesswire.com,Female,196.248.12.135
94,Kerrill,Stanlike,kstanlike2l@constantcontact.com,Female,4.76.21.137
95,Winona,Frankham,wfrankham2m@jalbum.net,Female,163.97.140.243
96,Hunfredo,Rosengren,hrosengren2n@state.gov,Male,75.71.133.230
97,Gaye,Dibble,gdibble2o@blogger.com,Female,18.180.240.46
98,Marve,Schiefersten,mschiefersten2p@over-blog.com,Male,68.234.153.17
99,Dianna,Wandrich,dwandrich2q@examiner.com,Genderqueer,145.53.45.183
100,Beck,Fleetham,bfleetham2r@amazon.com,Male,115.65.117.203
101,Ninette,Ferrone,nferrone2s@amazon.com,Female,166.155.183.156
102,Nolan,Symmons,nsymmons2t@miitbeian.gov.cn,Male,81.155.141.8
103,Daffy,Godbert,dgodbert2u@eepurl.com,Female,2.131.156.29
104,Zelma,Fryatt,zfryatt2v@fotki.com,Female,219.101.244.42
105,Pincus,Oldridge,poldridge2w@wikipedia.org,Non-binary,133.248.244.230
106,Cordie,Broader,cbroader2x@ebay.com,Male,35.96.201.110
107,Felike,Elgram,felgram2y@census.gov,Male,129.78.160.182
108,Therine,Nicholes,tnicholes2z@theguardian.com,Female,170.11.251.79
109,Joceline,Edmed,jedmed30@flickr.com,Female,158.52.230.244
110,Dottie,Blazdell,dblazdell31@mysql.com,Female,106.66.121.230
111,Janina,Bails,jbails32@weebly.com,Bigender,120.37.43.19
112,Elvira,Blaisdale,eblaisdale33@altervista.org,Genderqueer,162.51.169.179
113,Lorianne,Ricson,lricson34@tripadvisor.com,Genderqueer,207.108.219.81
114,Salomon,Castellet,scastellet35@issuu.com,Male,130.243.152.68
115,Kala,Legrave,klegrave36@i2i.jp,Female,188.146.138.19
116,Eveline,Kleisel,ekleisel37@kickstarter.com,Genderqueer,235.21.33.165
117,Zed,Bulford,zbulford38@dropbox.com,Male,74.90.81.158
118,Hector,Isworth,hisworth39@walmart.com,Male,255.111.112.196
119,Cassy,Deboo,cdeboo3a@howstuffworks.com,Female,139.16.188.191
120,Davidde,Braz,dbraz3b@blogger.com,Male,190.234.63.37
121,Erek,Foulsham,efoulsham3c@businessweek.com,Polygender,96.234.202.183
122,Hartley,Meeus,hmeeus3d@youku.com,Male,26.206.89.55
123,Adelle,Bachanski,abachanski3e@examiner.com,Female,123.112.205.179
124,Emory,Malamore,emalamore3f@smh.com.au,Male,112.180.227.214
125,Pedro,Aronson,paronson3g@google.fr,Male,186.126.184.61
126,Anabel,Ruttgers,aruttgers3h@theglobeandmail.com,Female,160.192.181.132
127,Susannah,Paolillo,spaolillo3i@sfgate.com,Female,182.16.230.225
128,Ulysses,Emeney,uemeney3j@typepad.com,Male,244.229.164.22
129,Gawain,Ickovits,gickovits3k@netscape.com,Male,43.78.102.197
130,Mel,Janecki,mjanecki3l@sbwire.com,Male,62.121.195.35
131,Dirk,Fosserd,dfosserd3m@un.org,Male,49.70.82.137
132,Burt,Smoote,bsmoote3n@1und1.de,Male,24.94.183.61
133,Marris,Colwill,mcolwill3o@goo.gl,Female,104.233.58.167
134,Tom,Elizabeth,telizabeth3p@techcrunch.com,Polygender,143.172.203.187
135,Carol,Lowery,clowery3q@taobao.com,Non-binary,129.223.214.179
136,Peggi,Copes,pcopes3r@adobe.com,Female,61.91.90.58
137,Gertrud,Banaszczyk,gbanaszczyk3s@tripod.com,Female,72.23.243.88
138,Adan,Plane,aplane3t@amazon.de,Male,29.46.171.106
139,Liam,Price,lprice3u@google.nl,Male,233.97.97.206
140,Ludovika,Bishop,lbishop3v@ed.gov,Female,47.15.93.188
141,Karleen,Prowse,kprowse3w@pagesperso-orange.fr,Female,79.214.1.66
142,Fair,Laetham,flaetham3x@technorati.com,Non-binary,146.54.246.6
143,Jeffry,Harlowe,jharlowe3y@businesswire.com,Bigender,33.254.167.131
144,Bethina,Derham,bderham3z@hexun.com,Female,144.83.226.76
145,Lindi,Mafham,lmafham40@eepurl.com,Female,120.95.8.216
146,Tori,Iacovuzzi,tiacovuzzi41@cam.ac.uk,Female,189.247.224.252
147,Manfred,Girk,mgirk42@newyorker.com,Male,33.19.169.202
148,Billy,Caunce,bcaunce43@blogtalkradio.com,Male,232.104.183.121
149,Carly,Tollfree,ctollfree44@examiner.com,Male,78.220.228.101
150,Jock,Lornsen,jlornsen45@unc.edu,Male,121.89.71.142
151,Warren,Idale,widale46@smh.com.au,Male,148.69.64.62
152,Cilka,Leeming,cleeming47@arizona.edu,Female,224.119.231.29
153,Vail,Hamelyn,vhamelyn48@about.me,Genderfluid,219.93.107.215
154,Ruthy,Hair,rhair49@ning.com,Female,143.247.198.180
155,Hi,Hallwell,hhallwell4a@t-online.de,Male,136.27.247.135
156,Kerr,McBrearty,kmcbrearty4b@zimbio.com,Male,65.98.132.147
157,Raf,Ameer-Beg,rameerbeg4c@barnesandnoble.com,Female,233.3.142.6
158,Terza,Oven,toven4d@ask.com,Female,13.237.222.13
159,Carleen,MacAughtrie,cmacaughtrie4e@g.co,Polygender,224.22.47.252
160,Renard,Myderscough,rmyderscough4f@cargocollective.com,Male,165.171.80.70
161,Martie,Reuter,mreuter4g@cdbaby.com,Polygender,165.192.234.89
162,Casper,Wailes,cwailes4h@addthis.com,Male,135.117.223.18
163,Lindi,Myatt,lmyatt4i@dion.ne.jp,Female,169.156.28.10
164,Tana,Slatten,tslatten4j@youtu.be,Female,228.34.180.128
165,Mahalia,Oddboy,moddboy4k@netscape.com,Female,37.96.147.67
166,Sammy,Stroobant,sstroobant4l@youtu.be,Non-binary,9.121.31.238
167,Iolande,Wrankmore,iwrankmore4m@altervista.org,Female,179.232.92.49
168,Gayleen,Muzzi,gmuzzi4n@quantcast.com,Female,96.66.104.198
169,Kellen,Woollin,kwoollin4o@mozilla.org,Female,43.225.201.252
170,Ardyce,Schole,aschole4p@sitemeter.com,Female,182.155.228.116
171,Annalise,Effemy,aeffemy4q@yahoo.co.jp,Female,223.80.47.142
172,Jo-ann,Sorbey,jsorbey4r@ucla.edu,Female,124.147.137.56
173,Tobey,Rope,trope4s@pen.io,Female,34.15.59.66
174,Mahalia,Hardie,mhardie4t@sitemeter.com,Female,73.218.66.231
175,Cathlene,Whaley,cwhaley4u@tinypic.com,Female,121.127.201.89
176,Caspar,Pitts,cpitts4v@spotify.com,Male,3.225.251.205
177,Duffie,St Quenin,dstquenin4w@exblog.jp,Male,2.17.64.6
178,Leticia,Doggett,ldoggett4x@virginia.edu,Female,45.67.165.31
179,Nate,Bebbington,nbebbington4y@deviantart.com,Male,107.211.65.175
180,Morgen,Matchett,mmatchett4z@webnode.com,Genderfluid,77.216.76.166
181,Merrily,Hargitt,mhargitt50@seattletimes.com,Female,38.77.128.174
182,Galven,Bathow,gbathow51@sogou.com,Male,172.109.39.100
183,Roman,Gideon,rgideon52@geocities.com,Male,42.13.75.108
184,Chev,Cayley,ccayley53@privacy.gov.au,Male,224.121.182.190
185,Hartwell,Spehr,hspehr54@goo.gl,Male,116.183.104.61
186,Fowler,Valenta,fvalenta55@technorati.com,Male,171.144.132.207
187,Chelsie,Sutcliff,csutcliff56@hibu.com,Female,49.86.83.103
188,Darius,Canti,dcanti57@ucoz.ru,Male,140.203.31.212
189,Salli,Cullity,scullity58@freewebs.com,Female,233.10.92.172
190,Nan,Iorio,niorio59@ycombinator.com,Female,178.149.86.246
191,Lazarus,MacTrustrie,lmactrustrie5a@weather.com,Male,171.234.28.94
192,Kilian,Heddan,kheddan5b@liveinternet.ru,Male,205.34.120.44
193,Casar,Eate,ceate5c@weather.com,Agender,172.190.37.91
194,Lucretia,Renwick,lrenwick5d@businesswire.com,Female,196.55.0.157
195,Krisha,Hefforde,khefforde5e@unicef.org,Male,231.226.72.14
196,Mannie,Belcham,mbelcham5f@google.pl,Male,166.126.119.248
197,Chad,Pretti,cpretti5g@paginegialle.it,Female,1.112.216.2
198,Xena,Ivanonko,xivanonko5h@imgur.com,Female,143.130.151.7
199,Greg,Presslie,gpresslie5i@1688.com,Male,124.224.152.26
200,Alethea,Klishin,aklishin5j@bloomberg.com,Female,30.254.235.252
201,Teddi,Madison,tmadison5k@google.com.br,Female,196.76.87.24
202,Gerardo,Itzkovwich,gitzkovwich5l@wiley.com,Male,61.199.129.229
203,Marje,Spellecy,mspellecy5m@nytimes.com,Female,87.236.198.180
204,Bradney,Wilcott,bwilcott5n@domainmarket.com,Male,39.90.80.188
205,Jeth,Fruchter,jfruchter5o@fotki.com,Male,92.231.44.204
206,Tonnie,Churchouse,tchurchouse5p@exblog.jp,Polygender,26.37.130.34
207,Mord,Jobling,mjobling5q@mail.ru,Male,168.147.123.25
208,Haroun,Naseby,hnaseby5r@webeden.co.uk,Male,55.161.240.75
209,Faustina,Edinburgh,fedinburgh5s@paypal.com,Female,218.53.122.193
210,Junie,Edgeson,jedgeson5t@washington.edu,Female,64.172.160.156
211,Valeria,Rowatt,vrowatt5u@live.com,Female,169.224.137.151
212,Dougie,Loyley,dloyley5v@google.com.au,Male,58.141.12.29
213,Karon,Rowberry,krowberry5w@fastcompany.com,Female,133.49.83.235
214,Claudette,Cometson,ccometson5x@usgs.gov,Female,226.235.250.215
215,Ruddy,Santarelli,rsantarelli5y@ted.com,Male,10.34.223.24
216,Ulrika,Chown,uchown5z@nydailynews.com,Agender,45.147.110.16
217,Ralph,Tibbles,rtibbles60@blogs.com,Male,71.218.81.141
218,Corrine,Blayd,cblayd61@squidoo.com,Female,161.164.11.164
219,Jaymee,Spillard,jspillard62@t.co,Female,64.221.87.129
220,Pattie,Sanches,psanches63@digg.com,Male,203.13.78.98
221,Ddene,Blance,dblance64@constantcontact.com,Non-binary,208.239.67.249
222,Rozella,Leavy,rleavy65@buzzfeed.com,Female,82.198.145.158
223,Jerrilyn,Pougher,jpougher66@deviantart.com,Female,27.224.110.153
224,Percy,Batteson,pbatteson67@salon.com,Agender,161.25.140.111
225,Giorgi,Capel,gcapel68@sun.com,Genderfluid,66.222.46.11
226,Clemmie,Sprowson,csprowson69@home.pl,Female,144.186.102.186
227,Faustine,Curbishley,fcurbishley6a@amazon.com,Polygender,10.88.17.176
228,Aaren,Coppock.,acoppock6b@who.int,Female,186.50.106.5
229,Mayor,MacKibbon,mmackibbon6c@sakura.ne.jp,Male,84.237.114.225
230,Alie,Hubner,ahubner6d@tumblr.com,Female,72.93.220.154
231,Urban,Shier,ushier6e@redcross.org,Male,48.201.152.93
232,Dacey,Witnall,dwitnall6f@theglobeandmail.com,Female,130.194.43.13
233,Mufi,Morris,mmorris6g@ehow.com,Female,239.153.176.9
234,Gerry,Jorg,gjorg6h@ed.gov,Male,67.213.137.197
235,Oralie,Popescu,opopescu6i@sohu.com,Female,30.132.51.99
236,Quinta,Boissier,qboissier6j@google.cn,Female,153.247.57.61
237,Janos,Renehan,jrenehan6k@toplist.cz,Male,241.48.44.232
238,Fredelia,Divell,fdivell6l@marriott.com,Bigender,188.11.138.17
239,Gerrard,Kann,gkann6m@imgur.com,Male,90.165.188.110
240,Horatius,Munt,hmunt6n@adobe.com,Bigender,204.102.242.213
241,Terry,Inglesent,tinglesent6o@cornell.edu,Male,107.29.181.225
242,Darbie,Casham,dcasham6p@squarespace.com,Female,38.162.1.91
243,Bennett,Caulfield,bcaulfield6q@blogs.com,Male,127.36.238.162
244,Devland,Saunder,dsaunder6r@spiegel.de,Male,192.75.77.122
245,Brandy,Vice,bvice6s@latimes.com,Male,227.50.178.77
246,Pattie,LLelweln,pllelweln6t@wikipedia.org,Female,45.228.18.245
247,Amerigo,Elstone,aelstone6u@sciencedirect.com,Male,191.210.11.196
248,Lamont,Weedall,lweedall6v@artisteer.com,Male,236.179.158.95
249,Maire,Aistrop,maistrop6w@clickbank.net,Agender,177.7.206.250
250,Pryce,Blowfelde,pblowfelde6x@independent.co.uk,Male,239.115.196.3
251,Brodie,Dodgson,bdodgson6y@nytimes.com,Male,103.254.163.12
252,Loralyn,McLaughlin,lmclaughlin6z@livejournal.com,Female,111.192.254.173
253,Sinclair,Tottle,stottle70@cnbc.com,Male,148.217.61.251
254,Martie,McNern,mmcnern71@boston.com,Female,212.178.23.235
255,Horatio,Cratere,hcratere72@shinystat.com,Male,214.186.60.73
256,Caterina,Moland,cmoland73@oakley.com,Female,69.85.69.40
257,Lynnea,Mussalli,lmussalli74@npr.org,Female,79.210.188.86
258,Baryram,Thompkins,bthompkins75@jimdo.com,Male,162.181.183.66
259,Arlie,Culley,aculley76@digg.com,Female,134.180.175.25
260,Ashely,Trew,atrew77@joomla.org,Female,64.57.152.105
261,Lolly,Stanes,lstanes78@google.com,Female,7.205.136.139
262,Gavrielle,Pailin,gpailin79@github.com,Female,188.18.41.131
263,Josepha,Barbier,jbarbier7a@ifeng.com,Non-binary,0.178.98.3
264,Gisella,Storror,gstorror7b@google.pl,Female,88.177.58.45
265,Evonne,Szimoni,eszimoni7c@shop-pro.jp,Female,129.97.32.145
266,Debee,Garrood,dgarrood7d@discuz.net,Female,46.75.33.118
267,Darda,Tomsu,dtomsu7e@hexun.com,Female,209.251.88.48
268,Arleta,Aim,aaim7f@cnet.com,Female,170.1.70.98
269,Stafford,Cancellor,scancellor7g@php.net,Male,43.44.124.125
270,Laura,Osbaldeston,losbaldeston7h@google.com.au,Female,161.55.114.99
271,Natale,Waylett,nwaylett7i@squidoo.com,Male,8.79.26.18
272,Codi,Sidery,csidery7j@google.com.br,Female,4.89.84.30
273,Ginger,Verdie,gverdie7k@wikipedia.org,Female,126.26.138.17
274,Jordan,Vanstone,jvanstone7l@nps.gov,Non-binary,17.221.104.95
275,Rossy,Zuanazzi,rzuanazzi7m@irs.gov,Male,155.148.184.177
276,Sutherland,Satterlee,ssatterlee7n@wsj.com,Male,213.20.66.61
277,Porter,Theobold,ptheobold7o@slideshare.net,Male,38.185.241.70
278,Hetty,Chadbourne,hchadbourne7p@psu.edu,Female,173.121.126.186
279,Giles,Macewan,gmacewan7q@shareasale.com,Male,145.133.124.92
280,Rudiger,Bonham,rbonham7r@plala.or.jp,Genderqueer,4.44.255.109
281,Daphene,Gaunt,dgaunt7s@whitehouse.gov,Genderqueer,67.223.186.210
282,Bail,Harry,bharry7t@soup.io,Male,116.247.22.127
283,Esme,Naul,enaul7u@csmonitor.com,Female,105.43.101.105
284,Bondon,Wynn,bwynn7v@123-reg.co.uk,Male,219.233.231.201
285,Ashley,Swinden,aswinden7w@hhs.gov,Non-binary,91.90.238.248
286,Clari,Birtchnell,cbirtchnell7x@cmu.edu,Female,23.242.111.246
287,Margie,Skowcraft,mskowcraft7y@desdev.cn,Female,228.35.31.89
288,Cathrin,Carnachen,ccarnachen7z@google.com.au,Female,202.139.95.181
289,Minerva,Manifould,mmanifould80@rakuten.co.jp,Female,167.183.103.224
290,Lawry,Dearing,ldearing81@furl.net,Male,32.166.57.104
291,Augusto,Kingswoode,akingswoode82@1und1.de,Male,131.129.251.164
292,Rob,Lait,rlait83@mashable.com,Male,163.122.66.25
293,Hervey,O'Dowd,hodowd84@tmall.com,Male,245.59.203.186
294,Cindelyn,Menego,cmenego85@tinyurl.com,Female,156.232.10.234
295,Prentiss,Rowlinson,prowlinson86@patch.com,Male,26.1.227.223
296,Cloris,Hebble,chebble87@utexas.edu,Genderqueer,6.3.214.71
297,Kyrstin,Georgiades,kgeorgiades88@simplemachines.org,Female,187.200.155.114
298,Harley,Josefs,hjosefs89@hp.com,Male,136.13.150.117
299,Jarrod,Hazlegrove,jhazlegrove8a@feedburner.com,Genderqueer,78.181.135.182
300,Gipsy,Sillis,gsillis8b@ibm.com,Non-binary,32.78.123.216
301,Eldin,Stichel,estichel8c@chronoengine.com,Male,4.77.50.7
302,Misha,Wittey,mwittey8d@usatoday.com,Female,233.13.2.51
303,Sheela,Nobes,snobes8e@buzzfeed.com,Female,181.21.66.236
304,Sergeant,Salway,ssalway8f@aol.com,Male,223.42.209.135
305,Dyna,Siveyer,dsiveyer8g@latimes.com,Female,48.69.21.134
306,Aloise,O'Connell,aoconnell8h@pcworld.com,Female,145.174.240.135
307,Eduino,Sircomb,esircomb8i@toplist.cz,Male,17.135.197.118
308,Gavrielle,Dukesbury,gdukesbury8j@discovery.com,Female,50.3.104.207
309,Raquela,Grgic,rgrgic8k@telegraph.co.uk,Female,85.57.22.73
310,Erasmus,Pinniger,epinniger8l@symantec.com,Male,183.112.241.8
311,Karim,Wannell,kwannell8m@51.la,Male,245.252.205.1
312,Glory,Benezet,gbenezet8n@skype.com,Female,160.191.196.186
313,Hubie,Stonham,hstonham8o@sakura.ne.jp,Male,162.110.80.69
314,Celka,Edgeson,cedgeson8p@reuters.com,Female,180.122.92.215
315,Dorthy,Rudram,drudram8q@desdev.cn,Female,193.1.73.223
316,Delcina,Melley,dmelley8r@dot.gov,Female,186.151.82.218
317,Orelle,Menpes,omenpes8s@hao123.com,Female,241.59.40.9
318,Darrelle,Loody,dloody8t@sciencedaily.com,Female,227.252.181.74
319,Arman,Cabrara,acabrara8u@merriam-webster.com,Male,212.249.246.228
320,Clive,Roskell,croskell8v@163.com,Male,211.96.205.221
321,Mady,Ekkel,mekkel8w@51.la,Female,167.254.151.226
322,Worth,Flott,wflott8x@barnesandnoble.com,Male,48.120.175.217
323,Paolo,Biggen,pbiggen8y@wired.com,Male,206.215.125.149
324,Henryetta,Andrejevic,handrejevic8z@google.ca,Female,121.46.90.254
325,Woodman,Egdal,wegdal90@tripod.com,Male,182.43.175.198
326,Dyan,Torregiani,dtorregiani91@google.ca,Female,163.207.34.53
327,Andy,Bomb,abomb92@cnbc.com,Male,70.103.176.5
328,Mohandas,Sorby,msorby93@tinyurl.com,Male,106.119.19.124
329,Pate,Bremley,pbremley94@hexun.com,Male,56.97.202.73
330,Silvio,Eisold,seisold95@discuz.net,Male,62.95.186.214
331,Dacy,Ransfield,dransfield96@businessinsider.com,Female,231.6.241.210
332,Booth,Zavattiero,bzavattiero97@noaa.gov,Male,61.140.60.106
333,Elbertina,Townsend,etownsend98@yelp.com,Female,56.99.115.236
334,Mamie,Allberry,mallberry99@usnews.com,Female,174.107.185.197
335,Lethia,Cahen,lcahen9a@timesonline.co.uk,Female,55.53.41.48
336,Enrika,Harses,eharses9b@ameblo.jp,Genderfluid,213.141.114.28
337,Isidore,MacAllister,imacallister9c@prlog.org,Male,197.208.103.29
338,Jobey,Stonebridge,jstonebridge9d@naver.com,Female,215.171.202.208
339,Ronny,Gudde,rgudde9e@canalblog.com,Female,239.140.225.243
340,Bertie,Penquet,bpenquet9f@wikia.com,Female,142.197.172.102
341,Sutherlan,Adame,sadame9g@marriott.com,Male,35.179.32.105
342,Teodoor,O'Leagham,toleagham9h@eepurl.com,Genderfluid,72.47.78.64
343,Diarmid,Labusquiere,dlabusquiere9i@google.ca,Male,90.61.153.206
344,Clemmy,Shooter,cshooter9j@noaa.gov,Male,130.40.248.90
345,Stewart,Aughton,saughton9k@reddit.com,Male,168.142.41.102
346,Morgan,Egglestone,megglestone9l@aboutads.info,Male,125.196.111.21
347,Berton,Palister,bpalister9m@nps.gov,Male,237.52.88.197
348,Cullie,De Hailes,cdehailes9n@about.me,Male,253.19.139.215
349,Stanislaw,Winnett,swinnett9o@delicious.com,Male,88.148.139.101
350,Miriam,Chesterman,mchesterman9p@amazon.com,Female,130.231.254.246
351,Giorgia,Eddicott,geddicott9q@census.gov,Female,159.106.78.43
352,Laurens,Bedome,lbedome9r@arizona.edu,Male,141.11.137.198
353,Joell,Featonby,jfeatonby9s@amazon.de,Female,234.73.216.223
354,Blake,Laugier,blaugier9t@squidoo.com,Male,156.101.148.214
355,Mirabel,Newbury,mnewbury9u@cocolog-nifty.com,Female,33.118.171.214
356,Temp,Jeff,tjeff9v@ocn.ne.jp,Male,152.60.164.56
357,Nari,Reichelt,nreichelt9w@arstechnica.com,Female,198.204.120.113
358,Alta,Cohani,acohani9x@infoseek.co.jp,Female,132.52.234.144
359,Jemimah,McRonald,jmcronald9y@dell.com,Female,95.183.215.182
360,Sheppard,Boorne,sboorne9z@sina.com.cn,Male,118.101.255.15
361,Gilemette,Alexander,galexandera0@scientificamerican.com,Female,241.185.130.167
362,Dyane,Ebertz,debertza1@indiegogo.com,Female,167.204.106.110
363,Dorri,Arrighetti,darrighettia2@ask.com,Female,195.151.68.33
364,Jsandye,Macy,jmacya3@merriam-webster.com,Female,53.184.66.197
365,York,Moutray Read,ymoutrayreada4@51.la,Male,57.155.121.232
366,Tammy,Goodrich,tgoodricha5@symantec.com,Female,145.96.208.171
367,Fernando,Causier,fcausiera6@reddit.com,Male,160.231.144.201
368,Northrop,Cusiter,ncusitera7@phpbb.com,Bigender,14.29.5.173
369,Dorice,Stairmond,dstairmonda8@europa.eu,Female,158.111.195.8
370,Georgetta,Kebbell,gkebbella9@jimdo.com,Agender,133.15.126.133
371,Francklyn,Braunfeld,fbraunfeldaa@gnu.org,Male,133.241.145.53
372,Alexander,Richichi,arichichiab@unblog.fr,Male,27.203.249.181
373,Claus,Du Plantier,cduplantierac@shop-pro.jp,Genderfluid,55.112.86.81
374,Joly,Balducci,jbalducciad@timesonline.co.uk,Female,46.43.83.62
375,Carrie,McGucken,cmcguckenae@1und1.de,Female,233.139.136.145
376,Orbadiah,Studman,ostudmanaf@omniture.com,Male,176.36.213.134
377,Gwendolen,Teers,gteersag@shinystat.com,Female,99.100.166.183
378,Hillier,Gouthier,hgouthierah@dot.gov,Male,6.97.75.37
379,Pietra,Bacchus,pbacchusai@github.com,Female,201.15.29.176
380,Alister,Denidge,adenidgeaj@dropbox.com,Male,236.206.56.1
381,Robinetta,Pammenter,rpammenterak@bloglovin.com,Female,216.218.77.169
382,Courtney,Elsay,celsayal@parallels.com,Male,33.96.205.101
383,Timotheus,Muff,tmuffam@home.pl,Male,70.241.88.210
384,Sileas,Hazeldene,shazeldenean@jalbum.net,Female,208.169.84.63
385,Eolande,Ivanchov,eivanchovao@forbes.com,Female,106.150.165.69
386,Tracie,Kleinmintz,tkleinmintzap@exblog.jp,Male,181.62.144.79
387,Benoit,Kohneke,bkohnekeaq@amazon.co.uk,Male,104.1.232.59
388,Georgeanne,Winchurst,gwinchurstar@ibm.com,Polygender,158.33.214.53
389,Robbi,Hurl,rhurlas@wufoo.com,Non-binary,248.207.152.103
390,Cecil,Celez,ccelezat@vistaprint.com,Male,91.140.139.175
391,Jakob,Launder,jlaunderau@sbwire.com,Male,211.89.49.91
392,Bella,Manston,bmanstonav@networkadvertising.org,Polygender,92.45.150.181
393,Abbe,Diego,adiegoaw@storify.com,Male,230.55.53.107
394,Clair,Bingham,cbinghamax@tuttocitta.it,Female,49.100.21.217
395,Pamela,Moulden,pmouldenay@meetup.com,Female,195.231.41.252
396,Mariele,Lawerence,mlawerenceaz@nasa.gov,Female,103.36.152.37
397,Deidre,Danielsson,ddanielssonb0@wikimedia.org,Female,28.28.248.40
398,Perle,Godon,pgodonb1@pinterest.com,Female,152.103.176.229
399,Patricio,Bedome,pbedomeb2@php.net,Male,145.88.55.75
400,Katee,Cluelow,kcluelowb3@blogger.com,Female,247.185.32.161
401,Izabel,Burnard,iburnardb4@hao123.com,Female,133.27.127.26
402,Jessalin,Bonhomme,jbonhommeb5@tamu.edu,Female,57.251.138.141
403,Elianora,Grishunin,egrishuninb6@cbslocal.com,Agender,118.142.29.10
404,Roderigo,Critten,rcrittenb7@miibeian.gov.cn,Male,84.248.66.56
405,Sheree,Antonnikov,santonnikovb8@pinterest.com,Female,218.207.153.230
406,Juieta,Gumm,jgummb9@multiply.com,Female,209.13.49.250
407,Bidget,Harle,bharleba@indiatimes.com,Female,229.186.211.185
408,Tybie,Marder,tmarderbb@people.com.cn,Female,181.233.129.47
409,Frank,Laroux,flarouxbc@youku.com,Female,173.172.205.171
410,Gregoire,McMurty,gmcmurtybd@skyrock.com,Non-binary,104.31.17.31
411,Rivkah,Ander,randerbe@trellian.com,Female,255.138.44.2
412,Kizzee,Whittier,kwhittierbf@youku.com,Female,194.79.30.190
413,Farand,Newrick,fnewrickbg@youtu.be,Female,244.148.230.20
414,Moise,Whetnall,mwhetnallbh@cam.ac.uk,Male,245.75.174.51
415,Kirstin,Biaggioni,kbiaggionibi@unblog.fr,Female,230.126.234.154
416,Efrem,Highway,ehighwaybj@wufoo.com,Male,165.150.107.239
417,Elston,Vesty,evestybk@goodreads.com,Male,101.195.118.35
418,Reggie,Roma,rromabl@nifty.com,Female,243.249.41.215
419,Abbot,Artis,aartisbm@gov.uk,Male,11.49.68.139
420,Nora,Weigh,nweighbn@vistaprint.com,Female,130.151.86.110
421,Florence,Garcia,fgarciabo@taobao.com,Female,28.74.239.134
422,Hamil,Bozward,hbozwardbp@wsj.com,Male,70.86.123.54
423,Torrence,Abeau,tabeaubq@ftc.gov,Male,179.197.190.59
424,Preston,Medler,pmedlerbr@businessweek.com,Male,145.107.66.254
425,Kariotta,Meikle,kmeiklebs@theglobeandmail.com,Female,229.21.69.85
426,Patten,Drinkale,pdrinkalebt@drupal.org,Male,248.197.231.48
427,Malissia,Losano,mlosanobu@alexa.com,Female,219.147.217.80
428,Lorena,Killshaw,lkillshawbv@un.org,Female,49.215.253.157
429,Nickolaus,Connachan,nconnachanbw@ning.com,Male,181.6.27.58
430,Fredric,Height,fheightbx@smh.com.au,Male,177.229.167.133
431,Natal,Harold,nharoldby@scientificamerican.com,Male,108.161.151.204
432,Raine,Callery,rcallerybz@usa.gov,Female,3.254.132.223
433,Arley,Batchelder,abatchelderc0@arizona.edu,Male,239.156.9.77
434,Sig,Connechy,sconnechyc1@typepad.com,Genderfluid,112.180.225.10
435,Melania,Stilgo,mstilgoc2@reference.com,Female,62.96.79.120
436,Kenyon,Burchard,kburchardc3@xinhuanet.com,Male,241.80.92.99
437,Lammond,Ferrettini,lferrettinic4@icq.com,Bigender,4.97.137.241
438,Wallis,Geerits,wgeeritsc5@chron.com,Male,124.33.83.37
439,Francesca,Alfonsetto,falfonsettoc6@yale.edu,Agender,120.99.212.224
440,Herta,Putson,hputsonc7@vistaprint.com,Female,208.234.184.116
441,Felicle,Fahrenbacher,ffahrenbacherc8@newyorker.com,Female,205.77.127.67
442,Neale,Essex,nessexc9@wiley.com,Male,34.188.63.151
443,Kai,M'Quhan,kmquhanca@artisteer.com,Female,25.235.180.240
444,Desi,Romanelli,dromanellicb@live.com,Male,116.194.115.189
445,Staford,Fey,sfeycc@jiathis.com,Male,111.154.47.240
446,Fulton,Fransson,ffranssoncd@dailymotion.com,Male,172.246.21.173
447,Che,Riggeard,criggeardce@nba.com,Male,34.247.130.151
448,Rainer,Wheadon,rwheadoncf@dagondesign.com,Male,179.183.195.109
449,Juan,Pingstone,jpingstonecg@tmall.com,Male,237.39.81.251
450,Finley,Twinbrow,ftwinbrowch@hibu.com,Male,22.47.252.13
451,Elmer,Dederich,edederichci@army.mil,Male,39.141.25.72
452,Vallie,Johnes,vjohnescj@wordpress.com,Female,113.243.113.168
453,Jaymie,Colgrave,jcolgraveck@europa.eu,Male,145.159.74.178
454,Merline,Mullally,mmullallycl@indiatimes.com,Female,204.128.38.110
455,Bridie,Stanmer,bstanmercm@discovery.com,Female,199.93.153.241
456,Inger,Jan,ijancn@phoca.cz,Male,75.66.251.122
457,Maggy,McClurg,mmcclurgco@jugem.jp,Female,241.53.217.109
458,Inessa,Lorraine,ilorrainecp@state.gov,Female,82.116.42.163
459,Adel,Martlew,amartlewcq@moonfruit.com,Female,110.84.153.190
460,Barnabas,Wrench,bwrenchcr@intel.com,Male,49.192.100.17
461,Colleen,MacFayden,cmacfaydencs@wiley.com,Female,221.82.35.62
462,Brittni,Delgadillo,bdelgadilloct@aboutads.info,Female,39.221.146.100
463,Stevena,Pynn,spynncu@china.com.cn,Female,225.32.131.195
464,Faustina,Decruse,fdecrusecv@reverbnation.com,Female,151.217.181.156
465,Kynthia,Perford,kperfordcw@blogspot.com,Female,91.27.20.94
466,Adair,Lyston,alystoncx@wsj.com,Male,7.118.38.91
467,Whitby,Lackmann,wlackmanncy@sciencedirect.com,Male,39.223.72.211
468,Tomas,Gaymer,tgaymercz@wikia.com,Male,0.106.52.28
469,Dyanne,McKeag,dmckeagd0@pinterest.com,Female,116.163.156.35
470,Katy,Shipp,kshippd1@studiopress.com,Genderqueer,147.212.102.120
471,Karalee,Boards,kboardsd2@youku.com,Female,236.183.101.7
472,Gill,Wheelwright,gwheelwrightd3@constantcontact.com,Male,62.201.106.94
473,Jocelin,Snewin,jsnewind4@unblog.fr,Female,28.67.190.110
474,Lorant,Quade,lquaded5@buzzfeed.com,Male,253.32.202.141
475,Godwin,Blenkensop,gblenkensopd6@usda.gov,Non-binary,157.103.197.164
476,Gert,Liversidge,gliversidged7@wikispaces.com,Female,45.148.43.253
477,Vale,Mussolini,vmussolinid8@apple.com,Male,15.245.105.174
478,Nari,Becerra,nbecerrad9@google.co.jp,Female,119.40.161.175
479,Ulrika,Keepe,ukeepeda@ihg.com,Bigender,142.201.123.8
480,Llywellyn,Bruno,lbrunodb@paginegialle.it,Male,136.104.176.246
481,Catlin,Kyteley,ckyteleydc@yelp.com,Female,28.207.14.109
482,Tiebold,Swinnerton,tswinnertondd@reference.com,Non-binary,32.228.164.182
483,Bartolemo,Indge,bindgede@acquirethisname.com,Male,19.62.11.37
484,Everett,Keeffe,ekeeffedf@shop-pro.jp,Male,15.114.26.245
485,Sid,Johncey,sjohnceydg@hp.com,Male,230.233.74.85
486,Antonie,Morcombe,amorcombedh@taobao.com,Female,35.144.199.61
487,Madge,Nolder,mnolderdi@yahoo.com,Female,39.206.37.171
488,Adore,Madoc-Jones,amadocjonesdj@army.mil,Polygender,150.46.180.201
489,Korey,O'dell,kodelldk@desdev.cn,Male,141.85.0.239
490,Garner,Mackstead,gmacksteaddl@msn.com,Male,77.79.196.66
491,Kattie,Crush,kcrushdm@bizjournals.com,Female,65.209.59.23
492,Sherm,Welband,swelbanddn@vinaora.com,Male,127.60.24.253
493,Uta,Dowden,udowdendo@berkeley.edu,Female,9.9.7.111
494,Roderick,Grenshiels,rgrenshielsdp@tripod.com,Male,80.123.16.216
495,Elinore,Reichhardt,ereichhardtdq@mayoclinic.com,Female,145.243.242.104
496,Melisse,Milazzo,mmilazzodr@nhs.uk,Female,95.93.91.77
497,Jobye,Dearing,jdearingds@devhub.com,Polygender,133.134.244.82
498,Jessie,Kryszka,jkryszkadt@bbb.org,Male,53.171.191.224
499,Sterne,Josefsson,sjosefssondu@desdev.cn,Male,227.167.103.23
500,Elise,Cratchley,ecratchleydv@stanford.edu,Genderfluid,43.123.126.82
501,Lesly,Lightwing,llightwingdw@ycombinator.com,Female,153.226.196.94
502,Della,Redley,dredleydx@biblegateway.com,Female,29.23.147.163
503,Tawnya,Bestwall,tbestwalldy@taobao.com,Female,101.235.139.159
504,Hildagard,Hoolaghan,hhoolaghandz@npr.org,Non-binary,162.117.153.245
505,Hewitt,Bernardeau,hbernardeaue0@uol.com.br,Bigender,194.97.103.230
506,Wally,Kemery,wkemerye1@edublogs.org,Male,7.0.206.39
507,Ritchie,Wloch,rwloche2@g.co,Male,42.210.37.232
508,Letitia,Weigh,lweighe3@mozilla.com,Female,157.97.152.87
509,Briana,Coulbeck,bcoulbecke4@constantcontact.com,Female,87.37.171.117
510,Yvette,Cortese,ycortesee5@yelp.com,Female,189.145.110.127
511,Orin,Hursthouse,ohursthousee6@go.com,Male,52.196.197.175
512,Kat,Sparwell,ksparwelle7@cmu.edu,Female,39.70.131.217
513,Drew,Maccrae,dmaccraee8@nymag.com,Male,200.143.30.88
514,Godiva,Finey,gfineye9@sun.com,Female,187.214.195.161
515,Patrizius,Reedman,preedmanea@ask.com,Male,230.14.195.103
516,Kerrie,Stetlye,kstetlyeeb@blogs.com,Female,9.122.16.26
517,Jena,Southwood,jsouthwoodec@bloglines.com,Female,4.36.85.97
518,Jeanne,Insworth,jinsworthed@blog.com,Female,217.44.192.120
519,Delphine,Noah,dnoahee@ucoz.com,Female,152.179.19.241
520,Bailie,Holdall,bholdallef@webeden.co.uk,Male,237.46.127.200
521,Gabbey,Agius,gagiuseg@altervista.org,Female,232.198.35.217
522,Ronda,Lerwill,rlerwilleh@gravatar.com,Female,129.233.221.241
523,Mella,Grzeszczyk,mgrzeszczykei@addtoany.com,Genderqueer,80.44.70.29
524,Huntington,Choppin,hchoppinej@columbia.edu,Male,127.148.251.172
525,Lorena,Falla,lfallaek@irs.gov,Female,42.142.165.105
526,Darby,Scholer,dscholerel@networkadvertising.org,Male,153.205.17.136
527,Arlena,Crighten,acrightenem@home.pl,Female,238.24.179.127
528,Magda,Imrie,mimrieen@dot.gov,Female,46.123.160.190
529,Filia,Winchurst,fwinchursteo@uol.com.br,Female,214.96.242.106
530,Aileen,Midden,amiddenep@hao123.com,Female,147.243.190.130
531,Holt,Turbat,hturbateq@berkeley.edu,Male,249.66.145.100
532,Steffie,Franken,sfrankener@wsj.com,Female,157.242.23.161
533,Gerek,Croxton,gcroxtones@webs.com,Male,38.170.115.115
534,Avrom,Lechmere,alechmereet@boston.com,Male,24.216.39.190
535,Angel,Pococke,apocockeeu@accuweather.com,Female,0.133.14.203
536,Gleda,Thomassen,gthomassenev@nifty.com,Female,13.153.108.214
537,Conny,Ricson,cricsonew@craigslist.org,Female,247.31.47.71
538,Justus,Hartland,jhartlandex@deviantart.com,Male,246.117.178.228
539,Mikaela,Lorand,mlorandey@blogtalkradio.com,Female,168.22.214.1
540,Neall,Josefsohn,njosefsohnez@time.com,Male,17.167.8.110
541,Rance,Ogg,roggf0@wix.com,Genderfluid,210.68.216.56
542,Fredelia,Bygott,fbygottf1@geocities.com,Female,64.122.154.54
543,Tristan,Cawkill,tcawkillf2@comsenz.com,Male,204.40.76.103
544,Tommie,Crock,tcrockf3@bluehost.com,Male,238.251.97.57
545,Adams,Mellanby,amellanbyf4@seesaa.net,Male,0.180.41.25
546,Ulysses,Diehn,udiehnf5@nymag.com,Male,255.112.228.131
547,Clemmie,Sambles,csamblesf6@delicious.com,Female,187.185.232.27
548,Dolf,Chaim,dchaimf7@accuweather.com,Male,55.124.7.51
549,Hedwig,Burton,hburtonf8@skype.com,Female,27.59.202.232
550,Wren,Wollen,wwollenf9@nyu.edu,Female,92.159.106.243
551,Yettie,Greson,ygresonfa@shop-pro.jp,Female,225.34.182.222
552,Romonda,Woosnam,rwoosnamfb@parallels.com,Non-binary,164.223.161.176
553,Branden,Chumley,bchumleyfc@tmall.com,Bigender,12.30.128.127
554,Lusa,Zucker,lzuckerfd@baidu.com,Female,8.205.139.173
555,Rustin,Whitehurst,rwhitehurstfe@tiny.cc,Genderqueer,231.246.184.48
556,Felicia,Ettritch,fettritchff@sourceforge.net,Female,79.245.17.162
557,Donnell,Kenrick,dkenrickfg@angelfire.com,Male,250.154.177.26
558,Allison,Pietrusiak,apietrusiakfh@smugmug.com,Female,105.61.185.1
559,Elvina,Frie,efriefi@microsoft.com,Bigender,103.49.73.250
560,Seumas,Hawarden,shawardenfj@msu.edu,Male,129.134.68.135
561,Wendell,Jikylls,wjikyllsfk@omniture.com,Male,128.124.38.5
562,Lesya,Gaggen,lgaggenfl@facebook.com,Female,62.115.242.51
563,Claudian,McIlvenna,cmcilvennafm@sogou.com,Male,184.200.72.106
564,Manuel,Cullinane,mcullinanefn@washingtonpost.com,Male,211.127.6.198
565,Violetta,Roffey,vroffeyfo@nsw.gov.au,Female,188.56.234.209
566,Hartley,Purveys,hpurveysfp@comcast.net,Male,216.205.247.56
567,Lois,Beardwood,lbeardwoodfq@auda.org.au,Female,85.150.142.117
568,Korrie,Featherbie,kfeatherbiefr@sohu.com,Female,52.126.4.127
569,Catie,Woof,cwooffs@pbs.org,Female,16.150.235.207
570,Caritta,Stones,cstonesft@infoseek.co.jp,Female,158.121.193.100
571,Silvain,Sego,ssegofu@businessinsider.com,Male,63.17.89.135
572,Arabelle,Vinnicombe,avinnicombefv@hostgator.com,Female,166.135.24.186
573,Nicolette,Greatex,ngreatexfw@123-reg.co.uk,Female,36.194.118.34
574,Alexander,Posthill,aposthillfx@ft.com,Male,35.237.115.140
575,Guinevere,Lemonnier,glemonnierfy@artisteer.com,Female,147.245.109.39
576,Jolie,Studman,jstudmanfz@tripadvisor.com,Female,95.35.239.32
577,Niels,Bezarra,nbezarrag0@webeden.co.uk,Male,206.1.92.219
578,Benedick,Hendron,bhendrong1@answers.com,Male,16.147.128.65
579,Nora,Rauprich,nrauprichg2@npr.org,Female,245.43.140.178
580,Celie,Brimblecomb,cbrimblecombg3@tinypic.com,Female,122.187.77.48
581,Gusta,Cardno,gcardnog4@infoseek.co.jp,Female,200.17.140.24
582,Berenice,Glancy,bglancyg5@ycombinator.com,Female,133.175.78.78
583,Errick,Rapelli,erapellig6@independent.co.uk,Male,139.70.4.31
584,Zsazsa,Lebang,zlebangg7@hibu.com,Female,119.49.172.223
585,Hirsch,Pactat,hpactatg8@ft.com,Male,52.24.226.144
586,Peria,Gowan,pgowang9@unicef.org,Female,155.187.150.155
587,Ezequiel,Blampied,eblampiedga@jigsy.com,Male,25.137.55.184
588,Theo,Lundberg,tlundberggb@ycombinator.com,Female,177.73.97.177
589,Filip,Bartolomieu,fbartolomieugc@nba.com,Male,213.236.26.238
590,Olwen,Kincey,okinceygd@narod.ru,Female,110.62.201.60
591,Kiley,Killigrew,kkilligrewge@who.int,Male,164.146.1.219
592,Lincoln,Giovannardi,lgiovannardigf@berkeley.edu,Male,105.148.238.69
593,Christos,Rudkin,crudkingg@statcounter.com,Male,62.18.30.7
594,Auberta,Borsi,aborsigh@chronoengine.com,Female,29.36.90.127
595,Sully,Tersay,stersaygi@sakura.ne.jp,Male,150.251.83.138
596,Ellsworth,Raecroft,eraecroftgj@nasa.gov,Male,82.39.85.238
597,Brinna,Finder,bfindergk@ucoz.com,Female,220.133.210.15
598,Caroljean,Pepye,cpepyegl@ifeng.com,Female,188.253.191.17
599,Sylas,Macro,smacrogm@yandex.ru,Male,175.89.66.77
600,Dorine,Van Niekerk,dvanniekerkgn@nyu.edu,Female,57.115.186.225
601,Jojo,Elph,jelphgo@hostgator.com,Female,249.250.36.117
602,Burke,Stillert,bstillertgp@surveymonkey.com,Male,240.100.39.246
603,Dianemarie,Clack,dclackgq@harvard.edu,Female,62.59.17.159
604,Kiley,Edgeley,kedgeleygr@nationalgeographic.com,Male,12.212.34.26
605,Johnette,Ruby,jrubygs@jiathis.com,Bigender,68.18.23.114
606,Griz,Dykas,gdykasgt@sitemeter.com,Male,0.41.73.39
607,Atlanta,Semechik,asemechikgu@tuttocitta.it,Agender,33.79.251.236
608,Wes,Jerwood,wjerwoodgv@ow.ly,Male,132.254.177.192
609,Jannelle,Iacobo,jiacobogw@artisteer.com,Female,255.107.70.5
610,Maddy,Grumble,mgrumblegx@netvibes.com,Bigender,198.230.54.51
611,Giffard,Romagnosi,gromagnosigy@vkontakte.ru,Male,25.121.198.19
612,Karissa,Sharpe,ksharpegz@about.com,Female,167.135.54.200
613,Krystalle,Matuszewski,kmatuszewskih0@studiopress.com,Female,75.185.123.119
614,Rosabelle,Stegers,rstegersh1@ucsd.edu,Female,70.218.220.118
615,Deny,Corteis,dcorteish2@rediff.com,Female,179.170.184.182
616,Denyse,Togher,dtogherh3@biglobe.ne.jp,Female,40.186.228.142
617,Haven,Riste,hristeh4@cdbaby.com,Male,40.254.123.48
618,Madlen,Fairpo,mfairpoh5@sciencedirect.com,Female,100.231.195.76
619,Eduardo,Izacenko,eizacenkoh6@scientificamerican.com,Male,171.43.142.141
620,Gustie,Petschelt,gpetschelth7@pinterest.com,Female,33.229.129.0
621,Zared,Vicary,zvicaryh8@google.cn,Male,87.216.80.13
622,Agnola,Conduit,aconduith9@fastcompany.com,Female,178.153.75.213
623,Tomasina,Carlan,tcarlanha@github.io,Female,28.178.56.122
624,Holli,Petruk,hpetrukhb@clickbank.net,Female,26.13.21.26
625,Bell,Kairns,bkairnshc@mozilla.com,Female,182.39.6.191
626,Cybill,Sergison,csergisonhd@aol.com,Genderqueer,108.99.47.244
627,Aron,Garlicke,agarlickehe@nih.gov,Male,145.44.222.190
628,Davida,Thornewell,dthornewellhf@yahoo.com,Female,172.236.89.164
629,Shay,Blaydes,sblaydeshg@tinyurl.com,Male,67.96.225.52
630,Melonie,Osbaldeston,mosbaldestonhh@rakuten.co.jp,Female,16.152.20.20
631,Bobbi,Zamorrano,bzamorranohi@bluehost.com,Female,35.141.186.219
632,Berke,Hogbin,bhogbinhj@php.net,Male,208.59.77.149
633,Herculie,Bottoner,hbottonerhk@arizona.edu,Male,132.187.10.50
634,Dagmar,Pantin,dpantinhl@jiathis.com,Female,159.56.167.197
635,Llywellyn,Mumbeson,lmumbesonhm@paginegialle.it,Male,115.218.189.96
636,Fairleigh,Benettelli,fbenettellihn@blogs.com,Male,247.130.140.51
637,Merry,Spillane,mspillaneho@cargocollective.com,Male,201.25.210.201
638,Sheryl,Blamey,sblameyhp@google.co.uk,Female,166.144.65.184
639,Guenna,Karolowski,gkarolowskihq@opera.com,Female,196.172.5.204
640,Katina,Kleinsmuntz,kkleinsmuntzhr@bluehost.com,Female,30.69.223.120
641,Mirella,Cossons,mcossonshs@wired.com,Female,152.123.188.202
642,Rafaellle,Groll,rgrollht@stanford.edu,Male,118.77.141.69
643,Ximenes,Blankhorn,xblankhornhu@homestead.com,Male,47.16.233.119
644,Nigel,Sheerin,nsheerinhv@sciencedaily.com,Male,99.166.120.173
645,Leonardo,Tregenza,ltregenzahw@time.com,Male,60.204.8.236
646,Tandi,Rangell,trangellhx@oakley.com,Female,167.251.181.198
647,Farra,Mettericke,fmetterickehy@npr.org,Female,203.123.32.8
648,Earvin,Challice,echallicehz@sourceforge.net,Male,70.19.178.79
649,Arielle,Bleaden,ableadeni0@dailymail.co.uk,Female,148.154.166.255
650,Alyce,Halegarth,ahalegarthi1@google.com,Female,200.196.100.19
651,Ryan,Hollier,rhollieri2@usda.gov,Male,203.50.191.64
652,Lenee,Hixley,lhixleyi3@go.com,Female,213.131.74.125
653,Kellen,Sturgess,ksturgessi4@nba.com,Female,89.88.220.128
654,Griselda,Derle,gderlei5@pen.io,Female,166.83.1.85
655,Levey,Grinaway,lgrinawayi6@guardian.co.uk,Male,215.117.203.169
656,Melisent,Layburn,mlayburni7@netscape.com,Female,228.167.61.19
657,Wyn,Winterburn,wwinterburni8@theglobeandmail.com,Male,21.94.141.159
658,Kristin,Gorler,kgorleri9@posterous.com,Female,51.114.202.61
659,Daisi,Brownrigg,dbrownriggia@miibeian.gov.cn,Female,32.83.227.177
660,Angus,Roke,arokeib@networkadvertising.org,Male,110.210.100.112
661,Oralla,Foxton,ofoxtonic@google.co.jp,Female,107.91.162.82
662,Lynnett,Thorald,lthoraldid@forbes.com,Female,14.1.225.1
663,Gertruda,Lyne,glyneie@networkadvertising.org,Female,81.99.166.249
664,Merrill,Graveston,mgravestonif@rediff.com,Female,42.110.212.168
665,Burch,Silmon,bsilmonig@cyberchimps.com,Polygender,21.214.244.120
666,Magda,Mauro,mmauroih@state.gov,Female,102.251.135.28
667,Ulick,Knapman,uknapmanii@networkadvertising.org,Male,67.10.34.174
668,Kaye,Robroe,krobroeij@amazonaws.com,Female,247.211.91.219
669,Sile,Cristofol,scristofolik@ow.ly,Female,43.79.172.82
670,Laure,Bartocci,lbartocciil@mail.ru,Female,79.207.83.15
671,Mureil,Schuler,mschulerim@tamu.edu,Female,223.179.73.79
672,Rocky,Patman,rpatmanin@adobe.com,Male,90.59.104.237
673,Timi,Kings,tkingsio@booking.com,Female,119.33.125.32
674,Vincent,Iveagh,viveaghip@stumbleupon.com,Male,13.19.107.179
675,Kerk,Curlis,kcurlisiq@biglobe.ne.jp,Male,193.83.200.218
676,Reyna,Foxall,rfoxallir@dell.com,Female,141.117.95.123
677,Thorndike,Roadknight,troadknightis@yolasite.com,Male,113.194.108.181
678,Cleon,Cashman,ccashmanit@uol.com.br,Male,165.8.18.127
679,Gwen,Stowell,gstowelliu@netscape.com,Female,14.170.184.41
680,Carmina,Ely,celyiv@ucla.edu,Female,252.210.87.66
681,Dody,Coules,dcoulesiw@wikipedia.org,Female,56.36.57.47
682,Kettie,Sawter,ksawterix@google.fr,Female,140.102.220.11
683,Candida,Zannotelli,czannotelliiy@ted.com,Female,176.34.207.194
684,Mohandas,Kenninghan,mkenninghaniz@friendfeed.com,Male,51.200.23.23
685,Hynda,Nother,hnotherj0@t.co,Female,151.249.65.124
686,Gus,Jedrzaszkiewicz,gjedrzaszkiewiczj1@devhub.com,Bigender,166.118.196.137
687,Buck,Tatford,btatfordj2@behance.net,Male,178.200.84.205
688,Mordecai,Hartridge,mhartridgej3@mail.ru,Male,49.47.186.198
689,Cosimo,Tinn,ctinnj4@hubpages.com,Male,165.142.135.57
690,Felicio,Rough,froughj5@etsy.com,Male,0.248.160.23
691,Arlee,Cranston,acranstonj6@t-online.de,Female,107.62.38.195
692,Noni,Gley,ngleyj7@mediafire.com,Female,69.146.253.23
693,Hermy,Eddicott,heddicottj8@tamu.edu,Male,86.183.92.137
694,Carilyn,Poyzer,cpoyzerj9@ning.com,Female,160.72.236.176
695,Ianthe,De Biasi,idebiasija@ucsd.edu,Female,224.139.148.135
696,Alane,Halle,ahallejb@marketwatch.com,Female,100.10.175.119
697,Ronnie,Dutson,rdutsonjc@japanpost.jp,Male,153.51.78.233
698,Delainey,Sall,dsalljd@geocities.com,Male,71.224.223.77
699,Colette,Jacke,cjackeje@w3.org,Female,31.9.127.211
700,Alessandro,Whitaker,awhitakerjf@state.tx.us,Male,177.42.198.147
701,Brig,Kenningley,bkenningleyjg@oaic.gov.au,Male,239.147.96.89
702,Lazar,Bastiman,lbastimanjh@unc.edu,Male,159.171.238.55
703,Trescha,Jorden,tjordenji@washington.edu,Female,212.247.229.250
704,Adda,Wellsman,awellsmanjj@quantcast.com,Female,210.219.92.199
705,Denys,Shawyer,dshawyerjk@nymag.com,Male,199.49.252.247
706,Guthry,Elan,gelanjl@state.gov,Male,200.237.113.201
707,Estele,Gariff,egariffjm@nytimes.com,Female,156.254.243.117
708,Marna,Hill,mhilljn@creativecommons.org,Female,192.57.86.205
709,Salomi,Haggard,shaggardjo@nhs.uk,Female,222.149.160.167
710,Tess,Flemming,tflemmingjp@tripadvisor.com,Female,18.54.155.24
711,Reginauld,Devo,rdevojq@domainmarket.com,Male,250.140.131.89
712,Quincy,Rosebotham,qrosebothamjr@wikipedia.org,Genderqueer,70.104.148.114
713,Cathy,Savill,csavilljs@4shared.com,Female,87.19.96.173
714,Christophe,Shepherd,cshepherdjt@stumbleupon.com,Male,99.189.67.113
715,Husein,Shilito,hshilitoju@yandex.ru,Male,129.238.140.255
716,Shepperd,Blue,sbluejv@harvard.edu,Male,211.151.172.3
717,Yorke,Crimpe,ycrimpejw@ft.com,Male,121.21.29.1
718,Austin,Bingell,abingelljx@ning.com,Male,71.239.60.84
719,Dorey,Pettingill,dpettingilljy@simplemachines.org,Male,116.123.93.195
720,Babette,Jodkowski,bjodkowskijz@pagesperso-orange.fr,Female,161.27.95.203
721,Consalve,Hardin,chardink0@disqus.com,Male,43.25.126.132
722,Denis,Livett,dlivettk1@reddit.com,Bigender,188.71.113.23
723,Adelaide,Pegg,apeggk2@nifty.com,Female,233.199.237.3
724,Sterne,Kubica,skubicak3@buzzfeed.com,Male,214.72.217.211
725,Gabbie,Eam,geamk4@cnet.com,Female,134.185.128.74
726,Candie,Rodrigues,crodriguesk5@comsenz.com,Female,218.18.74.18
727,Gavrielle,Dent,gdentk6@mashable.com,Female,102.110.82.242
728,Amargo,Shivlin,ashivlink7@wikia.com,Genderqueer,197.59.82.57
729,Kylynn,Beadman,kbeadmank8@archive.org,Female,220.62.10.185
730,Miranda,Talman,mtalmank9@jalbum.net,Female,100.190.124.188
731,Greg,Widocks,gwidockska@linkedin.com,Male,90.60.200.212
732,Diena,De Micoli,ddemicolikb@cam.ac.uk,Female,168.179.114.120
733,Mabelle,MacGovern,mmacgovernkc@stanford.edu,Female,198.19.177.31
734,Sawyer,Wallach,swallachkd@hud.gov,Male,37.173.28.176
735,Sibley,Giraldon,sgiraldonke@mediafire.com,Female,61.188.115.198
736,Darb,Plum,dplumkf@mashable.com,Male,65.185.133.41
737,Herb,Jarman,hjarmankg@pcworld.com,Male,198.228.190.80
738,Herbert,Beeson,hbeesonkh@google.fr,Male,186.114.152.186
739,Rollin,Jobe,rjobeki@printfriendly.com,Male,58.133.46.4
740,Linda,Earngy,learngykj@webeden.co.uk,Female,212.139.2.247
741,Sol,Gowthrop,sgowthropkk@cdc.gov,Male,190.52.168.221
742,Dolf,Puttick,dputtickkl@taobao.com,Bigender,195.50.35.79
743,Even,Crawshaw,ecrawshawkm@ucoz.com,Genderfluid,235.107.250.123
744,Aldin,Foucher,afoucherkn@theatlantic.com,Male,107.251.227.154
745,Sayre,Patsall,spatsallko@yahoo.com,Male,140.105.135.135
746,Drucie,Gillyett,dgillyettkp@odnoklassniki.ru,Female,187.3.205.51
747,Willetta,Simonich,wsimonichkq@cloudflare.com,Female,119.170.63.113
748,Ogdon,Allonby,oallonbykr@soundcloud.com,Male,178.51.119.148
749,Alford,Kidman,akidmanks@wisc.edu,Male,46.24.18.203
750,Pepita,Chesterton,pchestertonkt@ow.ly,Female,80.49.77.23
751,Joellen,Kuhn,jkuhnku@aboutads.info,Female,200.86.15.32
752,Lacey,Bertram,lbertramkv@squarespace.com,Non-binary,139.180.101.118
753,Magdalene,Janoch,mjanochkw@yolasite.com,Female,249.22.225.217
754,Dorian,Darlington,ddarlingtonkx@springer.com,Male,209.191.242.19
755,Virginie,Picton,vpictonky@vkontakte.ru,Polygender,78.94.21.124
756,Roger,Pawle,rpawlekz@apache.org,Male,22.111.218.220
757,Dorelle,Lanfear,dlanfearl0@nydailynews.com,Female,243.66.55.242
758,Daloris,Pleat,dpleatl1@scientificamerican.com,Female,5.202.141.128
759,Joachim,Jon,jjonl2@va.gov,Male,95.177.252.85
760,Shirline,Gateman,sgatemanl3@weather.com,Female,147.223.79.234
761,Samson,Moring,smoringl4@bloomberg.com,Male,131.171.228.174
762,Bram,Maxwaile,bmaxwailel5@gnu.org,Male,84.234.220.238
763,Maure,Labbe,mlabbel6@unicef.org,Female,115.73.246.140
764,Lynn,Zmitrovich,lzmitrovichl7@va.gov,Female,65.156.110.206
765,Agnese,Dundendale,adundendalel8@ameblo.jp,Female,152.36.156.20
766,Etheline,Pyser,epyserl9@goo.ne.jp,Female,97.227.229.187
767,Bronny,Ricks,bricksla@umn.edu,Male,78.72.59.240
768,Harmony,Royce,hroycelb@woothemes.com,Female,70.184.71.74
769,Josephine,Kures,jkureslc@oracle.com,Female,158.151.105.57
770,Anica,Sibson,asibsonld@adobe.com,Female,125.99.202.187
771,Malissa,Ingleby,minglebyle@ihg.com,Female,103.103.15.69
772,Bartie,McChruiter,bmcchruiterlf@adobe.com,Male,49.26.218.94
773,Delora,Zealander,dzealanderlg@ucsd.edu,Female,13.203.172.2
774,Anetta,Pillans,apillanslh@berkeley.edu,Female,106.132.159.198
775,Electra,Elkin,eelkinli@guardian.co.uk,Female,162.27.213.215
776,Huey,Varden,hvardenlj@accuweather.com,Male,50.240.4.88
777,Cora,Sabathier,csabathierlk@google.nl,Female,92.36.85.212
778,Josi,Wreiford,jwreifordll@surveymonkey.com,Female,105.35.71.158
779,Urbanus,Stannah,ustannahlm@digg.com,Male,188.17.172.101
780,Blanche,MacCaig,bmaccaigln@craigslist.org,Bigender,65.192.206.228
781,Issiah,Conrard,iconrardlo@prweb.com,Male,164.34.156.118
782,Arlin,Pessel,apessellp@marriott.com,Male,87.73.214.36
783,Tim,Radbone,tradbonelq@wordpress.com,Bigender,13.3.82.199
784,Nestor,Delgardillo,ndelgardillolr@yahoo.com,Male,10.239.120.129
785,Marylou,Lendrem,mlendremls@deviantart.com,Agender,22.173.159.133
786,Hobey,Ashington,hashingtonlt@icio.us,Genderfluid,37.191.58.83
787,Bert,Cattrell,bcattrelllu@nps.gov,Male,245.191.207.129
788,Westbrooke,Clynter,wclynterlv@msu.edu,Male,90.246.243.63
789,Norene,Goaley,ngoaleylw@omniture.com,Female,123.19.234.78
790,Lisha,Feasby,lfeasbylx@mediafire.com,Female,188.239.139.100
791,Elmer,Couldwell,ecouldwellly@ustream.tv,Male,99.47.68.76
792,Austina,Reef,areeflz@cloudflare.com,Female,215.164.106.8
793,Brunhilde,Clempton,bclemptonm0@geocities.jp,Female,1.92.82.90
794,Trisha,Braunle,tbraunlem1@comcast.net,Bigender,15.3.212.99
795,Yettie,Hopfner,yhopfnerm2@redcross.org,Female,10.10.99.8
796,Krysta,Lyles,klylesm3@cpanel.net,Female,91.39.115.23
797,Chance,Regler,creglerm4@etsy.com,Male,75.95.48.208
798,Phebe,Lehmann,plehmannm5@wp.com,Female,193.162.72.14
799,Karia,Rouchy,krouchym6@cpanel.net,Female,216.186.8.114
800,Mano,Sommerlie,msommerliem7@va.gov,Male,80.235.186.65
801,Agustin,Stickford,astickfordm8@bravesites.com,Male,233.161.212.246
802,Hyman,Southon,hsouthonm9@gravatar.com,Male,217.250.42.40
803,Sigismund,Gillebride,sgillebridema@diigo.com,Male,124.199.187.123
804,Rinaldo,Handrik,rhandrikmb@behance.net,Male,219.11.65.220
805,Lars,Sodeau,lsodeaumc@sfgate.com,Male,212.31.104.151
806,Fidel,Banthorpe,fbanthorpemd@java.com,Male,41.132.30.147
807,Krystal,Hannan,khannanme@myspace.com,Female,215.189.137.47
808,Betti,Copas,bcopasmf@unblog.fr,Female,235.1.70.253
809,Cathryn,Chardin,cchardinmg@xinhuanet.com,Female,50.91.202.121
810,Rita,Strase,rstrasemh@berkeley.edu,Female,233.120.159.253
811,Hettie,Ivashin,hivashinmi@aol.com,Female,195.239.230.231
812,Hallsy,Strotone,hstrotonemj@ted.com,Male,236.69.234.62
813,Dov,Russi,drussimk@google.ru,Male,30.220.126.0
814,Lindy,Rispen,lrispenml@lulu.com,Female,223.22.36.33
815,Thatch,Terbrugge,tterbruggemm@berkeley.edu,Male,45.115.234.168
816,Staford,Simmers,ssimmersmn@globo.com,Male,22.119.231.193
817,Kinna,Janek,kjanekmo@themeforest.net,Female,6.237.238.3
818,Doria,Wilderspoon,dwilderspoonmp@twitter.com,Female,114.73.101.45
819,Millicent,Lewty,mlewtymq@goodreads.com,Female,106.2.70.239
820,Laurie,McFadzean,lmcfadzeanmr@vistaprint.com,Female,250.78.141.57
821,Carly,Aslett,caslettms@newyorker.com,Female,162.78.250.190
822,Cherri,Roddick,croddickmt@epa.gov,Female,240.145.41.42
823,Collie,Seaward,cseawardmu@fema.gov,Female,9.63.186.66
824,Tally,Darnody,tdarnodymv@addtoany.com,Female,187.9.8.124
825,Alvis,Nowakowska,anowakowskamw@myspace.com,Male,78.202.234.16
826,Janka,Huguet,jhuguetmx@multiply.com,Female,101.201.108.11
827,Moses,Robak,mrobakmy@drupal.org,Male,207.85.139.65
828,Niels,Knibbs,nknibbsmz@dell.com,Male,91.112.123.203
829,Rani,Bernardino,rbernardinon0@hhs.gov,Female,104.7.216.29
830,Jonie,Petrenko,jpetrenkon1@blogtalkradio.com,Female,49.141.8.57
831,Nehemiah,Kunath,nkunathn2@163.com,Male,107.66.53.48
832,Torrance,Hastwall,thastwalln3@dot.gov,Non-binary,216.210.105.217
833,Benoit,Thorneywork,bthorneyworkn4@thetimes.co.uk,Male,131.136.237.255
834,Amaleta,Yoseloff,ayoseloffn5@google.it,Female,139.194.88.157
835,Elysha,Humphery,ehumpheryn6@vinaora.com,Female,216.88.11.16
836,Agretha,Chellam,achellamn7@yale.edu,Female,215.72.220.210
837,Lucius,Aindriu,laindriun8@mit.edu,Male,23.41.60.46
838,Mychal,Earthfield,mearthfieldn9@slashdot.org,Male,51.196.87.217
839,Obediah,Wigglesworth,owigglesworthna@moonfruit.com,Male,21.2.191.34
840,Niles,Pallis,npallisnb@t.co,Male,89.227.160.229
841,Gifford,Shervington,gshervingtonnc@surveymonkey.com,Male,207.212.111.108
842,Enrika,Kinane,ekinanend@tamu.edu,Female,129.147.24.244
843,Shani,Tavernor,stavernorne@jalbum.net,Female,1.21.71.50
844,Alanah,Blazy,ablazynf@comcast.net,Female,248.66.17.101
845,Lutero,Pauletto,lpaulettong@sbwire.com,Male,106.166.108.75
846,Jada,Goodbourn,jgoodbournnh@acquirethisname.com,Female,148.116.222.169
847,Tiebout,Grishechkin,tgrishechkinni@cmu.edu,Male,228.104.212.161
848,Tyne,Caudle,tcaudlenj@pcworld.com,Female,20.178.68.6
849,Eadith,Blackey,eblackeynk@nyu.edu,Female,206.8.250.129
850,Fredericka,Leavesley,fleavesleynl@npr.org,Non-binary,212.88.77.155
851,Delmore,Itzkovitch,ditzkovitchnm@icio.us,Male,76.237.104.180
852,Sinclair,Wenman,swenmannn@pagesperso-orange.fr,Polygender,152.70.174.47
853,Maudie,Bener,mbenerno@baidu.com,Female,15.149.36.48
854,Woodrow,Duckit,wduckitnp@friendfeed.com,Male,213.100.173.197
855,Gretel,Lethley,glethleynq@ucoz.com,Female,142.76.226.159
856,Goddard,Lumsdon,glumsdonnr@chronoengine.com,Male,50.244.165.203
857,Meyer,Weatherley,mweatherleyns@moonfruit.com,Male,63.138.119.191
858,Iain,Theakston,itheakstonnt@arizona.edu,Male,124.35.1.192
859,Allina,Lockett,alockettnu@usda.gov,Female,124.96.245.114
860,Stillman,Keighley,skeighleynv@slate.com,Male,55.169.205.45
861,Conrado,Broadis,cbroadisnw@gizmodo.com,Male,148.213.96.187
862,Marita,Giacomasso,mgiacomassonx@cdc.gov,Female,105.195.103.172
863,Marti,Longbottom,mlongbottomny@lulu.com,Female,198.16.106.155
864,Gunther,Rigby,grigbynz@shareasale.com,Non-binary,9.87.65.39
865,Jaclyn,Larn,jlarno0@usgs.gov,Female,130.145.208.217
866,Jonathon,Audrey,jaudreyo1@npr.org,Male,180.164.16.185
867,Minda,Litchmore,mlitchmoreo2@hostgator.com,Female,167.156.52.16
868,Edsel,Gebby,egebbyo3@wordpress.com,Male,56.158.157.223
869,Donall,Scotter,dscottero4@51.la,Male,228.105.225.62
870,Payton,Dampier,pdampiero5@google.cn,Male,178.124.187.220
871,Emelina,Winfred,ewinfredo6@alexa.com,Female,133.236.92.15
872,Alleen,Oakton,aoaktono7@flickr.com,Female,228.137.58.71
873,Eula,Toner,etonero8@goo.gl,Female,35.36.29.24
874,Burt,Prose,bproseo9@simplemachines.org,Male,3.155.0.19
875,Ansley,Lamburn,alamburnoa@ucoz.com,Female,65.20.187.116
876,Blondy,Wawer,bwawerob@bbc.co.uk,Female,49.63.190.209
877,Jeni,Caines,jcainesoc@imgur.com,Female,16.180.92.76
878,Dela,Mcimmie,dmcimmieod@vimeo.com,Female,234.201.100.230
879,Verge,Riseborough,vriseboroughoe@ameblo.jp,Bigender,29.91.53.67
880,Tabb,Ruane,truaneof@foxnews.com,Male,49.141.237.166
881,Amata,Iacovone,aiacovoneog@yellowpages.com,Female,116.161.15.202
882,Alvinia,Gillett,agillettoh@wikia.com,Female,35.232.0.201
883,Josh,Redemile,jredemileoi@hhs.gov,Male,59.167.174.100
884,Rudie,Goodge,rgoodgeoj@last.fm,Male,152.251.142.130
885,Felice,Jirak,fjirakok@nifty.com,Non-binary,32.124.190.188
886,Lisbeth,Tidcombe,ltidcombeol@networkadvertising.org,Female,237.33.70.167
887,Editha,Dagworthy,edagworthyom@answers.com,Female,164.149.10.96
888,Ryan,Ravel,rravelon@nsw.gov.au,Male,186.235.182.225
889,Lorant,Gabbitis,lgabbitisoo@chronoengine.com,Male,240.163.22.184
890,Nikkie,Clifton,ncliftonop@biblegateway.com,Female,211.14.106.146
891,Nicol,Hawker,nhawkeroq@wunderground.com,Female,198.11.244.22
892,Van,Severy,vseveryor@wix.com,Male,88.54.28.184
893,Bernardina,Hickford,bhickfordos@apache.org,Female,49.226.97.71
894,Nisse,Rames,nramesot@bloomberg.com,Female,176.30.106.156
895,Ernest,Nelius,eneliusou@mit.edu,Male,185.144.147.167
896,Andra,Fosh,afoshov@icio.us,Female,210.6.211.143
897,Lon,Laughlin,llaughlinow@auda.org.au,Bigender,66.246.79.200
898,Morgana,Barents,mbarentsox@devhub.com,Female,180.196.220.111
899,Leisha,McEwen,lmcewenoy@msu.edu,Female,69.237.168.6
900,Rois,Maccaddie,rmaccaddieoz@phpbb.com,Female,142.26.152.132
901,Dominic,Ellesworth,dellesworthp0@nsw.gov.au,Male,255.117.198.23
902,Torry,Domegan,tdomeganp1@indiegogo.com,Male,250.136.74.25
903,Oswald,Verden,overdenp2@google.es,Male,111.46.1.4
904,Katina,Milland,kmillandp3@ox.ac.uk,Female,223.213.15.47
905,Junina,Clymer,jclymerp4@wisc.edu,Female,17.64.196.2
906,Gilly,Sinfield,gsinfieldp5@ftc.gov,Female,55.154.218.78
907,Teriann,De Bernardi,tdebernardip6@msn.com,Female,89.195.113.59
908,Shelton,Jarrard,sjarrardp7@facebook.com,Male,62.2.232.213
909,Viviene,Glenister,vglenisterp8@mediafire.com,Female,149.152.114.152
910,Townie,Casserly,tcasserlyp9@hostgator.com,Male,142.187.215.71
911,Lorrie,Beckley,lbeckleypa@yandex.ru,Male,160.175.229.237
912,Ford,De Michetti,fdemichettipb@admin.ch,Male,156.236.221.210
913,Merwyn,Diamond,mdiamondpc@springer.com,Male,110.6.127.52
914,Milty,Bisterfeld,mbisterfeldpd@123-reg.co.uk,Male,254.98.36.15
915,Geraldine,Amott,gamottpe@geocities.jp,Female,67.181.180.159
916,Domenic,Sutherns,dsuthernspf@icio.us,Male,125.122.238.61
917,Gardy,Kettleson,gkettlesonpg@ucoz.com,Male,142.90.112.39
918,Mahmud,Edson,medsonph@123-reg.co.uk,Male,145.151.2.33
919,Ganny,Skerm,gskermpi@furl.net,Male,180.230.103.194
920,Byrom,Alger,balgerpj@china.com.cn,Male,216.98.209.252
921,Nixie,Lydiate,nlydiatepk@shop-pro.jp,Female,30.147.148.19
922,Clemmie,Beazer,cbeazerpl@mit.edu,Agender,240.4.245.118
923,Inglis,Woodroofe,iwoodroofepm@privacy.gov.au,Male,86.225.144.233
924,Hi,Sumbler,hsumblerpn@infoseek.co.jp,Polygender,247.243.209.22
925,Bartholomeus,Kopp,bkopppo@google.ca,Male,75.146.86.17
926,Renee,Wildblood,rwildbloodpp@topsy.com,Female,96.13.95.208
927,Burch,Howick,bhowickpq@360.cn,Polygender,34.104.196.212
928,Odey,Abbett,oabbettpr@guardian.co.uk,Male,199.33.166.211
929,Cort,Dillinger,cdillingerps@jigsy.com,Male,228.70.131.127
930,Georgena,Emmet,gemmetpt@tiny.cc,Female,184.172.209.202
931,Delaney,Sawrey,dsawreypu@japanpost.jp,Male,47.214.176.106
932,Tani,Geibel,tgeibelpv@feedburner.com,Polygender,167.228.248.2
933,Krystalle,McGrayle,kmcgraylepw@globo.com,Female,121.47.250.237
934,Wynne,Allon,wallonpx@reference.com,Female,71.197.199.232
935,Gusta,Kingsnode,gkingsnodepy@bandcamp.com,Female,14.220.122.124
936,Aloise,McWilliam,amcwilliampz@goo.ne.jp,Female,26.17.188.90
937,Leona,Repp,lreppq0@nydailynews.com,Female,140.66.35.86
938,Daron,Tidman,dtidmanq1@marketwatch.com,Female,129.117.43.8
939,Thorvald,Ragles,traglesq2@mac.com,Male,87.129.146.19
940,Yvette,Monkhouse,ymonkhouseq3@answers.com,Female,253.124.142.101
941,Myca,Dorkens,mdorkensq4@dot.gov,Bigender,220.73.94.232
942,Meggie,Huffer,mhufferq5@rediff.com,Female,151.4.143.192
943,Georgena,Stedmond,gstedmondq6@amazon.com,Female,21.174.246.236
944,Angela,Haycroft,ahaycroftq7@dyndns.org,Genderfluid,63.121.178.24
945,Cece,Gostling,cgostlingq8@ask.com,Male,4.179.79.157
946,Cyndi,Copnell,ccopnellq9@businesswire.com,Bigender,165.153.216.7
947,Wyn,Drees,wdreesqa@51.la,Bigender,61.129.160.44
948,Hamid,McKew,hmckewqb@google.co.jp,Male,193.142.35.211
949,Sergei,Lingner,slingnerqc@w3.org,Male,199.27.242.212
950,Karlen,Cockings,kcockingsqd@accuweather.com,Female,62.195.6.185
951,Rik,Yude,ryudeqe@scientificamerican.com,Male,95.19.167.67
952,Rickie,Riden,rridenqf@pbs.org,Male,207.167.135.217
953,Ulric,Marfe,umarfeqg@dmoz.org,Male,251.70.68.122
954,Valli,Shearsby,vshearsbyqh@paypal.com,Female,179.122.40.165
955,Clywd,Kasbye,ckasbyeqi@unicef.org,Agender,45.136.242.14
956,Sibley,Eldon,seldonqj@yahoo.com,Female,150.19.177.239
957,Sasha,Cawthry,scawthryqk@symantec.com,Male,152.246.106.193
958,Pammie,McEvoy,pmcevoyql@nymag.com,Female,73.169.15.66
959,Elisha,Rawll,erawllqm@sphinn.com,Female,135.61.36.82
960,Martie,Buckoke,mbuckokeqn@domainmarket.com,Female,41.161.144.16
961,Ginni,Masser,gmasserqo@ucsd.edu,Female,165.190.169.34
962,Millard,Aizikov,maizikovqp@alibaba.com,Male,241.210.213.112
963,Sharai,Ferrieri,sferrieriqq@berkeley.edu,Female,15.93.247.99
964,Ade,Jelkes,ajelkesqr@hubpages.com,Bigender,23.253.111.172
965,Jo,Gearty,jgeartyqs@privacy.gov.au,Genderfluid,181.3.245.41
966,Jasmina,Locks,jlocksqt@multiply.com,Genderqueer,141.73.0.166
967,Terrell,Berth,tberthqu@alibaba.com,Male,137.107.221.57
968,Catrina,Shearmer,cshearmerqv@addtoany.com,Female,180.196.239.76
969,Britney,Hughesdon,bhughesdonqw@amazon.com,Female,44.13.83.2
970,Cece,Rizziello,crizzielloqx@joomla.org,Male,165.134.117.9
971,Hatti,Radleigh,hradleighqy@typepad.com,Female,136.13.228.146
972,Morley,Lohoar,mlohoarqz@theguardian.com,Male,118.84.96.218
973,Libby,Fratson,lfratsonr0@illinois.edu,Female,50.117.108.202
974,Marie-ann,Bondar,mbondarr1@dion.ne.jp,Female,123.17.230.155
975,Sloan,Damant,sdamantr2@ehow.com,Male,253.172.191.116
976,Karney,Buesnel,kbuesnelr3@adobe.com,Male,241.118.250.188
977,Arin,Syne,asyner4@paypal.com,Male,167.213.75.10
978,Halimeda,Yablsley,hyablsleyr5@dmoz.org,Female,201.59.174.123
979,Shaughn,Geke,sgeker6@fc2.com,Male,101.239.6.173
980,Neal,Longmead,nlongmeadr7@wikimedia.org,Male,198.8.153.162
981,Marthe,Coulthard,mcoulthardr8@joomla.org,Female,147.195.227.121
982,Tome,Girdlestone,tgirdlestoner9@godaddy.com,Male,248.244.124.213
983,Marris,Halladey,mhalladeyra@creativecommons.org,Female,20.156.155.29
984,Lori,Steinson,lsteinsonrb@squidoo.com,Female,228.204.240.226
985,Christos,Linster,clinsterrc@paginegialle.it,Male,94.224.12.121
986,Harmonie,Godley,hgodleyrd@yahoo.co.jp,Female,245.50.81.231
987,Janina,Clineck,jclineckre@elegantthemes.com,Female,23.60.112.78
988,Griffith,Michell,gmichellrf@a8.net,Male,19.222.225.41
989,Sephira,Tiffany,stiffanyrg@house.gov,Female,71.66.81.220
990,Janna,Eldon,jeldonrh@dmoz.org,Agender,152.143.111.222
991,Neda,Childes,nchildesri@geocities.com,Female,141.184.236.177
992,Lane,Findon,lfindonrj@illinois.edu,Male,117.223.64.68
993,Marsha,Winkless,mwinklessrk@nih.gov,Female,171.166.187.151
994,Dusty,Harmer,dharmerrl@state.gov,Female,208.61.142.124
995,Hanson,Padell,hpadellrm@hud.gov,Male,253.151.72.126
996,Meredithe,Biesty,mbiestyrn@sogou.com,Female,159.5.199.206
997,Eugene,Brittlebank,ebrittlebankro@examiner.com,Male,118.238.37.36
998,Normand,Kipling,nkiplingrp@alexa.com,Non-binary,118.90.32.126
999,Zorina,Spickett,zspickettrq@who.int,Female,229.219.42.31
1000,Arlana,Root,arootrr@arstechnica.com,Female,193.90.196.34
