id,first_name,last_name,email,gender,ip_address
1,Araldo,Dragge,adragge0@smugmug.com,Male,43.120.252.120
2,Parsifal,Joly,pjoly1@marriott.com,Male,197.25.143.33
3,Arlana,Jakubovicz,ajakubovicz2@angelfire.com,Female,39.110.82.8
4,Barri,Ropars,bropars3@newsvine.com,Male,244.195.253.158
5,Minerva,Comini,mcomini4@xinhuanet.com,Female,171.104.190.240
6,Daryl,Karchewski,dkarchewski5@artisteer.com,Female,122.222.9.194
7,Katrine,Riha,kriha6@paginegialle.it,Female,122.219.205.224
8,Rorie,Procter,rprocter7@geocities.jp,Female,175.187.198.212
9,Natka,Farans,nfarans8@alexa.com,Female,77.104.139.1
10,Raynard,Riccardo,rriccardo9@unc.edu,Male,128.0.94.91
11,Den,Esseby,dessebya@ft.com,Bigender,116.169.178.204
12,Willy,Ambrozewicz,wambrozewiczb@hubpages.com,Male,78.191.46.32
13,Martica,Mattaser,mmattaserc@pinterest.com,Female,250.125.121.50
14,Robert,Chesters,rchestersd@intel.com,Male,155.76.187.59
15,Wolfie,Dorot,wdorote@zimbio.com,Male,24.7.177.96
16,Sawyere,Hablot,shablotf@google.com.hk,Male,102.215.127.185
17,Sonia,Russilll,srussilllg@seattletimes.com,Female,196.86.185.240
18,Melina,Grimsey,mgrimseyh@wsj.com,Female,205.25.252.144
19,Gerianne,Sonschein,gsonscheini@ucoz.com,Female,105.87.186.100
20,Amble,McGuffie,amcguffiej@webs.com,Male,233.105.154.22
21,Carly,Meyer,cmeyerk@wordpress.org,Male,17.22.90.99
22,Howard,Trevance,htrevancel@wikia.com,Male,183.128.228.240
23,Izabel,Franek,ifranekm@youtube.com,Female,255.248.221.129
24,Cornall,Shawe,cshawen@dyndns.org,Male,188.72.201.254
25,Gar,Sattin,gsattino@prlog.org,Male,43.238.113.46
26,Dolli,Sarge,dsargep@e-recht24.de,Female,130.95.111.45
27,Laural,Ryce,lryceq@twitpic.com,Female,180.235.160.88
28,Robinet,Laurenceau,rlaurenceaur@wikia.com,Male,86.95.84.65
29,Rasla,Leamon,rleamons@devhub.com,Female,184.50.150.196
30,Fulvia,Huddy,fhuddyt@hibu.com,Agender,102.232.142.107
31,Aguie,Kerton,akertonu@ted.com,Male,16.194.52.226
32,Hanni,Shillan,hshillanv@biglobe.ne.jp,Female,17.36.51.80
33,Warde,Schellig,wschelligw@feedburner.com,Male,219.184.188.253
34,Dylan,Sandiford,dsandifordx@flickr.com,Male,13.19.15.66
35,Kath,Hodge,khodgey@so-net.ne.jp,Female,252.25.4.176
36,Dagny,Mathon,dmathonz@sciencedirect.com,Male,214.21.161.182
37,Lottie,Eloi,leloi10@networkadvertising.org,Female,54.145.240.134
38,Wilmette,Pacquet,wpacquet11@psu.edu,Female,0.94.246.180
39,Stephani,McDougal,smcdougal12@creativecommons.org,Female,30.229.152.81
40,Kordula,Mease,kmease13@prnewswire.com,Female,73.108.44.138
41,Hernando,Bramwich,hbramwich14@goo.ne.jp,Male,17.188.230.120
42,Byram,Catterill,bcatterill15@usgs.gov,Male,185.121.113.249
43,Matteo,Clever,mclever16@pinterest.com,Male,179.47.33.250
44,Aldous,Naton,anaton17@deviantart.com,Male,29.26.72.83
45,Efrem,Maplesden,emaplesden18@dot.gov,Male,122.22.46.29
46,Brewer,Roston,broston19@1und1.de,Male,135.57.158.85
47,Isidor,Fenix,ifenix1a@webmd.com,Male,17.20.62.226
48,Rosanna,Aime,raime1b@cloudflare.com,Female,189.60.174.225
49,Sianna,Emmanuel,semmanuel1c@vkontakte.ru,Female,79.133.26.254
50,Nissa,Dory,ndory1d@privacy.gov.au,Female,105.48.190.190
51,Kit,Olek,kolek1e@imdb.com,Male,117.5.16.178
52,Kata,Ipwell,kipwell1f@discovery.com,Female,38.12.194.38
53,Bobbe,Larmouth,blarmouth1g@github.com,Female,64.18.52.164
54,Hertha,Wakeling,hwakeling1h@nhs.uk,Female,58.121.39.209
55,Collette,Crock,ccrock1i@macromedia.com,Female,113.134.111.201
56,Dani,Skydall,dskydall1j@blogger.com,Female,134.151.183.152
57,Cort,Kristufek,ckristufek1k@squidoo.com,Male,56.22.53.207
58,Lazar,Effemy,leffemy1l@microsoft.com,Male,216.12.59.72
59,Travus,Blannin,tblannin1m@hud.gov,Male,253.26.230.253
60,Lenka,Polack,lpolack1n@timesonline.co.uk,Female,123.14.157.0
61,Janenna,Melburg,jmelburg1o@tripadvisor.com,Female,232.238.39.1
62,Marla,Kenwood,mkenwood1p@yahoo.co.jp,Female,126.17.231.232
63,Meade,Grimme,mgrimme1q@goo.ne.jp,Female,180.117.211.167
64,Mirabella,Vagges,mvagges1r@drupal.org,Genderqueer,221.139.77.109
65,Ulberto,Twaite,utwaite1s@unicef.org,Male,45.120.117.225
66,Wakefield,MacInherney,wmacinherney1t@pcworld.com,Male,163.157.194.165
67,Dorelle,Aikett,daikett1u@disqus.com,Agender,224.163.127.68
68,Reagan,Tune,rtune1v@yolasite.com,Male,51.26.166.135
69,Mateo,Prescote,mprescote1w@jigsy.com,Polygender,167.121.25.227
70,Patton,Darkin,pdarkin1x@mysql.com,Male,174.245.218.173
71,Rip,Diego,rdiego1y@netlog.com,Male,198.205.192.186
72,Joel,Grima,jgrima1z@twitpic.com,Male,125.250.213.25
73,Gerek,Petegree,gpetegree20@odnoklassniki.ru,Male,188.207.200.213
74,Hendrick,D'Alesco,hdalesco21@hostgator.com,Male,137.238.100.26
75,Celestyn,Mateu,cmateu22@wufoo.com,Female,34.130.74.30
76,Javier,Di Giorgio,jdigiorgio23@bbc.co.uk,Male,23.85.30.40
77,Vito,Filippo,vfilippo24@mtv.com,Male,204.81.236.255
78,Kelsey,Graffham,kgraffham25@spotify.com,Female,150.137.15.4
79,Hyacinth,Boswell,hboswell26@pagesperso-orange.fr,Female,112.233.92.24
80,Maxi,Cree,mcree27@ihg.com,Female,212.73.107.0
81,Rosabelle,Stewartson,rstewartson28@wikispaces.com,Female,76.176.65.151
82,Frederique,Baigent,fbaigent29@hexun.com,Female,29.120.78.34
83,Kendrick,Koenraad,kkoenraad2a@odnoklassniki.ru,Male,13.7.52.91
84,Edythe,Clayfield,eclayfield2b@mapy.cz,Female,30.236.122.146
85,Krystyna,Mabbott,kmabbott2c@printfriendly.com,Female,141.90.7.172
86,Perla,Hattiff,phattiff2d@addtoany.com,Female,30.169.128.171
87,Shelbi,Beatty,sbeatty2e@godaddy.com,Female,36.225.32.148
88,Harwell,Sherr,hsherr2f@comcast.net,Male,31.17.184.95
89,Fleurette,Le Floch,flefloch2g@tuttocitta.it,Bigender,58.65.143.137
90,Brooke,Klulisek,bklulisek2h@google.com.hk,Male,48.186.173.188
91,Lillis,Passfield,lpassfield2i@nationalgeographic.com,Female,144.186.52.66
92,Michail,Rawle,mrawle2j@amazon.co.uk,Male,40.178.24.104
93,Rodolfo,Murfett,rmurfett2k@com.com,Male,166.90.175.219
94,Lonni,Reek,lreek2l@ning.com,Female,97.228.60.52
95,Wilma,Necolds,wnecolds2m@eventbrite.com,Female,24.213.92.211
96,Arielle,Kellie,akellie2n@51.la,Female,247.145.22.135
97,Aundrea,Erickson,aerickson2o@shareasale.com,Female,102.60.167.139
98,Dewitt,Clausson,dclausson2p@webeden.co.uk,Male,25.244.191.162
99,Marcellina,Dawidowitz,mdawidowitz2q@cafepress.com,Female,78.230.122.45
100,Stanislaw,McKeown,smckeown2r@foxnews.com,Male,73.53.23.54
101,Cooper,Daily,cdaily2s@ca.gov,Male,18.130.36.73
102,Lilia,Dyer,ldyer2t@posterous.com,Female,191.141.79.149
103,Hunter,Cuddihy,hcuddihy2u@devhub.com,Male,78.228.164.73
104,Erie,Findley,efindley2v@ocn.ne.jp,Male,21.189.89.29
105,Dot,McCrostie,dmccrostie2w@auda.org.au,Female,86.197.191.246
106,Andras,Behneke,abehneke2x@fastcompany.com,Male,96.125.107.59
107,Suzie,Pill,spill2y@ucla.edu,Non-binary,101.82.30.139
108,Nappie,Furby,nfurby2z@imgur.com,Male,58.99.216.243
109,Kimble,Tiley,ktiley30@nasa.gov,Male,84.17.249.226
110,Arch,O'Hartnett,aohartnett31@chicagotribune.com,Male,236.191.183.73
111,Bronson,Milmith,bmilmith32@aol.com,Male,162.199.85.141
112,Carmina,Stitfall,cstitfall33@paypal.com,Female,195.218.3.83
113,Edd,Fever,efever34@ustream.tv,Male,6.192.150.117
114,Oswell,Novis,onovis35@jigsy.com,Male,0.2.226.114
115,Katharine,Bogays,kbogays36@google.com.hk,Female,241.210.244.110
116,Noe,Bartlomieczak,nbartlomieczak37@senate.gov,Male,224.168.87.151
117,Robers,Pentecust,rpentecust38@ameblo.jp,Male,87.1.16.45
118,Vittorio,Feldbaum,vfeldbaum39@163.com,Male,236.124.62.90
119,Quintus,Ingledow,qingledow3a@studiopress.com,Male,5.0.20.94
120,Catherine,Duell,cduell3b@answers.com,Female,166.6.135.241
121,Estrella,Zellick,ezellick3c@quantcast.com,Female,219.171.255.9
122,Wilow,Cleatherow,wcleatherow3d@si.edu,Female,26.6.91.52
123,Byran,Halpeine,bhalpeine3e@constantcontact.com,Male,208.23.225.147
124,Connie,Muspratt,cmuspratt3f@deviantart.com,Female,213.129.114.116
125,Silvie,Petters,spetters3g@behance.net,Female,85.195.189.62
126,Normand,Bellison,nbellison3h@edublogs.org,Male,239.71.94.73
127,Weidar,Faccini,wfaccini3i@1688.com,Male,221.72.60.57
128,Rabbi,Wilkinson,rwilkinson3j@chronoengine.com,Male,178.112.6.127
129,Allianora,Condict,acondict3k@weibo.com,Female,48.41.72.14
130,Hamid,Kildea,hkildea3l@walmart.com,Male,23.143.103.231
131,Ainslie,Benoix,abenoix3m@amazonaws.com,Female,53.30.90.121
132,Stanwood,McMurray,smcmurray3n@paginegialle.it,Male,116.52.6.112
133,Morton,MacCrossan,mmaccrossan3o@tuttocitta.it,Male,245.78.156.16
134,Angy,Mertgen,amertgen3p@i2i.jp,Female,187.24.228.250
135,Devan,Martinon,dmartinon3q@networkadvertising.org,Female,249.135.141.210
136,Thane,Wiper,twiper3r@gov.uk,Male,102.148.175.184
137,Jere,Evetts,jevetts3s@odnoklassniki.ru,Male,41.250.223.182
138,Abdul,Pedrocchi,apedrocchi3t@yolasite.com,Polygender,100.40.23.204
139,Mae,Roostan,mroostan3u@bigcartel.com,Female,5.162.252.147
140,Benito,Norres,bnorres3v@odnoklassniki.ru,Male,94.70.27.79
141,Benjy,Mathe,bmathe3w@wiley.com,Male,93.219.167.77
142,Geoffrey,Viegas,gviegas3x@skype.com,Agender,224.70.22.218
143,Suellen,Poulney,spoulney3y@hibu.com,Female,188.88.222.174
144,Zorine,Rennles,zrennles3z@printfriendly.com,Female,37.37.26.165
145,Cristina,Paynter,cpaynter40@wiley.com,Female,40.18.160.67
146,Fergus,Axelbee,faxelbee41@cloudflare.com,Male,247.108.9.236
147,Rahal,Govini,rgovini42@adobe.com,Female,114.118.241.83
148,Kira,Chelsom,kchelsom43@taobao.com,Female,148.60.46.139
149,Humfrid,Stanney,hstanney44@hhs.gov,Genderqueer,133.149.145.138
150,Fawnia,Jurick,fjurick45@arizona.edu,Female,107.52.211.120
151,Sharl,Burnitt,sburnitt46@ning.com,Female,211.219.19.108
152,Bliss,Ricart,bricart47@freewebs.com,Female,214.82.246.74
153,Falito,Degoey,fdegoey48@sciencedirect.com,Agender,163.101.70.40
154,Callida,Maber,cmaber49@slate.com,Female,153.226.160.154
155,Pinchas,Frier,pfrier4a@cmu.edu,Male,215.130.45.245
156,Carolina,Kimbrough,ckimbrough4b@amazon.de,Female,152.235.115.166
157,Claude,Mulqueeny,cmulqueeny4c@bravesites.com,Female,145.93.149.220
158,Jard,Hukin,jhukin4d@angelfire.com,Male,157.177.136.107
159,Yard,Buckley,ybuckley4e@liveinternet.ru,Male,222.138.207.219
160,Patti,Kitchinghan,pkitchinghan4f@wordpress.org,Female,175.100.203.210
161,Jeddy,Luparto,jluparto4g@gov.uk,Male,28.18.147.77
162,Eilis,Normant,enormant4h@va.gov,Female,94.194.50.93
163,Conrade,Skingle,cskingle4i@cnn.com,Male,143.109.236.211
164,Melinda,Reame,mreame4j@loc.gov,Female,158.60.200.46
165,Theobald,Sugge,tsugge4k@techcrunch.com,Male,157.114.139.173
166,Jamie,Corbould,jcorbould4l@mashable.com,Female,178.218.240.232
167,Ky,Beckhurst,kbeckhurst4m@icq.com,Agender,11.35.128.199
168,Willabella,Colthurst,wcolthurst4n@ucoz.com,Female,192.232.101.9
169,Maddie,Durak,mdurak4o@nymag.com,Male,36.221.61.78
170,Kleon,Weeks,kweeks4p@sina.com.cn,Male,234.210.50.213
171,Sherwin,Spoure,sspoure4q@youku.com,Male,246.195.189.154
172,Shaughn,Chipps,schipps4r@wordpress.org,Male,72.168.207.38
173,Marybeth,Martschik,mmartschik4s@businesswire.com,Female,240.126.68.229
174,Howard,Agglio,hagglio4t@ted.com,Male,135.5.45.235
175,Sonny,Glendinning,sglendinning4u@gnu.org,Male,123.253.21.49
176,Steffen,Olyff,solyff4v@imgur.com,Male,116.251.114.88
177,Nanete,Van der Hoeven,nvanderhoeven4w@disqus.com,Non-binary,30.128.188.116
178,Kylila,Toward,ktoward4x@ebay.co.uk,Female,27.17.105.9
179,Zsa zsa,Aggett,zaggett4y@purevolume.com,Female,63.45.174.7
180,Mack,Maroney,mmaroney4z@yandex.ru,Male,53.24.234.143
181,Tandi,Holley,tholley50@intel.com,Female,29.142.18.205
182,Muriel,Henstone,mhenstone51@dion.ne.jp,Female,61.245.244.28
183,Sasha,Radloff,sradloff52@msn.com,Male,23.27.6.254
184,Mikkel,Leversuch,mleversuch53@amazon.com,Male,204.196.14.23
185,Sayer,Dover,sdover54@house.gov,Male,146.115.211.141
186,Reggy,MacLaverty,rmaclaverty55@pinterest.com,Male,41.121.130.110
187,Sher,Dusting,sdusting56@surveymonkey.com,Female,129.99.35.93
188,Bastian,Conew,bconew57@gravatar.com,Male,6.80.34.150
189,Selene,Evemy,sevemy58@sun.com,Female,231.70.14.203
190,Kahaleel,Corthes,kcorthes59@umich.edu,Male,207.236.64.214
191,Raynor,Benkhe,rbenkhe5a@flickr.com,Male,144.31.123.0
192,Cleavland,Rominov,crominov5b@home.pl,Male,50.43.121.251
193,Andris,Gregon,agregon5c@mit.edu,Male,107.174.194.70
194,Asa,Shire,ashire5d@altervista.org,Male,13.129.91.187
195,Orville,Berthel,oberthel5e@businesswire.com,Male,33.4.131.0
196,Stinky,Halle,shalle5f@skype.com,Male,4.34.117.102
197,Care,Sent,csent5g@joomla.org,Male,155.56.161.63
198,Aloise,Pollock,apollock5h@abc.net.au,Female,168.33.41.108
199,Denise,Loxly,dloxly5i@sakura.ne.jp,Female,69.188.174.201
200,Munroe,Dudding,mdudding5j@nba.com,Male,243.219.162.205
201,Calida,McMillam,cmcmillam5k@noaa.gov,Female,4.6.6.78
202,Chuck,Milsted,cmilsted5l@w3.org,Male,237.59.6.233
203,Dominick,Naisbitt,dnaisbitt5m@abc.net.au,Male,7.192.229.31
204,Lucina,Whayman,lwhayman5n@mozilla.com,Female,232.50.234.147
205,Doy,Rittelmeyer,drittelmeyer5o@parallels.com,Male,74.14.128.218
206,Ignazio,Fayre,ifayre5p@flickr.com,Male,17.110.125.118
207,Bettine,Keneford,bkeneford5q@fda.gov,Female,40.207.255.96
208,Ingra,Life,ilife5r@who.int,Male,149.14.54.102
209,Cosimo,Stolting,cstolting5s@nsw.gov.au,Male,100.102.203.126
210,Cesya,Adlard,cadlard5t@npr.org,Female,146.201.34.41
211,Johann,Litt,jlitt5u@scientificamerican.com,Male,199.233.132.23
212,Robbert,Fonquernie,rfonquernie5v@com.com,Male,243.226.156.13
213,Ernie,Cottill,ecottill5w@plala.or.jp,Male,138.133.13.108
214,Adel,Labern,alabern5x@yelp.com,Non-binary,222.210.211.160
215,Tann,Rosas,trosas5y@cbslocal.com,Male,74.127.18.63
216,Christyna,Burdfield,cburdfield5z@feedburner.com,Female,125.165.29.125
217,Sibel,Tulloch,stulloch60@epa.gov,Female,72.60.49.107
218,Ron,Rangall,rrangall61@comsenz.com,Male,203.215.196.247
219,Pacorro,Sanzio,psanzio62@columbia.edu,Male,148.80.251.84
220,Roslyn,McIllroy,rmcillroy63@livejournal.com,Female,3.239.183.163
221,Rosemaria,Pockey,rpockey64@tiny.cc,Genderfluid,180.187.197.213
222,Charlene,Smorfit,csmorfit65@si.edu,Female,22.187.101.246
223,Lonnie,Rizzello,lrizzello66@moonfruit.com,Male,131.111.157.169
224,Marty,Dunthorn,mdunthorn67@marriott.com,Male,60.9.183.123
225,Irita,Nares,inares68@etsy.com,Female,201.170.202.26
226,Nadiya,Dyne,ndyne69@cnet.com,Female,77.94.248.227
227,Parry,Storkes,pstorkes6a@sciencedaily.com,Male,114.32.136.49
228,Ailee,Garley,agarley6b@loc.gov,Female,191.210.224.211
229,Cara,Cesco,ccesco6c@jimdo.com,Female,154.43.48.255
230,Meara,Espadas,mespadas6d@thetimes.co.uk,Female,214.108.146.150
231,Reagen,Shrieves,rshrieves6e@craigslist.org,Genderfluid,200.69.119.189
232,Humfrid,Spyer,hspyer6f@baidu.com,Male,142.89.145.12
233,Theresina,Shaul,tshaul6g@cloudflare.com,Female,100.136.231.24
234,Winfield,Romaines,wromaines6h@trellian.com,Male,190.249.9.200
235,Zachery,Babbs,zbabbs6i@wisc.edu,Agender,91.240.227.53
236,Heida,Souza,hsouza6j@prnewswire.com,Genderfluid,248.185.10.213
237,Levi,Barbery,lbarbery6k@redcross.org,Male,166.20.80.57
238,Sydel,Audenis,saudenis6l@unesco.org,Female,16.190.189.248
239,Muffin,Seaman,mseaman6m@accuweather.com,Female,232.255.208.5
240,Bibbye,Dickie,bdickie6n@irs.gov,Female,192.190.191.130
241,James,Adderley,jadderley6o@salon.com,Male,96.202.33.4
242,Kevina,Iddiens,kiddiens6p@behance.net,Female,36.74.35.64
243,Pietro,Hatrick,phatrick6q@macromedia.com,Male,210.121.240.91
244,Darryl,Skynner,dskynner6r@skype.com,Female,118.165.10.169
245,Thorsten,Gregoli,tgregoli6s@google.com.br,Male,38.55.102.255
246,Hubert,Skelcher,hskelcher6t@gmpg.org,Male,210.183.78.180
247,Egor,McCurley,emccurley6u@sphinn.com,Male,65.123.81.62
248,Liza,Wyldbore,lwyldbore6v@printfriendly.com,Female,40.96.61.223
249,Shandra,Yewdale,syewdale6w@google.fr,Female,99.88.174.138
250,Roseann,Thursby,rthursby6x@washington.edu,Female,76.129.95.102
251,Kristin,Stovell,kstovell6y@ovh.net,Female,134.252.5.244
252,Justinn,Wesgate,jwesgate6z@csmonitor.com,Female,79.177.253.165
253,Tammie,Onians,tonians70@360.cn,Female,196.12.227.94
254,Erek,Lambis,elambis71@utexas.edu,Male,16.40.149.27
255,Wylie,Maxted,wmaxted72@scribd.com,Male,91.55.87.78
256,Gerhardine,Rubinchik,grubinchik73@meetup.com,Genderqueer,239.250.68.140
257,Hersh,Lynskey,hlynskey74@smh.com.au,Male,216.36.159.196
258,Lenore,Arent,larent75@va.gov,Female,54.182.146.111
259,Mady,Sampson,msampson76@linkedin.com,Female,42.91.165.206
260,Marlo,O'Boyle,moboyle77@flavors.me,Female,153.36.90.128
261,Travis,Linstead,tlinstead78@aboutads.info,Male,139.222.36.212
262,Lionel,Bedborough,lbedborough79@usatoday.com,Non-binary,34.33.132.171
263,Phoebe,Whetnell,pwhetnell7a@yolasite.com,Female,14.106.66.142
264,Garrett,Greatbank,ggreatbank7b@aboutads.info,Genderfluid,10.167.252.29
265,Morris,Wyne,mwyne7c@timesonline.co.uk,Male,60.202.174.52
266,Ricard,Worner,rworner7d@wsj.com,Male,145.56.172.106
267,Claudia,Boyall,cboyall7e@tinypic.com,Female,123.47.235.90
268,Raddy,Blakelock,rblakelock7f@bbc.co.uk,Male,236.117.109.104
269,Delmer,Vinnick,dvinnick7g@usa.gov,Male,89.137.136.145
270,Catherin,Kasher,ckasher7h@nba.com,Female,58.160.60.45
271,Tedda,Barriball,tbarriball7i@sakura.ne.jp,Female,241.78.57.186
272,Ford,Turban,fturban7j@instagram.com,Male,253.168.81.135
273,Johnnie,Coniam,jconiam7k@wikimedia.org,Male,87.71.41.81
274,Fabian,Baszniak,fbaszniak7l@biglobe.ne.jp,Male,193.119.231.41
275,Carlene,McDonnell,cmcdonnell7m@un.org,Female,196.203.124.238
276,Ragnar,Casley,rcasley7n@imageshack.us,Male,167.49.35.147
277,Gray,McKerlie,gmckerlie7o@narod.ru,Female,81.239.192.246
278,Zsa zsa,Winwright,zwinwright7p@ustream.tv,Female,225.188.143.184
279,Claudine,Duncanson,cduncanson7q@twitter.com,Female,94.240.147.95
280,Celestine,Danes,cdanes7r@ow.ly,Female,131.153.203.165
281,Kathrine,Peatheyjohns,kpeatheyjohns7s@spiegel.de,Female,126.205.20.73
282,Yuri,Schimmang,yschimmang7t@wikispaces.com,Male,36.122.27.112
283,Mariellen,Igonet,migonet7u@netvibes.com,Female,80.204.6.99
284,Moritz,Klyn,mklyn7v@symantec.com,Male,67.187.6.242
285,Thor,Pallaske,tpallaske7w@desdev.cn,Male,181.93.155.214
286,Letty,Goning,lgoning7x@businessinsider.com,Female,223.185.91.122
287,Nerissa,Egdal,negdal7y@columbia.edu,Female,153.14.100.26
288,Lorraine,Curr,lcurr7z@macromedia.com,Genderqueer,23.230.78.218
289,Jaynell,Marval,jmarval80@technorati.com,Female,60.46.69.4
290,Hermia,Corstorphine,hcorstorphine81@dell.com,Female,49.171.51.136
291,Lilly,Nuzzti,lnuzzti82@example.com,Female,73.7.0.200
292,Valentina,Pilipets,vpilipets83@woothemes.com,Female,124.171.93.96
293,Kellen,Fulle,kfulle84@behance.net,Female,39.223.191.51
294,Keane,Haggarth,khaggarth85@wikipedia.org,Male,112.53.252.98
295,Howey,Epdell,hepdell86@rambler.ru,Male,130.7.46.251
296,Gerek,Birks,gbirks87@friendfeed.com,Male,68.227.79.93
297,Philly,Bowhey,pbowhey88@mapy.cz,Female,136.240.248.27
298,Tedra,Ivakhnov,tivakhnov89@sfgate.com,Female,247.97.209.165
299,Maryanna,Befroy,mbefroy8a@lulu.com,Female,26.103.14.227
300,Adi,Tatteshall,atatteshall8b@state.gov,Female,105.116.238.66
301,Ainslee,Pendle,apendle8c@freewebs.com,Female,18.93.30.60
302,Fania,Puckey,fpuckey8d@time.com,Female,37.146.10.76
303,Lisetta,Bentame,lbentame8e@hugedomains.com,Female,84.215.219.142
304,Isidor,Farran,ifarran8f@ustream.tv,Male,185.121.225.133
305,Floria,Gerriet,fgerriet8g@google.com.br,Female,127.213.127.244
306,Brendan,McConaghy,bmcconaghy8h@topsy.com,Male,243.65.37.254
307,Farica,Bensley,fbensley8i@homestead.com,Female,185.47.59.7
308,Allsun,Stalley,astalley8j@freewebs.com,Female,177.66.250.98
309,Job,Euels,jeuels8k@exblog.jp,Male,94.50.21.119
310,Felipa,Ginglell,fginglell8l@theguardian.com,Female,211.151.173.77
311,Tani,Thorwarth,tthorwarth8m@storify.com,Female,87.172.217.85
312,Kristi,Lardeur,klardeur8n@sphinn.com,Female,165.185.5.24
313,Julissa,O'Daly,jodaly8o@howstuffworks.com,Agender,89.13.32.105
314,Dasi,Snipe,dsnipe8p@purevolume.com,Female,94.93.165.147
315,Cathrine,Emanson,cemanson8q@dedecms.com,Female,166.49.101.199
316,Giulia,Fader,gfader8r@imgur.com,Female,111.19.184.90
317,Rudolph,Itzcak,ritzcak8s@deliciousdays.com,Male,143.167.40.109
318,Drew,Standell,dstandell8t@myspace.com,Male,176.235.88.39
319,Pancho,Janczewski,pjanczewski8u@indiatimes.com,Male,63.88.12.207
320,Catherina,McGlaughn,cmcglaughn8v@woothemes.com,Female,50.80.68.36
321,Terese,Fishe,tfishe8w@fc2.com,Female,25.208.164.132
322,Marco,Ennor,mennor8x@about.me,Male,159.103.81.112
323,Winfred,Lassen,wlassen8y@mysql.com,Male,85.105.231.41
324,Correna,Dane,cdane8z@sina.com.cn,Female,36.181.46.134
325,Lark,Greenier,lgreenier90@parallels.com,Female,119.124.74.163
326,Abba,Ackrill,aackrill91@fda.gov,Male,58.188.0.199
327,Marsiella,Belchamp,mbelchamp92@wordpress.com,Female,90.96.50.195
328,Knox,Leamy,kleamy93@deliciousdays.com,Male,111.40.148.131
329,Robby,Brims,rbrims94@comcast.net,Male,20.82.42.155
330,Lisle,Biles,lbiles95@mtv.com,Male,86.61.88.131
331,Stu,Yakubov,syakubov96@cnbc.com,Male,151.211.93.144
332,Carly,Sore,csore97@ehow.com,Male,15.98.234.5
333,Andy,Sedgeworth,asedgeworth98@indiegogo.com,Male,54.36.145.88
334,Lurette,Riatt,lriatt99@time.com,Female,233.164.127.26
335,Guillemette,Mortlock,gmortlock9a@senate.gov,Female,148.251.199.104
336,Janeen,Stockau,jstockau9b@gravatar.com,Female,53.121.204.229
337,Patricia,Longson,plongson9c@sfgate.com,Female,109.152.247.171
338,Bendicty,Wharrier,bwharrier9d@auda.org.au,Male,109.120.127.126
339,Betta,Schwerin,bschwerin9e@oaic.gov.au,Female,42.251.214.76
340,Kellyann,Moyser,kmoyser9f@nih.gov,Female,168.227.176.95
341,Wynn,Prestney,wprestney9g@delicious.com,Male,241.199.132.143
342,Lea,Manon,lmanon9h@paypal.com,Female,13.156.182.96
343,Evyn,Loads,eloads9i@geocities.com,Male,7.108.84.46
344,Alonzo,McVicker,amcvicker9j@tripod.com,Male,96.40.58.67
345,Rustin,Abels,rabels9k@bloglovin.com,Male,253.114.142.157
346,Claus,Ruskin,cruskin9l@state.gov,Male,204.114.125.246
347,Aubrie,Corkett,acorkett9m@apple.com,Female,75.223.89.197
348,Efren,Winkell,ewinkell9n@histats.com,Male,161.89.66.152
349,Ly,Arnaldy,larnaldy9o@wordpress.com,Male,243.60.76.16
350,Christiano,Ryson,cryson9p@friendfeed.com,Male,239.73.4.37
351,Dag,Bernardoni,dbernardoni9q@kickstarter.com,Male,41.76.33.184
352,Tabor,Yair,tyair9r@smh.com.au,Male,179.225.43.247
353,Forrest,Foster-Smith,ffostersmith9s@techcrunch.com,Genderfluid,222.136.32.176
354,Neel,Cree,ncree9t@yale.edu,Polygender,149.191.206.196
355,Moshe,Linner,mlinner9u@feedburner.com,Male,247.51.122.122
356,Clarita,Drake,cdrake9v@netvibes.com,Female,25.195.110.87
357,Gizela,Golley,ggolley9w@facebook.com,Female,152.0.250.231
358,Silas,Crumbleholme,scrumbleholme9x@tripod.com,Polygender,44.92.157.211
359,Fabe,Bessent,fbessent9y@japanpost.jp,Male,108.23.33.107
360,Saundra,Eves,seves9z@behance.net,Female,181.218.142.210
361,Lorain,Atkyns,latkynsa0@icq.com,Female,138.31.142.119
362,Abel,Pergens,apergensa1@plala.or.jp,Male,242.233.132.218
363,Michaella,Cescoti,mcescotia2@globo.com,Female,107.172.2.164
364,Linette,Clinnick,lclinnicka3@apple.com,Female,234.107.177.15
365,Patty,Burgen,pburgena4@vistaprint.com,Male,242.131.214.240
366,Abeu,Michieli,amichielia5@nationalgeographic.com,Male,153.189.10.7
367,Willow,Aldwick,waldwicka6@skype.com,Female,13.115.48.110
368,Ellie,Rodgman,erodgmana7@sbwire.com,Female,100.142.221.183
369,Fern,Cooke,fcookea8@w3.org,Female,97.186.160.199
370,Clyve,Kirk,ckirka9@ucsd.edu,Male,53.159.23.45
371,Saba,Blackbourn,sblackbournaa@google.com.hk,Female,247.215.225.2
372,Pieter,Tancock,ptancockab@seattletimes.com,Male,237.86.77.194
373,Dale,Waples,dwaplesac@imageshack.us,Female,173.225.103.36
374,Scot,Lincey,slinceyad@php.net,Male,75.41.252.211
375,Thornton,Mcwhinnie,tmcwhinnieae@fema.gov,Male,97.237.210.40
376,Gery,Brightman,gbrightmanaf@freewebs.com,Male,164.0.4.26
377,Park,Nussgen,pnussgenag@homestead.com,Male,141.242.173.240
378,Shawn,Elwyn,selwynah@fc2.com,Male,126.35.46.184
379,Giacopo,Dionsetti,gdionsettiai@usda.gov,Male,81.184.51.132
380,Langsdon,Simeone,lsimeoneaj@soundcloud.com,Male,81.122.107.196
381,Valle,Monketon,vmonketonak@1688.com,Male,61.96.51.198
382,Sonja,Duny,sdunyal@hhs.gov,Polygender,16.97.119.242
383,Homer,Bowering,hboweringam@free.fr,Male,47.144.228.3
384,Maxwell,Levis,mlevisan@youku.com,Male,215.201.13.74
385,Aigneis,Patington,apatingtonao@mysql.com,Female,151.39.186.137
386,Raddy,Blazdell,rblazdellap@amazon.co.jp,Male,153.163.196.227
387,Meaghan,Pattullo,mpattulloaq@infoseek.co.jp,Female,143.231.235.239
388,Adler,Leask,aleaskar@goo.gl,Male,164.171.203.236
389,Doria,Hambers,dhambersas@oracle.com,Female,148.204.211.208
390,Laraine,Raimbauld,lraimbauldat@tumblr.com,Female,138.165.249.30
391,Winifield,Evens,wevensau@wikispaces.com,Male,73.113.91.75
392,Halsy,Van Dijk,hvandijkav@java.com,Male,141.8.70.63
393,Urson,Aloshikin,ualoshikinaw@umich.edu,Male,240.213.24.32
394,Donetta,Fontelles,dfontellesax@soundcloud.com,Female,59.133.189.57
395,Rouvin,Elphinston,relphinstonay@macromedia.com,Male,40.222.32.69
396,Christian,Nevison,cnevisonaz@tinyurl.com,Genderqueer,122.96.25.87
397,Elvis,Brownsword,ebrownswordb0@vkontakte.ru,Male,5.248.15.38
398,Cornela,Keogh,ckeoghb1@ezinearticles.com,Female,92.96.45.244
399,Emmy,Vida,evidab2@deviantart.com,Female,130.72.119.147
400,Oralie,Hasted,ohastedb3@rediff.com,Female,67.63.228.58
401,Dav,Sheron,dsheronb4@google.it,Male,213.30.68.222
402,Clarissa,Ribou,criboub5@123-reg.co.uk,Female,102.106.180.72
403,Janot,Greally,jgreallyb6@digg.com,Female,54.126.54.176
404,Emmy,Tonkinson,etonkinsonb7@sun.com,Female,15.247.96.44
405,Zondra,Mossdale,zmossdaleb8@imageshack.us,Female,232.214.156.99
406,Kaila,Blasius,kblasiusb9@rambler.ru,Female,212.11.109.19
407,Bennie,Deeks,bdeeksba@gmpg.org,Male,10.93.189.19
408,Wilhelmina,Cropp,wcroppbb@utexas.edu,Female,235.108.118.54
409,Ophelie,Kenion,okenionbc@chicagotribune.com,Polygender,152.169.10.69
410,Vitoria,Cowdroy,vcowdroybd@skype.com,Polygender,4.209.73.102
411,Tyler,Stuer,tstuerbe@army.mil,Polygender,229.123.128.21
412,Doloritas,Cribbins,dcribbinsbf@altervista.org,Female,230.104.171.121
413,Rutledge,Rapa,rrapabg@businesswire.com,Male,215.19.212.55
414,Dosi,Huddlestone,dhuddlestonebh@mlb.com,Female,114.152.1.27
415,Mauricio,Swait,mswaitbi@thetimes.co.uk,Male,207.156.179.115
416,Blanca,Veneur,bveneurbj@indiatimes.com,Female,233.196.139.3
417,Kimberli,Hornbuckle,khornbucklebk@paypal.com,Female,109.198.117.84
418,Odell,Davitt,odavittbl@hubpages.com,Male,242.68.81.158
419,Paddy,Cambridge,pcambridgebm@tinypic.com,Male,168.27.130.149
420,Maible,Mahony,mmahonybn@cisco.com,Female,78.244.173.103
421,Irwin,Blanning,iblanningbo@slideshare.net,Male,175.31.60.108
422,Lilith,Coogan,lcooganbp@cisco.com,Female,235.44.184.179
423,Vanna,Thorneloe,vthorneloebq@ca.gov,Female,197.175.221.25
424,Tracy,Gouch,tgouchbr@technorati.com,Male,9.89.108.204
425,Arleen,Lecky,aleckybs@go.com,Female,98.109.4.27
426,Bondy,Tincknell,btincknellbt@spotify.com,Male,234.144.141.204
427,Esra,Kohneke,ekohnekebu@discuz.net,Male,14.91.102.5
428,Winn,McGoon,wmcgoonbv@myspace.com,Male,155.76.135.157
429,Sal,Plesing,splesingbw@google.nl,Female,203.179.5.75
430,Linnea,Zieme,lziemebx@joomla.org,Female,25.146.27.116
431,Colver,Baselli,cbaselliby@nationalgeographic.com,Male,252.249.245.42
432,Brady,Higounet,bhigounetbz@marriott.com,Male,19.122.29.131
433,Wilona,Quartermain,wquartermainc0@senate.gov,Female,150.138.149.166
434,Mariette,Whales,mwhalesc1@histats.com,Female,40.153.30.202
435,Moises,Fulford,mfulfordc2@ycombinator.com,Bigender,97.175.65.228
436,Lonna,Danilovitch,ldanilovitchc3@usatoday.com,Female,34.97.167.55
437,Allen,Dumbrall,adumbrallc4@wunderground.com,Male,235.79.244.198
438,Brandais,Duffell,bduffellc5@ca.gov,Female,64.92.53.93
439,Travis,Aldren,taldrenc6@china.com.cn,Male,252.133.164.161
440,Tammy,Paylor,tpaylorc7@drupal.org,Female,101.14.184.101
441,Tuck,Hobson,thobsonc8@godaddy.com,Male,124.124.181.46
442,Benedict,Romagosa,bromagosac9@independent.co.uk,Male,228.1.88.124
443,Tadio,Kennewell,tkennewellca@issuu.com,Male,118.56.18.30
444,Ginelle,Harbertson,gharbertsoncb@digg.com,Female,114.22.93.61
445,Toby,Czajka,tczajkacc@clickbank.net,Male,134.101.164.155
446,Holly-anne,Mateu,hmateucd@amazonaws.com,Female,241.25.1.56
447,Broderick,Boltwood,bboltwoodce@dot.gov,Male,188.177.59.135
448,Price,Kitchenham,pkitchenhamcf@google.nl,Male,224.10.176.205
449,Adrien,Stoacley,astoacleycg@prweb.com,Male,45.251.149.250
450,Austin,Claque,aclaquech@paypal.com,Male,243.95.247.239
451,Fanya,Reynalds,freynaldsci@tuttocitta.it,Agender,178.219.7.91
452,Gabriele,Deeble,gdeeblecj@springer.com,Bigender,181.194.212.27
453,Dannel,Silley,dsilleyck@myspace.com,Male,193.255.34.47
454,Corrianne,Lorek,clorekcl@archive.org,Female,130.106.241.98
455,Wrennie,Spur,wspurcm@barnesandnoble.com,Female,43.242.197.24
456,Garnet,Conroy,gconroycn@kickstarter.com,Female,5.61.238.86
457,Annabel,Rudolf,arudolfco@delicious.com,Female,35.3.2.57
458,Steffane,Rodinger,srodingercp@i2i.jp,Female,171.124.235.250
459,Noni,McPhater,nmcphatercq@pinterest.com,Polygender,59.84.90.60
460,Windham,Jellyman,wjellymancr@accuweather.com,Male,185.253.111.68
461,Phoebe,Peregrine,pperegrinecs@smh.com.au,Female,47.254.0.212
462,Janeva,Pirdy,jpirdyct@gnu.org,Agender,231.12.254.162
463,Sam,Masterton,smastertoncu@hao123.com,Male,72.89.248.92
464,Courtnay,Bradnam,cbradnamcv@vimeo.com,Female,176.210.80.81
465,Babbette,Benaine,bbenainecw@jugem.jp,Female,68.4.210.234
466,Giordano,MacEllen,gmacellencx@deviantart.com,Male,195.183.207.147
467,Elayne,Wyne,ewynecy@fotki.com,Female,70.175.85.224
468,Daryle,Paice,dpaicecz@sun.com,Male,12.224.195.243
469,Anni,Gerleit,agerleitd0@kickstarter.com,Agender,172.157.55.38
470,Ruthy,Diament,rdiamentd1@mayoclinic.com,Female,218.65.84.99
471,Cyb,Grishenkov,cgrishenkovd2@myspace.com,Female,195.13.31.249
472,Ara,Batsford,abatsfordd3@amazon.com,Male,161.106.120.9
473,Faydra,Dunkerley,fdunkerleyd4@army.mil,Female,169.242.117.254
474,Bridie,Tittershill,btittershilld5@istockphoto.com,Female,164.82.47.48
475,Renae,Edmands,redmandsd6@indiatimes.com,Female,209.131.45.176
476,Ursola,Scanlan,uscanland7@wikimedia.org,Female,27.114.190.33
477,Blanca,Triggel,btriggeld8@mac.com,Female,210.233.92.226
478,Tedd,Le Floch,tleflochd9@newsvine.com,Male,177.42.140.148
479,Mohandas,O'Brogane,mobroganeda@foxnews.com,Male,197.20.6.252
480,Colby,Coolbear,ccoolbeardb@businesswire.com,Male,185.154.200.11
481,Gustie,Bearman,gbearmandc@xinhuanet.com,Female,111.41.134.192
482,Verne,Konertz,vkonertzdd@yahoo.co.jp,Male,17.49.8.45
483,Christine,Mendenhall,cmendenhallde@a8.net,Female,37.173.238.222
484,Aprilette,Snarr,asnarrdf@weibo.com,Female,128.154.131.113
485,Viviene,Stratford,vstratforddg@elpais.com,Female,252.245.206.252
486,Brett,Halegarth,bhalegarthdh@bloglovin.com,Female,237.228.48.214
487,Alaric,Ballintyne,aballintynedi@mozilla.org,Male,77.136.197.73
488,Lambert,Thorns,lthornsdj@time.com,Male,251.249.142.208
489,Gibbie,Barbier,gbarbierdk@scribd.com,Male,121.240.9.163
490,Drucill,Baglow,dbaglowdl@scientificamerican.com,Female,194.233.192.33
491,Mathilda,Tadman,mtadmandm@amazonaws.com,Female,205.19.12.10
492,Tiffani,McKeaveney,tmckeaveneydn@163.com,Female,190.28.243.223
493,Ellette,Hamblington,ehamblingtondo@sciencedirect.com,Female,64.172.121.149
494,Halli,Leopold,hleopolddp@addtoany.com,Female,184.249.224.234
495,Gilberte,McCloud,gmcclouddq@wsj.com,Female,230.216.209.237
496,Tedda,Ronci,troncidr@bloomberg.com,Female,139.121.200.249
497,Rolland,Fanti,rfantids@facebook.com,Male,18.181.243.224
498,Tiffanie,Tynnan,ttynnandt@ucsd.edu,Female,60.173.116.117
499,Artemis,Maginn,amaginndu@homestead.com,Male,144.210.198.118
500,Susi,Van Giffen,svangiffendv@addthis.com,Female,45.160.208.165
501,Mella,Arthan,marthandw@craigslist.org,Female,47.134.135.240
502,Keriann,Gonoude,kgonoudedx@hexun.com,Female,247.23.240.184
503,Yetty,Szymanowicz,yszymanowiczdy@sciencedaily.com,Female,85.170.121.248
504,Ravi,Hovee,rhoveedz@woothemes.com,Male,178.170.178.32
505,Vanni,Caiger,vcaigere0@skype.com,Female,36.246.99.49
506,James,Imm,jimme1@wikia.com,Male,212.51.1.108
507,Minnaminnie,Lulham,mlulhame2@github.io,Female,211.133.70.235
508,Ula,Lynskey,ulynskeye3@sogou.com,Female,76.182.220.65
509,Valeda,Pionter,vpiontere4@uol.com.br,Female,29.18.100.90
510,Ansley,Parnall,aparnalle5@ca.gov,Female,211.229.200.132
511,Fredra,Drei,fdreie6@amazon.com,Female,208.47.175.180
512,Seka,Elsey,selseye7@tuttocitta.it,Female,144.68.59.45
513,Mala,Carlucci,mcarluccie8@taobao.com,Female,225.18.131.110
514,Carolina,McNeachtain,cmcneachtaine9@indiatimes.com,Female,93.151.243.112
515,Josh,Evett,jevettea@nba.com,Non-binary,164.81.142.28
516,Nissa,Dyer,ndyereb@taobao.com,Female,43.168.247.48
517,Bailie,Duckerin,bduckerinec@epa.gov,Male,26.249.32.92
518,Dean,Mariault,dmariaulted@mlb.com,Male,12.15.121.213
519,Kenn,Aleksashin,kaleksashinee@chron.com,Bigender,163.36.98.246
520,Thedric,Fairbourn,tfairbournef@mail.ru,Male,213.133.108.150
521,Jessee,Stopp,jstoppeg@blogspot.com,Male,52.244.248.67
522,Bernardo,Wisniewski,bwisniewskieh@wikimedia.org,Male,125.73.163.17
523,Shay,Simecek,ssimecekei@amazon.com,Genderqueer,45.47.183.209
524,Joan,Bardey,jbardeyej@facebook.com,Female,119.237.168.151
525,Harv,Hall,hhallek@slideshare.net,Male,171.40.105.170
526,Jay,Gipp,jgippel@cyberchimps.com,Male,245.189.235.228
527,Vincent,Cressey,vcresseyem@nhs.uk,Male,79.51.97.23
528,Findlay,Harston,fharstonen@jalbum.net,Male,160.32.179.39
529,Caralie,Kilrow,ckilroweo@timesonline.co.uk,Female,215.50.44.98
530,Sayer,Andino,sandinoep@twitter.com,Male,208.100.132.223
531,Karla,Oneile,koneileeq@wikimedia.org,Female,50.115.255.42
532,Fredelia,Slegg,fslegger@freewebs.com,Female,56.166.138.47
533,Molly,Loughton,mloughtones@arizona.edu,Female,175.18.198.31
534,Roch,Sherrott,rsherrottet@msn.com,Female,200.196.107.231
535,Sianna,Corsar,scorsareu@uiuc.edu,Female,18.35.54.168
536,Koren,MacGiolla Pheadair,kmacgiollapheadairev@washingtonpost.com,Female,74.236.246.237
537,Mathilde,Reschke,mreschkeew@miitbeian.gov.cn,Female,229.190.140.255
538,Danya,Jorgesen,djorgesenex@myspace.com,Female,107.115.11.244
539,Meridel,Antonsen,mantonseney@ameblo.jp,Female,222.236.200.226
540,Orbadiah,Carlisso,ocarlissoez@europa.eu,Male,224.21.242.73
541,Shel,Bryning,sbryningf0@booking.com,Female,99.225.118.69
542,Hillel,Milne,hmilnef1@hp.com,Male,230.227.25.207
543,Dinah,Grigaut,dgrigautf2@dyndns.org,Agender,66.96.95.186
544,Jorry,Bumpas,jbumpasf3@bing.com,Female,158.31.179.50
545,Claiborn,Lockyer,clockyerf4@xing.com,Male,54.201.17.123
546,Tedie,Coleshill,tcoleshillf5@msn.com,Male,205.64.247.109
547,Riobard,Boribal,rboribalf6@apple.com,Male,47.224.194.46
548,Giselle,Thomassen,gthomassenf7@hostgator.com,Female,102.123.29.25
549,Annaliese,Prickett,aprickettf8@furl.net,Female,249.214.14.189
550,Idalia,Cassey,icasseyf9@bigcartel.com,Female,235.17.173.229
551,Jessi,Vear,jvearfa@rambler.ru,Genderfluid,124.57.42.172
552,Teddy,Dinan,tdinanfb@businessweek.com,Male,78.72.108.78
553,Noellyn,Papez,npapezfc@booking.com,Female,111.164.216.63
554,Axe,Condy,acondyfd@constantcontact.com,Male,187.183.37.127
555,Elenore,Zapater,ezapaterfe@java.com,Agender,87.228.176.248
556,Fredra,Twittey,ftwitteyff@reuters.com,Female,167.79.124.133
557,Beauregard,Antognetti,bantognettifg@yahoo.com,Male,232.131.78.144
558,Maurizia,Davidson,mdavidsonfh@wordpress.org,Female,244.138.124.74
559,Lamar,Urpeth,lurpethfi@addthis.com,Male,108.54.207.227
560,Kathrine,Savill,ksavillfj@a8.net,Female,205.172.10.78
561,Nichole,Dunbobin,ndunbobinfk@nsw.gov.au,Female,74.173.119.53
562,Emelda,Mucklestone,emucklestonefl@chron.com,Female,140.233.120.158
563,Mercie,Atling,matlingfm@ed.gov,Female,17.97.0.145
564,Noami,Wraighte,nwraightefn@miitbeian.gov.cn,Female,221.71.83.61
565,Patsy,Cuesta,pcuestafo@multiply.com,Female,143.112.165.242
566,Abby,Coffey,acoffeyfp@spotify.com,Male,181.203.50.161
567,Christean,Morrow,cmorrowfq@blogspot.com,Female,60.107.123.121
568,Nancey,Thomsen,nthomsenfr@senate.gov,Female,180.169.158.68
569,Dene,McCoveney,dmccoveneyfs@wp.com,Male,184.134.109.101
570,Morten,Dmtrovic,mdmtrovicft@de.vu,Male,43.220.226.156
571,Osmond,Shouler,oshoulerfu@de.vu,Male,146.21.176.169
572,Zechariah,Lamyman,zlamymanfv@usgs.gov,Male,0.254.38.21
573,Audrey,Nance,anancefw@examiner.com,Female,240.247.25.65
574,Julissa,Fryett,jfryettfx@dyndns.org,Female,181.44.195.6
575,Mahmoud,Hummerston,mhummerstonfy@theglobeandmail.com,Male,247.150.184.0
576,Chase,Swanton,cswantonfz@mozilla.org,Male,189.172.29.85
577,Bartlett,Catto,bcattog0@cocolog-nifty.com,Male,55.138.80.49
578,Baxie,Singh,bsinghg1@illinois.edu,Male,80.240.145.117
579,Brice,Brownscombe,bbrownscombeg2@hp.com,Genderfluid,69.79.180.140
580,Geoffry,Babar,gbabarg3@mtv.com,Male,119.159.57.140
581,Clarabelle,Antunes,cantunesg4@csmonitor.com,Genderqueer,200.142.97.87
582,Mikol,Tatershall,mtatershallg5@weebly.com,Male,6.71.124.208
583,Susette,Pickersgill,spickersgillg6@chronoengine.com,Female,116.132.238.237
584,Meggi,Houndsom,mhoundsomg7@moonfruit.com,Female,60.58.241.190
585,Magdalena,Carss,mcarssg8@mapquest.com,Genderqueer,247.159.224.192
586,Tom,Weddeburn,tweddeburng9@geocities.com,Male,69.146.97.219
587,Thorsten,Fannon,tfannonga@amazon.co.uk,Male,255.247.250.192
588,Weylin,Gillbe,wgillbegb@timesonline.co.uk,Male,178.230.125.25
589,Milli,Ivannikov,mivannikovgc@fema.gov,Female,135.45.27.238
590,Rutledge,Corck,rcorckgd@a8.net,Male,206.48.136.192
591,Langston,Clues,lcluesge@constantcontact.com,Male,168.163.163.34
592,Loraine,Warsap,lwarsapgf@soundcloud.com,Female,1.19.63.90
593,Susi,Stopp,sstoppgg@census.gov,Female,59.123.236.255
594,Nev,Galbreth,ngalbrethgh@google.it,Male,254.94.101.69
595,Bert,Coneau,bconeaugi@sphinn.com,Male,74.223.10.25
596,Kalle,Micco,kmiccogj@oakley.com,Male,12.244.29.221
597,Wallie,Langwade,wlangwadegk@bravesites.com,Female,242.157.26.247
598,Karole,Blackboro,kblackborogl@aboutads.info,Female,27.221.200.74
599,Tremayne,Southerden,tsoutherdengm@whitehouse.gov,Male,17.124.166.161
600,Zaria,Oxberry,zoxberrygn@blinklist.com,Female,195.23.184.140
601,Gertrudis,Shemilt,gshemiltgo@quantcast.com,Female,95.144.51.63
602,Victoria,Baumert,vbaumertgp@usnews.com,Female,88.133.155.68
603,Rycca,Trevethan,rtrevethangq@nymag.com,Non-binary,164.26.76.104
604,Myrta,Romera,mromeragr@telegraph.co.uk,Female,131.215.216.26
605,Niki,Rase,nrasegs@php.net,Male,106.62.201.54
606,Clementius,Winslow,cwinslowgt@altervista.org,Male,231.209.88.99
607,Sarah,Tanguy,stanguygu@weather.com,Female,21.73.243.81
608,Nola,Leefe,nleefegv@jalbum.net,Female,6.85.117.107
609,Erinn,Poznanski,epoznanskigw@google.it,Female,31.65.240.200
610,Guendolen,Wolters,gwoltersgx@mozilla.com,Female,197.193.116.213
611,Lexy,Stodd,lstoddgy@tumblr.com,Female,141.66.36.223
612,Erny,Dolton,edoltongz@goodreads.com,Polygender,76.156.154.149
613,Florrie,Gwyther,fgwytherh0@google.com.hk,Non-binary,132.250.134.102
614,Adamo,Silkston,asilkstonh1@dell.com,Genderfluid,149.105.159.123
615,Wally,Kundt,wkundth2@cloudflare.com,Male,69.4.55.37
616,Carney,MacHostie,cmachostieh3@t-online.de,Male,129.118.20.171
617,Loralie,Andreazzi,landreazzih4@google.pl,Female,245.72.189.155
618,Rita,Hanselmann,rhanselmannh5@t.co,Female,78.151.210.255
619,Eloisa,Frowde,efrowdeh6@businessinsider.com,Female,111.107.171.192
620,Charmaine,Louisot,clouisoth7@tiny.cc,Female,112.163.22.240
621,Diannne,Gosdin,dgosdinh8@surveymonkey.com,Female,239.248.65.12
622,Rafferty,Capeloff,rcapeloffh9@soundcloud.com,Male,80.59.93.16
623,Corty,Flaubert,cflaubertha@boston.com,Male,100.157.205.169
624,Dwayne,Banthorpe,dbanthorpehb@ucoz.ru,Male,156.128.193.123
625,Olly,Darnborough,odarnboroughhc@vk.com,Female,93.108.46.136
626,Parker,Dodgshun,pdodgshunhd@mediafire.com,Male,198.33.130.24
627,Darin,Extence,dextencehe@nymag.com,Male,82.106.203.69
628,Pauly,Bouldstridge,pbouldstridgehf@angelfire.com,Male,243.155.147.188
629,Monica,Werner,mwernerhg@woothemes.com,Female,122.131.25.48
630,Annalee,O'Riordan,aoriordanhh@yandex.ru,Female,14.25.175.229
631,Franzen,Widdecombe,fwiddecombehi@icq.com,Male,201.184.185.18
632,Cornie,Huck,chuckhj@mozilla.org,Female,39.116.129.16
633,Gram,Mulqueeny,gmulqueenyhk@bing.com,Male,161.105.83.198
634,Louis,Golland,lgollandhl@ebay.com,Male,141.57.122.222
635,Cristy,Izacenko,cizacenkohm@oakley.com,Female,53.10.216.154
636,Gena,Nolot,gnolothn@purevolume.com,Female,232.3.206.209
637,Anatollo,Capelow,acapelowho@myspace.com,Male,52.184.178.193
638,Doris,Bainbridge,dbainbridgehp@etsy.com,Female,107.94.84.94
639,Cleveland,Elby,celbyhq@nih.gov,Male,237.43.2.37
640,Maudie,Cuxson,mcuxsonhr@opera.com,Female,215.40.239.104
641,Aubrey,Suddock,asuddockhs@csmonitor.com,Male,219.137.20.150
642,Jasun,Easby,jeasbyht@over-blog.com,Male,108.22.33.129
643,Noel,Redmond,nredmondhu@ca.gov,Female,153.0.11.250
644,Nate,Di Bartolomeo,ndibartolomeohv@google.de,Male,226.52.17.104
645,Orland,McMeekin,omcmeekinhw@blog.com,Male,51.42.238.59
646,Dex,Holdworth,dholdworthhx@51.la,Male,55.203.32.68
647,Reinaldos,Mathiot,rmathiothy@vkontakte.ru,Male,100.25.43.243
648,Pavia,Bortolutti,pbortoluttihz@symantec.com,Female,93.4.6.7
649,Auberon,Kivelhan,akivelhani0@google.co.jp,Male,74.98.105.150
650,Myriam,Gregoraci,mgregoracii1@jiathis.com,Female,228.111.113.56
651,Claudio,Cruft,ccrufti2@dailymotion.com,Male,44.111.102.205
652,Courtney,Partlett,cpartletti3@ezinearticles.com,Female,96.126.205.35
653,Brandy,Deehan,bdeehani4@engadget.com,Male,134.225.78.123
654,Kiersten,Kitchinham,kkitchinhami5@comsenz.com,Female,213.234.120.112
655,Adriane,Clyant,aclyanti6@mac.com,Female,236.232.115.62
656,Mervin,McKinless,mmckinlessi7@dagondesign.com,Polygender,78.77.161.206
657,Elvyn,Gilchrist,egilchristi8@narod.ru,Male,141.188.7.122
658,Quent,Jeanin,qjeanini9@skype.com,Male,146.227.121.131
659,Timothee,Maxworthy,tmaxworthyia@naver.com,Male,62.74.5.241
660,Eb,McAllester,emcallesterib@goodreads.com,Male,42.124.226.106
661,Edan,Masey,emaseyic@harvard.edu,Male,231.76.121.58
662,Jecho,Yonge,jyongeid@plala.or.jp,Male,37.147.31.70
663,Betteanne,Bellworthy,bbellworthyie@psu.edu,Agender,69.48.100.229
664,Ab,Podmore,apodmoreif@senate.gov,Male,188.98.194.147
665,Monah,Teodoro,mteodoroig@51.la,Non-binary,129.110.53.89
666,Roberto,Dosedale,rdosedaleih@ftc.gov,Male,76.218.174.247
667,Marcelo,Crasford,mcrasfordii@tripod.com,Male,69.50.173.36
668,Emerson,Hutt,ehuttij@ted.com,Male,126.76.102.157
669,Gusty,Gilsthorpe,ggilsthorpeik@cnn.com,Non-binary,239.112.252.9
670,Esme,Fullerlove,efullerloveil@time.com,Female,85.35.154.151
671,Kali,Roome,kroomeim@google.ru,Female,17.245.202.127
672,Celka,Lamers,clamersin@chronoengine.com,Female,240.128.108.184
673,Cherianne,Moggle,cmoggleio@nps.gov,Female,234.4.226.37
674,Norton,Fenners,nfennersip@forbes.com,Male,101.230.206.82
675,Mayne,Creeber,mcreeberiq@tripadvisor.com,Male,150.147.136.69
676,Cleo,Cossons,ccossonsir@tumblr.com,Female,77.38.186.92
677,Colin,Riply,criplyis@icq.com,Male,210.233.110.49
678,Peder,Froud,pfroudit@mozilla.com,Male,53.63.27.119
679,Eve,Mapholm,emapholmiu@walmart.com,Female,220.12.39.232
680,Corette,Fellos,cfellosiv@a8.net,Female,74.47.175.234
681,Julieta,Jilliss,jjillissiw@google.com,Non-binary,131.139.212.168
682,Emelen,Eydel,eeydelix@abc.net.au,Male,215.151.163.36
683,Garfield,Stell,gstelliy@home.pl,Male,14.4.218.89
684,Verne,Giercke,vgierckeiz@lulu.com,Male,65.158.104.104
685,Kimmi,Moutray Read,kmoutrayreadj0@cdbaby.com,Female,65.154.127.109
686,Pat,Jesse,pjessej1@adobe.com,Female,11.13.84.181
687,Thor,Kilgrove,tkilgrovej2@addtoany.com,Male,97.3.55.136
688,Walliw,Nightingale,wnightingalej3@technorati.com,Female,147.12.31.26
689,Leandra,Rafferty,lraffertyj4@geocities.jp,Female,185.194.171.45
690,Laurette,Esp,lespj5@businessweek.com,Female,254.107.33.98
691,Graham,Farries,gfarriesj6@telegraph.co.uk,Male,145.103.245.213
692,Danny,Heald,dhealdj7@joomla.org,Male,46.52.4.189
693,Mervin,Haughan,mhaughanj8@reuters.com,Male,227.88.216.200
694,Meier,Earland,mearlandj9@artisteer.com,Male,88.43.170.249
695,Alane,Izatt,aizattja@squarespace.com,Female,219.99.36.113
696,Binni,Rosingdall,brosingdalljb@csmonitor.com,Genderfluid,241.205.223.177
697,Velma,Cresser,vcresserjc@redcross.org,Female,56.175.20.105
698,Moyra,Dagon,mdagonjd@lycos.com,Female,152.133.27.32
699,Gerladina,Eldershaw,geldershawje@people.com.cn,Female,88.109.6.30
700,Willi,De la Yglesia,wdelayglesiajf@dell.com,Male,243.10.151.41
701,Esme,Davidovitch,edavidovitchjg@home.pl,Male,182.188.184.57
702,Quintana,Lennard,qlennardjh@discovery.com,Female,224.226.188.221
703,Leonid,Greed,lgreedji@squidoo.com,Male,241.40.225.209
704,Stillman,Ivshin,sivshinjj@topsy.com,Male,117.135.249.150
705,Justinian,Jimenez,jjimenezjk@unblog.fr,Male,233.55.222.248
706,Timoteo,Antognetti,tantognettijl@tamu.edu,Polygender,216.187.45.21
707,Brander,Boxhall,bboxhalljm@chicagotribune.com,Male,87.231.59.35
708,Katharine,Bordes,kbordesjn@soup.io,Genderfluid,168.193.170.216
709,Munroe,Locke,mlockejo@ted.com,Male,169.100.91.159
710,Ibrahim,Pensom,ipensomjp@yelp.com,Male,126.77.25.238
711,Mylo,Cleef,mcleefjq@google.com.au,Non-binary,220.240.233.118
712,Luce,Gommes,lgommesjr@quantcast.com,Male,176.177.107.58
713,Theobald,Vakhonin,tvakhoninjs@mysql.com,Male,65.115.123.90
714,Berta,Scourfield,bscourfieldjt@xinhuanet.com,Female,158.108.182.84
715,Adam,Yerrington,ayerringtonju@businessinsider.com,Male,143.177.169.112
716,Milty,Eastway,meastwayjv@imdb.com,Male,37.147.62.4
717,Stormi,Tinniswood,stinniswoodjw@pagesperso-orange.fr,Female,200.234.57.34
718,Gaby,Nardi,gnardijx@flavors.me,Female,178.50.110.53
719,Lotty,Corah,lcorahjy@va.gov,Female,91.216.81.172
720,Augusto,Reford,arefordjz@va.gov,Male,12.115.124.102
721,Dun,Mannagh,dmannaghk0@kickstarter.com,Male,57.173.142.108
722,Paulie,Pippard,ppippardk1@livejournal.com,Female,7.144.56.93
723,Lizbeth,Pogue,lpoguek2@google.co.jp,Female,44.95.178.193
724,Yehudit,Ghilks,yghilksk3@jalbum.net,Male,18.239.39.9
725,Huntlee,Smewin,hsmewink4@examiner.com,Male,226.231.6.138
726,Avictor,Chadwyck,achadwyckk5@wisc.edu,Male,53.18.213.188
727,Uriah,McCarter,umccarterk6@pbs.org,Male,165.228.24.31
728,Albie,Espin,aespink7@bizjournals.com,Male,113.77.174.151
729,Kimberli,Gregoletti,kgregolettik8@google.pl,Female,88.240.190.56
730,Sallyanne,Eburah,seburahk9@bloglovin.com,Female,133.5.144.15
731,Esteban,McGurn,emcgurnka@histats.com,Male,86.231.44.83
732,Lucias,Schult,lschultkb@usnews.com,Male,221.232.143.252
733,Tedman,Meale,tmealekc@amazon.co.jp,Male,47.176.132.176
734,Romola,Gristhwaite,rgristhwaitekd@infoseek.co.jp,Genderqueer,202.177.160.101
735,Granville,Twaits,gtwaitske@exblog.jp,Polygender,160.166.88.174
736,Eleen,Tregoning,etregoningkf@jigsy.com,Female,250.2.83.14
737,Mike,McCheyne,mmccheynekg@craigslist.org,Male,167.132.28.112
738,Derek,Nobbs,dnobbskh@utexas.edu,Male,99.141.191.96
739,Farra,Diment,fdimentki@oakley.com,Agender,147.88.244.11
740,Margarette,Puckett,mpuckettkj@hatena.ne.jp,Female,155.122.164.132
741,Gabby,Bour,gbourkk@dmoz.org,Male,45.159.240.47
742,Lorain,Scottini,lscottinikl@walmart.com,Female,133.170.138.18
743,Penn,Erdely,perdelykm@yahoo.co.jp,Male,199.71.209.75
744,Ludwig,Rowles,lrowleskn@narod.ru,Male,17.39.35.226
745,Ninnetta,Collings,ncollingsko@java.com,Female,74.223.127.166
746,Eberto,Gabbitus,egabbituskp@mozilla.org,Male,56.83.222.130
747,Salvatore,Musselwhite,smusselwhitekq@harvard.edu,Male,30.192.205.67
748,Annabelle,Immings,aimmingskr@biblegateway.com,Polygender,199.171.213.195
749,Mala,Airey,maireyks@cafepress.com,Female,180.213.43.145
750,Babara,Iddons,biddonskt@home.pl,Female,162.188.29.91
751,Doy,Sterke,dsterkeku@boston.com,Male,237.209.214.102
752,Gauthier,Hawksworth,ghawksworthkv@parallels.com,Male,13.47.49.40
753,Guenna,Dawley,gdawleykw@hud.gov,Female,115.247.207.119
754,Cirilo,Portriss,cportrisskx@github.io,Male,87.43.227.104
755,Sarette,Regina,sreginaky@nhs.uk,Female,222.57.97.56
756,Glenna,Castellanos,gcastellanoskz@marketwatch.com,Genderfluid,161.183.122.175
757,Ignazio,Resun,iresunl0@dot.gov,Male,229.154.129.180
758,Anjela,Sprade,aspradel1@example.com,Female,55.107.234.158
759,Nonnah,Reboulet,nrebouletl2@reddit.com,Female,74.192.40.176
760,Darwin,Coiley,dcoileyl3@dedecms.com,Male,187.204.49.124
761,Emanuel,Wetherburn,ewetherburnl4@ebay.com,Male,241.173.252.154
762,Myrilla,Branni,mbrannil5@joomla.org,Female,101.0.246.58
763,Pat,Fenelow,pfenelowl6@cdc.gov,Male,99.33.183.94
764,Thedric,Blakeston,tblakestonl7@state.tx.us,Male,30.153.46.46
765,Patsy,Kelsall,pkelsalll8@vistaprint.com,Male,136.83.9.34
766,Marybelle,Tollemache,mtollemachel9@arizona.edu,Female,161.125.240.124
767,Lianna,Tomkinson,ltomkinsonla@zimbio.com,Female,115.93.75.61
768,Lambert,Wortt,lworttlb@parallels.com,Male,59.29.227.154
769,Betty,Bispham,bbisphamlc@cbslocal.com,Female,242.57.63.121
770,Anatollo,Andryushchenko,aandryushchenkold@elpais.com,Male,177.252.196.159
771,Tildi,Ardron,tardronle@smugmug.com,Female,49.253.171.83
772,Linnell,Darnbrook,ldarnbrooklf@cnet.com,Female,64.142.110.194
773,Elisha,Janic,ejaniclg@businessweek.com,Male,156.228.29.188
774,Garreth,Aizlewood,gaizlewoodlh@pen.io,Male,106.66.31.41
775,Lissi,Gookey,lgookeyli@bbc.co.uk,Female,196.77.215.7
776,Karena,Beany,kbeanylj@fda.gov,Female,179.164.29.173
777,Christine,Haugen,chaugenlk@ameblo.jp,Female,227.169.30.250
778,Caryl,Chitson,cchitsonll@telegraph.co.uk,Female,240.216.127.55
779,Aguste,Ginty,agintylm@answers.com,Male,239.64.55.17
780,Herbert,Mugridge,hmugridgeln@altervista.org,Male,217.197.85.14
781,Malva,Paxman,mpaxmanlo@jalbum.net,Female,41.44.93.192
782,Brod,Offord,boffordlp@last.fm,Male,32.196.11.56
783,Devon,Cars,dcarslq@etsy.com,Female,240.81.136.12
784,Regina,Errigo,rerrigolr@weather.com,Female,10.72.45.150
785,Floris,Eyden,feydenls@technorati.com,Female,164.243.7.226
786,Melva,Billings,mbillingslt@google.es,Female,93.65.192.154
787,Kippy,Dudson,kdudsonlu@rediff.com,Male,101.6.228.161
788,Knox,Relf,krelflv@archive.org,Male,29.150.54.151
789,Auguste,Matas,amataslw@dailymail.co.uk,Female,216.132.140.73
790,Blondy,Fallawe,bfallawelx@about.me,Genderqueer,189.52.63.220
791,Pepillo,Van Arsdalen,pvanarsdalenly@about.me,Male,32.218.53.140
792,Kerstin,Harkes,kharkeslz@github.com,Female,18.251.30.227
793,Tish,Hindrich,thindrichm0@princeton.edu,Female,81.239.135.222
794,Honoria,Lambden,hlambdenm1@google.com.br,Female,146.86.176.234
795,Julissa,Timeby,jtimebym2@blogspot.com,Female,218.70.245.124
796,Gabey,Phaup,gphaupm3@yellowpages.com,Female,237.11.118.145
797,Melva,Sinclaire,msinclairem4@cisco.com,Female,40.96.120.244
798,Izak,Crippen,icrippenm5@themeforest.net,Male,216.157.241.178
799,Camellia,Corriea,ccorrieam6@bluehost.com,Female,147.34.4.240
800,Robbie,Laundon,rlaundonm7@unc.edu,Male,74.197.172.104
801,Juieta,Sims,jsimsm8@live.com,Female,131.71.19.64
802,Eunice,Meaddowcroft,emeaddowcroftm9@earthlink.net,Female,37.188.155.90
803,Alastair,Randalson,arandalsonma@wikispaces.com,Male,90.28.45.204
804,Clarey,Oldland,coldlandmb@independent.co.uk,Female,206.46.205.0
805,Corbett,Heighton,cheightonmc@youtube.com,Male,72.245.250.243
806,Mallissa,Tonkinson,mtonkinsonmd@cargocollective.com,Female,252.162.56.165
807,Englebert,MacGuiness,emacguinessme@spotify.com,Male,71.171.65.167
808,Dennet,O'Quin,doquinmf@google.de,Male,247.170.245.140
809,Charis,Wainscot,cwainscotmg@engadget.com,Female,115.185.105.80
810,Pauline,Oley,poleymh@vk.com,Female,251.232.145.213
811,Merilyn,Cohani,mcohanimi@rakuten.co.jp,Female,138.31.195.115
812,Delinda,Quantrell,dquantrellmj@netscape.com,Genderfluid,77.230.79.3
813,Krystyna,Gudge,kgudgemk@discovery.com,Female,183.97.140.106
814,Elsbeth,Elvin,eelvinml@yolasite.com,Female,61.174.34.6
815,Renato,Donahue,rdonahuemm@jugem.jp,Male,36.166.60.146
816,Jozef,Gally,jgallymn@forbes.com,Male,206.94.161.175
817,Cordey,Caseri,ccaserimo@zdnet.com,Genderqueer,109.4.163.221
818,Brenna,Labro,blabromp@i2i.jp,Female,80.119.119.128
819,Ursulina,Forre,uforremq@buzzfeed.com,Female,173.151.110.88
820,Pip,Roback,probackmr@biblegateway.com,Male,210.49.195.126
821,Darleen,Galletly,dgalletlyms@npr.org,Female,122.8.134.81
822,Reinaldo,Maggill'Andreis,rmaggillandreismt@slate.com,Male,222.211.240.102
823,Hannis,Millier,hmilliermu@ca.gov,Female,49.235.128.74
824,Elisha,Grestye,egrestyemv@canalblog.com,Female,51.168.190.198
825,Horst,Mashro,hmashromw@boston.com,Male,152.189.221.0
826,Garrick,Evershed,gevershedmx@purevolume.com,Male,72.74.29.7
827,Lynnea,Noto,lnotomy@rambler.ru,Female,113.55.181.114
828,Carleton,Duckerin,cduckerinmz@umn.edu,Male,47.162.124.15
829,Dinny,Strivens,dstrivensn0@mozilla.org,Female,170.74.205.99
830,Allie,Bilam,abilamn1@github.io,Male,32.25.124.191
831,Hersch,Badham,hbadhamn2@guardian.co.uk,Genderfluid,224.19.215.167
832,Penni,Platts,pplattsn3@icio.us,Female,196.244.17.46
833,Lauren,Bennison,lbennisonn4@scientificamerican.com,Male,104.86.49.41
834,Rozele,Gabb,rgabbn5@bravesites.com,Female,251.109.218.133
835,Torrie,Abramovitch,tabramovitchn6@tamu.edu,Female,216.241.213.38
836,Trenna,Rasp,traspn7@istockphoto.com,Non-binary,170.124.125.220
837,Deana,Longstreet,dlongstreetn8@cyberchimps.com,Female,183.153.163.46
838,Jack,Limpertz,jlimpertzn9@is.gd,Male,175.243.197.198
839,Abbi,Rames,aramesna@tripod.com,Female,166.76.178.103
840,Oriana,Runcieman,orunciemannb@deliciousdays.com,Female,227.20.65.221
841,Martie,Colgan,mcolgannc@chron.com,Male,144.70.122.73
842,Mendel,Labusch,mlabuschnd@businesswire.com,Male,181.93.9.197
843,Rolland,Rapkins,rrapkinsne@about.com,Male,4.223.208.143
844,Hana,Kellaway,hkellawaynf@ihg.com,Female,232.135.212.52
845,Sawyere,Silverson,ssilversonng@wufoo.com,Male,171.33.101.95
846,Kahlil,Kenworthey,kkenwortheynh@adobe.com,Male,59.221.146.108
847,Rustie,Dowthwaite,rdowthwaiteni@feedburner.com,Male,180.181.15.164
848,Nari,Klewer,nklewernj@chicagotribune.com,Genderfluid,67.8.80.232
849,Coop,Darrel,cdarrelnk@arizona.edu,Male,206.137.129.80
850,Rafe,Challener,rchallenernl@slideshare.net,Male,143.174.32.149
851,Austine,Skillings,askillingsnm@google.it,Female,136.214.10.25
852,Wolfy,Giorgioni,wgiorgioninn@friendfeed.com,Male,246.115.251.223
853,Denice,Cobelli,dcobellino@sfgate.com,Female,146.85.250.224
854,Viviene,Kelwaybamber,vkelwaybambernp@ocn.ne.jp,Female,242.55.181.234
855,Claire,Auden,caudennq@tinyurl.com,Male,76.170.73.90
856,Valenka,Humes,vhumesnr@craigslist.org,Female,224.122.232.37
857,Ruthann,Crus,rcrusns@nationalgeographic.com,Female,226.53.234.120
858,Reinaldo,Ramsdale,rramsdalent@samsung.com,Male,11.12.172.140
859,Masha,Branney,mbranneynu@amazon.com,Female,194.0.190.7
860,Tiffanie,Ference,tferencenv@cbsnews.com,Female,114.228.249.237
861,Mia,Carnduff,mcarnduffnw@weibo.com,Female,212.75.68.88
862,Katharina,Longo,klongonx@archive.org,Female,124.75.34.253
863,Guthrie,Buttfield,gbuttfieldny@miitbeian.gov.cn,Agender,108.78.23.178
864,Helenelizabeth,Dicte,hdictenz@umn.edu,Female,64.211.56.85
865,Nerta,Scadden,nscaddeno0@ihg.com,Female,175.198.144.88
866,Roma,Chastang,rchastango1@deviantart.com,Male,92.23.136.5
867,Izaak,Wandtke,iwandtkeo2@time.com,Male,121.144.177.100
868,Barclay,Rosgen,brosgeno3@cisco.com,Male,206.252.17.252
869,Annmarie,Critcher,acritchero4@google.de,Genderqueer,103.126.13.42
870,Kerrie,Marran,kmarrano5@ucoz.com,Female,100.89.121.75
871,Roi,Pryn,rpryno6@cam.ac.uk,Male,18.112.28.136
872,Alberto,Bergin,abergino7@quantcast.com,Non-binary,123.128.227.162
873,Reinaldos,Sentance,rsentanceo8@lycos.com,Male,5.39.23.4
874,Nickie,O'Growgane,nogrowganeo9@typepad.com,Male,129.131.32.175
875,Kathy,McLleese,kmclleeseoa@simplemachines.org,Female,185.233.104.254
876,Barbette,Dockwray,bdockwrayob@bravesites.com,Female,4.0.100.194
877,Milly,Gilliat,mgilliatoc@liveinternet.ru,Female,246.98.87.166
878,Ellsworth,Furby,efurbyod@bing.com,Male,71.122.229.152
879,Letta,Levison,llevisonoe@eventbrite.com,Female,34.101.146.189
880,Glendon,Norquay,gnorquayof@army.mil,Male,79.66.115.47
881,Estevan,Sexti,esextiog@gmpg.org,Male,27.184.120.205
882,Emily,Collens,ecollensoh@godaddy.com,Female,134.204.39.219
883,Robinson,Caven,rcavenoi@bbc.co.uk,Male,203.148.23.222
884,Jacynth,McPhilip,jmcphilipoj@fc2.com,Female,28.224.215.82
885,Bendick,Lascell,blascellok@archive.org,Male,129.243.219.11
886,Leoine,Heningam,lheningamol@redcross.org,Female,119.96.67.125
887,Catherine,Kenset,ckensetom@msn.com,Female,250.160.16.112
888,Nelie,Tole,ntoleon@homestead.com,Female,27.7.160.44
889,Tracie,Stutt,tstuttoo@cbsnews.com,Female,215.149.100.155
890,Aurthur,Curcher,acurcherop@cmu.edu,Male,205.82.85.246
891,Wilhelm,Mountford,wmountfordoq@whitehouse.gov,Agender,56.25.170.126
892,Elsi,Lofts,eloftsor@ning.com,Female,122.254.22.71
893,Dalenna,Sandes,dsandesos@yellowbook.com,Female,121.175.151.204
894,Nancey,Skellen,nskellenot@wisc.edu,Female,74.126.138.115
895,Thelma,Lattimer,tlattimerou@biglobe.ne.jp,Female,192.205.196.194
896,Harris,Cantero,hcanteroov@hubpages.com,Male,177.73.85.54
897,Riobard,Potte,rpotteow@netlog.com,Male,146.171.204.108
898,Estelle,Sheach,esheachox@themeforest.net,Female,30.38.131.125
899,Cariotta,Casero,ccaserooy@zdnet.com,Bigender,137.81.34.6
900,Nels,Sangwin,nsangwinoz@i2i.jp,Male,13.156.54.214
901,Timmy,Francois,tfrancoisp0@wix.com,Male,3.55.234.42
902,Shelley,Langland,slanglandp1@youtube.com,Male,149.155.141.233
903,Raffarty,Brunnstein,rbrunnsteinp2@baidu.com,Male,97.194.165.243
904,Brose,Bartels,bbartelsp3@wikia.com,Male,145.182.64.39
905,Mendel,Jimmison,mjimmisonp4@ted.com,Agender,156.132.156.81
906,Laural,Fannin,lfanninp5@oracle.com,Female,70.125.224.216
907,Elijah,Torrance,etorrancep6@yandex.ru,Male,13.49.99.130
908,Zahara,Griffith,zgriffithp7@w3.org,Female,40.87.73.208
909,Granthem,Chaimson,gchaimsonp8@wiley.com,Agender,32.255.198.22
910,Kacy,Quernel,kquernelp9@angelfire.com,Female,116.144.93.144
911,Gerri,Klossmann,gklossmannpa@digg.com,Female,196.134.42.62
912,Billy,Davidde,bdaviddepb@yellowpages.com,Male,171.148.211.153
913,Marrilee,Tapply,mtapplypc@cisco.com,Female,199.129.42.0
914,Arman,Maxstead,amaxsteadpd@prnewswire.com,Male,53.158.232.173
915,Rhona,Gurley,rgurleype@scientificamerican.com,Bigender,41.165.168.142
916,Fidole,Margach,fmargachpf@parallels.com,Male,242.208.175.223
917,Reed,Mattaser,rmattaserpg@google.ru,Non-binary,70.218.24.162
918,Eliot,Cleare,ecleareph@hatena.ne.jp,Male,231.78.235.213
919,Timothy,Grimsell,tgrimsellpi@typepad.com,Male,54.43.55.72
920,Nikolos,Hargey,nhargeypj@chicagotribune.com,Agender,21.79.229.196
921,Sigvard,Terrington,sterringtonpk@tripadvisor.com,Male,85.240.139.47
922,Ingemar,Ridett,iridettpl@angelfire.com,Male,53.205.209.216
923,Jerome,Shewsmith,jshewsmithpm@yahoo.co.jp,Male,45.240.123.116
924,Deena,Sarchwell,dsarchwellpn@youtube.com,Female,10.251.203.62
925,Ambrosio,Minshaw,aminshawpo@uol.com.br,Male,98.141.111.221
926,Francis,Wapol,fwapolpp@latimes.com,Male,120.97.28.63
927,Dalenna,Sextone,dsextonepq@youtu.be,Female,236.63.67.15
928,Harper,Riddeough,hriddeoughpr@blinklist.com,Male,143.178.140.67
929,Derrek,Adin,dadinps@howstuffworks.com,Male,230.176.88.153
930,Ina,Bahike,ibahikept@linkedin.com,Female,219.152.22.22
931,Kip,Coldbreath,kcoldbreathpu@github.io,Male,77.231.247.153
932,Mora,Cluatt,mcluattpv@dell.com,Female,59.7.216.208
933,Halsey,Meedendorpe,hmeedendorpepw@booking.com,Male,1.121.176.6
934,Ernaline,Andrys,eandryspx@hhs.gov,Female,91.171.51.201
935,Aurilia,Hamblington,ahamblingtonpy@smh.com.au,Female,28.16.92.230
936,Tersina,Tyler,ttylerpz@europa.eu,Female,99.65.39.180
937,Jack,Horrod,jhorrodq0@hatena.ne.jp,Male,164.231.111.17
938,Gal,Burren,gburrenq1@salon.com,Male,90.187.206.249
939,Allyce,Foyle,afoyleq2@artisteer.com,Female,211.102.179.68
940,Callida,Creaser,ccreaserq3@fema.gov,Female,32.173.22.59
941,Hillel,Barrows,hbarrowsq4@dell.com,Male,231.105.44.155
942,Prentice,Trencher,ptrencherq5@telegraph.co.uk,Male,160.49.105.202
943,Casandra,Rolph,crolphq6@samsung.com,Female,198.26.16.128
944,Leola,Humphrys,lhumphrysq7@abc.net.au,Female,205.111.109.28
945,Leyla,Biddleston,lbiddlestonq8@bizjournals.com,Genderfluid,122.219.131.89
946,Clifford,Masurel,cmasurelq9@domainmarket.com,Male,228.121.69.157
947,Forester,Tomadoni,ftomadoniqa@github.com,Male,9.146.236.30
948,Schuyler,Beeton,sbeetonqb@cocolog-nifty.com,Male,245.150.104.218
949,Leeland,Maughan,lmaughanqc@state.tx.us,Male,182.94.24.100
950,Coralie,Bentham3,cbenthamqd@bloomberg.com,Female,75.248.122.227
951,Bernette,Gasken,bgaskenqe@yellowpages.com,Genderfluid,86.28.53.137
952,Kerby,Illingsworth,killingsworthqf@cnbc.com,Male,212.230.143.147
953,Udell,Olekhov,uolekhovqg@feedburner.com,Male,249.181.191.184
954,Elita,Lovekin,elovekinqh@whitehouse.gov,Female,175.110.28.52
955,Penni,Castellanos,pcastellanosqi@webnode.com,Genderfluid,211.153.133.156
956,Esme,Jakoubec,ejakoubecqj@tamu.edu,Female,101.39.15.156
957,Emilee,McCrann,emccrannqk@dedecms.com,Genderfluid,15.128.44.132
958,Loralyn,Ivashinnikov,livashinnikovql@gravatar.com,Female,184.4.169.189
959,Arlyne,Blizard,ablizardqm@cnn.com,Female,195.111.135.3
960,Calvin,Bruyntjes,cbruyntjesqn@ning.com,Male,157.203.83.82
961,Emera,Valens-Smith,evalenssmithqo@about.me,Female,165.105.11.119
962,Carl,Galier,cgalierqp@tiny.cc,Male,14.170.173.248
963,Oran,Greatbach,ogreatbachqq@posterous.com,Male,105.238.136.140
964,Thaine,Wethers,twethersqr@epa.gov,Male,134.137.38.112
965,Giorgia,Cecchi,gcecchiqs@msn.com,Female,167.186.88.213
966,Audi,McCotter,amccotterqt@cdbaby.com,Female,126.190.6.35
967,Nikolas,Gerkens,ngerkensqu@phoca.cz,Male,227.149.10.22
968,Pryce,Fullun,pfullunqv@washingtonpost.com,Male,225.170.117.200
969,Emile,Sumpter,esumpterqw@myspace.com,Male,206.46.11.137
970,Aeriela,Mariet,amarietqx@craigslist.org,Female,61.135.150.180
971,Bernadine,Skipping,bskippingqy@canalblog.com,Female,119.74.8.42
972,Kalindi,Figgen,kfiggenqz@dell.com,Female,198.175.206.150
973,Smith,Seide,sseider0@ucoz.ru,Bigender,145.119.96.183
974,Sammie,Blanche,sblancher1@booking.com,Male,48.36.151.49
975,Melinda,Toke,mtoker2@comcast.net,Female,199.83.77.46
976,Marion,Grandin,mgrandinr3@amazon.de,Female,135.145.25.215
977,Rosa,Wanka,rwankar4@csmonitor.com,Female,105.194.201.137
978,Pet,Prott,pprottr5@about.me,Female,247.80.229.133
979,Jocko,Cropper,jcropperr6@bandcamp.com,Male,206.145.163.59
980,Lissa,Delort,ldelortr7@twitter.com,Female,26.148.243.32
981,Cairistiona,Napoli,cnapolir8@microsoft.com,Female,211.116.35.120
982,Millisent,Crookall,mcrookallr9@drupal.org,Bigender,249.16.214.126
983,Colette,Tunmore,ctunmorera@theglobeandmail.com,Female,184.24.3.122
984,Giulio,Thistleton,gthistletonrb@businessweek.com,Male,113.39.125.96
985,Iggie,MacMaykin,imacmaykinrc@thetimes.co.uk,Male,162.83.167.109
986,Constance,Trower,ctrowerrd@elpais.com,Female,9.31.199.47
987,Daphna,Puddicombe,dpuddicombere@bandcamp.com,Genderfluid,235.30.5.96
988,Andres,Kaasman,akaasmanrf@list-manage.com,Bigender,207.173.250.204
989,Leon,Benez,lbenezrg@intel.com,Male,255.196.2.154
990,Muffin,Highway,mhighwayrh@theglobeandmail.com,Female,7.151.207.167
991,Isadora,Cronkshaw,icronkshawri@sogou.com,Female,40.15.37.23
992,Moise,Kirckman,mkirckmanrj@eventbrite.com,Male,220.63.166.172
993,Thebault,Bowden,tbowdenrk@mtv.com,Male,46.132.24.50
994,Alleen,Glidder,aglidderrl@telegraph.co.uk,Female,66.191.114.17
995,Pen,Chaimson,pchaimsonrm@dell.com,Male,191.255.168.86
996,Zach,Charopen,zcharopenrn@multiply.com,Male,220.46.100.224
997,Annabella,Caddens,acaddensro@bloglovin.com,Female,37.154.249.46
998,Berte,Gregs,bgregsrp@unesco.org,Female,55.16.92.13
999,Quintina,Ayars,qayarsrq@omniture.com,Female,113.12.71.74
1000,Timotheus,Lenthall,tlenthallrr@illinois.edu,Male,16.86.31.122
